source,n_component_participants,participant_id,question_order,question_id,world_id,civilization,template,horizon,resolution_turn,ground_truth,bin_min,bin_max,bin_unit,observed_bin,prob_sum_pct,prob_sum_abs_error_pct,response_time_ms,mean_prediction,p10,p25,p50,p75,p90,crps,mae,normalized_crps,normalized_mae,rps,prob_true_bin,entropy,prob_bin_1,prob_bin_2,prob_bin_3,prob_bin_4,prob_bin_5
human_individual,1,human_62b8d931,1,seed1976_treasury_H1,seed1976,Afghani,treasury,H1,90,901.0,0.0,2000.0,gold,3,99.98060512024814,0.019394879751857275,85303,795.5383123181375,438.78488166725543,548.0395619922289,730.1306958671846,1006.8359374999997,1230.2884615384605,111.71364157218837,170.8693041328154,0.055856820786094184,0.0854346520664077,0.09230475059762314,0.29796314258001927,0.7018304281893428,0.04675072744907847,0.5491755577109606,0.29796314258001927,0.08069835111542187,0.025412221144519753
human_individual,1,human_62b8d931,2,seed1976_treasury_H3,seed1976,Afghani,treasury,H3,150,461.0,0.0,2000.0,gold,2,99.68968192397192,0.31031807602808215,43370,1102.7237354085603,504.05539070227513,805.0521691378365,1087.314662273476,1441.0616705698671,1735.0515463917525,392.946752761522,626.314662273476,0.196473376380761,0.313157331136738,0.18864129282805192,0.19669260700389096,0.9112634123117388,0.048832684824902696,0.19669260700389096,0.3542801556420236,0.2492217898832685,0.15097276264591425
human_individual,1,human_62b8d931,3,seed1976_treasury_H4,seed1976,Afghani,treasury,H4,180,132.0,0.0,2000.0,gold,1,99.78665632273072,0.21334367726927894,32602,1187.7551020408164,539.4179894179897,872.9588504245594,1208.9552238805973,1542.829331602855,1806.9418386491557,792.4297828002154,1076.9552238805973,0.39621489140010774,0.5384776119402986,0.4628370548552618,0.048785228377065046,0.9177483214327181,0.048785228377065046,0.14693877551020393,0.29757045675413024,0.2995140913508265,0.20719144800777425
human_individual,1,human_62b8d931,4,seed1976_treasury_H6,seed1976,Afghani,treasury,H6,240,414.0,0.0,2000.0,gold,2,99.7866563227308,0.21334367726919368,26384,1284.5481049562686,612.2529644268786,967.4764890282138,1338.1979695431478,1666.125892277742,1866.450356911097,605.564211314988,924.1979695431478,0.302782105657494,0.4620989847715739,0.29701659644838113,0.09834791059280831,0.896443205660417,0.04781341107871707,0.09834791059280831,0.2480077745383867,0.3063168124392617,0.29951409135082624
human_individual,1,human_62b8d931,5,seed1976_cities_H1,seed1976,Afghani,cities,H1,90,32.0,0.0,40.0,cities,5,99.59270752521319,0.4072924747868143,87838,19.34566699123661,11.200624512099925,16.00453661697991,19.332469215813347,22.660401814646786,27.02235469448582,9.558859280246413,12.667530784186653,0.2389714820061603,0.31668826960466634,0.43721628968199444,0.018695228821810912,0.617837769419203,0.00019474196689373902,0.2494644595910419,0.60097370983447,0.13067185978578347,0.018695228821810912
human_individual,1,human_62b8d931,6,seed1976_cities_H3,seed1976,Afghani,cities,H3,150,34.0,0.0,40.0,cities,5,99.59270752521327,0.40729247478672903,21019,26.021421616358335,17.14572864321609,20.58626465661643,26.02632862018529,31.033642125792305,36.03474903474904,4.581575988224926,7.973671379814711,0.11453939970562314,0.19934178449536777,0.19969257505956475,0.20175267770204516,0.7506015443394537,0.00019474196689373886,0.049853943524829455,0.34878286270691294,0.39941577409931867,0.20175267770204516
human_individual,1,human_62b8d931,7,seed1976_cities_H4,seed1976,Afghani,cities,H4,180,15.0,0.0,40.0,cities,2,100.17455391776569,0.1745539177656923,26171,27.907066795740565,18.258714175058103,23.059643687064295,28.198986642100415,33.33978078658929,37.33591231463571,8.958242108804646,13.198986642100415,0.22395605272011615,0.32997466605251036,0.3878712084933873,0.026331074540174124,0.7367632125131619,0.003097773475314492,0.026331074540174124,0.24995159728944835,0.42032913843175257,0.3002904162633105
human_individual,1,human_62b8d931,8,seed1976_cities_H6,seed1976,Afghani,cities,H6,240,19.0,0.0,40.0,cities,3,100.07757951900686,0.07757951900686066,21550,29.72093023255815,19.307120085015953,24.994400895856675,30.772676371780523,35.5247181266262,38.20988725065048,6.6842860764074885,11.772676371780523,0.1671071519101872,0.2943169092945131,0.20730265233459555,0.18236434108527103,0.7019919814201546,0.00019379844961227703,0.024418604651162742,0.18236434108527103,0.346124031007752,0.4468992248062019
human_individual,1,human_62b8d931,9,seed1976_techs_H1,seed1976,Afghani,techs,H1,90,24.0,0.0,60.0,techs,3,100.36850271528311,0.36850271528311396,93856,16.794202898550715,5.936902485659663,12.822179203539825,17.11559734513274,21.409015486725657,23.985066371681405,3.99985797137008,6.884402654867259,0.06666429952283466,0.11474004424778765,0.2131059768022593,0.0977777777777776,0.5035795975662485,0.20212560386473408,0.6987439613526577,0.0977777777777776,0.00019323671497571956,0.0011594202898548714
human_individual,1,human_62b8d931,10,seed1976_techs_H3,seed1976,Afghani,techs,H3,150,44.0,0.0,60.0,techs,4,100.17455391776559,0.17455391776559281,21965,22.414327202323317,13.073028237585202,16.090555014605645,21.11976630963972,28.25514138817479,34.23007712082261,16.84469992715951,22.88023369036028,0.28074499878599185,0.38133722817267135,0.32695276588925604,0.05343659244917703,0.6103213154825925,0.04666021297192634,0.5965150048402716,0.30125847047434634,0.05343659244917703,0.002129719264278633
human_individual,1,human_62b8d931,11,seed1976_techs_H4,seed1976,Afghani,techs,H4,180,46.0,0.0,60.0,techs,4,100.46547711404178,0.46547711404177505,250876,25.34362934362934,13.87773933102653,17.462514417531718,23.437139561707035,31.815657967795662,39.43186180422261,15.271043432805522,22.562860438292965,0.2545173905467587,0.3760476739715494,0.2586029389842133,0.10057915057915044,0.7003601121936202,0.021428571428571304,0.5021235521235523,0.3476833976833979,0.10057915057915044,0.02818532818532803
human_individual,1,human_62b8d931,12,seed1976_techs_H6,seed1976,Afghani,techs,H6,240,60.0,0.0,60.0,techs,5,100.46547711404185,0.4654771140418461,28197,29.444015444015434,15.425731639977915,20.57426836002208,28.518877057115184,36.081474296799186,45.12512124151307,24.55228255099118,31.481122942884816,0.40920470918318635,0.5246853823814136,0.3952358901924543,0.05231660231660214,0.752644756993265,0.0001930501930500673,0.34961389961390005,0.39884169884169923,0.19903474903474863,0.05231660231660214
human_individual,1,human_62b8d931,13,seed1327_treasury_H1,seed1327,Italian Greek,treasury,H1,90,364.0,0.0,2000.0,gold,1,99.78665632273079,0.2133436772692079,34808,848.3965014577258,442.5515363671724,562.6215480357838,762.7382341501361,1074.37745740498,1428.9628180039135,281.248922793599,398.7382341501361,0.1406244613967995,0.19936911707506805,0.2855100057515718,0.046841593780369145,0.7730462890500227,0.046841593780369145,0.49970845481049586,0.2965986394557824,0.09931972789115635,0.05753158406219622
human_individual,1,human_62b8d931,14,seed1327_treasury_H3,seed1327,Italian Greek,treasury,H3,150,485.0,0.0,2000.0,gold,2,100.17455391776566,0.17455391776566387,43858,1108.0348499515974,501.5904572564615,805.3858967240425,1092.1710161021658,1453.5798583792289,1749.878934624697,370.9756800728828,607.1710161021658,0.18548784003644142,0.3035855080510829,0.19063274009946696,0.19477250726040654,0.9164852486708853,0.05053242981606957,0.19477250726040654,0.3486931268151016,0.24607938044530525,0.15992255566311706
human_individual,1,human_62b8d931,15,seed1327_treasury_H4,seed1327,Italian Greek,treasury,H4,180,304.0,0.0,2000.0,gold,1,100.46547711404179,0.46547711404178926,23141,1188.0308880308876,539.3085787451982,870.0195950359235,1208.3333333333326,1545.572916666666,1809.2081031307548,619.7492493176119,904.3333333333326,0.30987462465880594,0.4521666666666663,0.462556880860452,0.04749034749034741,0.9184757203286167,0.04749034749034741,0.15077220077220127,0.29555984555984566,0.29652509652509634,0.2096525096525093
human_individual,1,human_62b8d931,16,seed1327_treasury_H6,seed1327,Italian Greek,treasury,H6,240,161.0,0.0,2000.0,gold,1,99.59270752521331,0.4072924747866864,32821,1286.2706913339825,611.4624505928863,966.6927899686525,1340.0389357560027,1672.0945083014049,1868.837803320562,859.1050693181984,1179.0389357560027,0.4295525346590992,0.5895194678780014,0.5235355716966161,0.04790652385589083,0.8967546928188759,0.04790652385589083,0.09853943524829581,0.24849074975657254,0.30009737098344724,0.3049659201557935
human_individual,1,human_62b8d931,17,seed1327_cities_H1,seed1327,Italian Greek,cities,H1,90,10.0,0.0,40.0,cities,2,100.2715283165244,0.271528316524396,35058,18.91682785299807,10.584139264990334,14.584139264990336,18.886919532080825,22.552286423254163,27.113069016152696,5.302667224281311,8.886919532080825,0.13256668060703278,0.22217298830202062,0.12723671756039354,0.2999999999999998,0.6545814420056013,0.0030947775628625447,0.2999999999999998,0.545647969052225,0.13172147001934228,0.019535783365570415
human_individual,1,human_62b8d931,18,seed1327_cities_H3,seed1327,Italian Greek,cities,H3,150,18.0,0.0,40.0,cities,3,99.78665632273075,0.21334367726925052,18567,25.59766763848397,17.016456921587615,20.00484027105518,25.13679508654383,30.882188721384708,36.02702702702704,4.077452774981367,7.136795086543831,0.10193631937453418,0.17841987716359578,0.08621549411101385,0.401554907677357,0.7536537750445715,0.0021379980563652344,0.046841593780369166,0.401554907677357,0.34810495626822113,0.2013605442176874
human_individual,1,human_62b8d931,19,seed1327_cities_H4,seed1327,Italian Greek,cities,H4,180,19.0,0.0,40.0,cities,3,100.4654771140418,0.4654771140418035,23688,27.33590733590734,17.906250000000007,21.95312500000001,27.492739593417237,32.73492286115007,37.09396914446003,4.7254864705768584,8.492739593417237,0.11813716176442146,0.21231848983543095,0.13277697857813703,0.2965250965250963,0.7428664730610658,0.003088803088802966,0.026254826254826148,0.2965250965250963,0.3988416988416994,0.27528957528957515
human_individual,1,human_62b8d931,20,seed1327_cities_H6,seed1327,Italian Greek,cities,H6,240,22.0,0.0,40.0,cities,3,99.68968192397202,0.31031807602798267,20334,29.229571984435804,19.086614173228355,24.60431654676259,29.88694758478931,35.0,38.0,4.415219914057505,7.886947584789311,0.11038049785143762,0.19717368961973278,0.19169537010401366,0.19766536964980588,0.7133767815499947,0.001167315175097074,0.022568093385213796,0.19766536964980588,0.3785992217898833,0.39999999999999997
human_individual,1,human_62b8d931,21,seed1327_techs_H1,seed1327,Italian Greek,techs,H1,90,19.0,0.0,60.0,techs,2,100.07757951900687,0.07757951900687488,135666,16.2674418604651,4.852664576802503,12.049763033175353,16.635071090047386,21.220379146919424,23.971563981042646,2.1548033695345357,2.3649289099526136,0.03591338949224226,0.03941548183254356,0.017713826167297636,0.6542635658914732,0.5392417163586145,0.24728682170542657,0.6542635658914732,0.09515503875968982,0.002131782945736267,0.0011627906976742178
human_individual,1,human_62b8d931,22,seed1327_techs_H3,seed1327,Italian Greek,techs,H3,150,35.0,0.0,60.0,techs,3,99.88363072148942,0.11636927851057521,18530,22.252427184466008,13.040954530796519,16.03031280232183,21.01257658819735,28.027343749999986,34.06249999999999,8.002112095896493,13.987423411802649,0.13336853493160822,0.23312372353004415,0.10683584692242447,0.2982524271844658,0.6003771096899417,0.04776699029126206,0.6021359223300975,0.2982524271844658,0.05165048543689312,0.00019417475728142705
human_individual,1,human_62b8d931,23,seed1327_techs_H4,seed1327,Italian Greek,techs,H4,180,48.0,0.0,60.0,techs,5,99.88363072148942,0.11636927851057521,20986,25.5378640776699,13.936087295401407,17.548713951675765,23.569758378799694,31.987750556792868,39.961612284069076,16.991227847953702,24.430241621200306,0.28318713079922836,0.40717069368667175,0.4890349231784335,0.03223300970873771,0.7046356050456737,0.01961165048543672,0.498252427184466,0.3487378640776704,0.10116504854368917,0.03223300970873771
human_individual,1,human_62b8d931,24,seed1327_techs_H6,seed1327,Italian Greek,techs,H6,240,55.0,0.0,60.0,techs,5,99.59270752521319,0.4072924747868143,20785,29.462512171372932,15.433835845896152,20.594639865996655,28.52626459143969,36.03857566765577,45.18100890207714,19.541193756232047,26.47373540856031,0.32568656260386747,0.4412289234760051,0.39468195147758345,0.05374878286270681,0.7534416859307361,0.00019474196689373902,0.3487828627069133,0.4003894839337881,0.19688412852969805,0.05374878286270681
human_individual,1,human_a8c76b64,1,seed1327_treasury_H1,seed1327,Italian Greek,treasury,H1,90,364.0,0.0,2000.0,gold,1,99.54411892318,0.4558810768200061,38656,1268.0265463918402,478.91214724520574,880.2648054659073,1365.7869486088612,1713.8890897897174,1885.5556359158868,592.4563387854257,1001.7869486088612,0.29622816939271285,0.5008934743044305,0.4922650395538049,0.07198732112628539,0.9267123896503374,0.07198732112628539,0.14199425488534786,0.1794979693991318,0.2570056460609509,0.3495148085282841
human_individual,1,human_a8c76b64,2,seed1327_treasury_H3,seed1327,Italian Greek,treasury,H3,150,485.0,0.0,2000.0,gold,2,99.54411892318001,0.4558810768199919,24469,1240.0237728882155,297.41211609655613,714.3145939471001,1421.8255499911177,1769.8627057547562,1907.9450823019024,449.0670774060431,936.8255499911177,0.22453353870302156,0.46841277499555883,0.26533030424737614,0.14699475015385224,0.9121234105744332,0.13449351198259127,0.14699475015385224,0.13699375961684346,0.14699475015385224,0.43452322809286076
human_individual,1,human_a8c76b64,3,seed1327_treasury_H4,seed1327,Italian Greek,treasury,H4,180,304.0,0.0,2000.0,gold,1,99.54411892318011,0.45588107681989243,48808,1183.0181268272636,303.0457667478953,705.527969306966,1280.220052255165,1701.0582442993596,1880.4232977197437,518.5033269119327,976.220052255165,0.25925166345596634,0.4881100261275825,0.41691764478913323,0.13199326434833894,0.9636502855829753,0.13199326434833894,0.15449549305660967,0.17199722649637503,0.2070006933759057,0.33451332272277057
human_individual,1,human_a8c76b64,4,seed1327_treasury_H6,seed1327,Italian Greek,treasury,H6,240,161.0,0.0,2000.0,gold,1,99.7930038710214,0.2069961289786022,12818,1132.6814376915213,342.7592126970796,697.7934152972841,1200.4045516314502,1590.4738995229366,1835.99473624434,644.2994308884912,1039.4045516314502,0.3221497154442456,0.5197022758157251,0.39648261559923353,0.11669999964479676,0.9792506386073321,0.11669999964479676,0.17905029931186514,0.2039904191786921,0.2563646708990297,0.24389461096561627
human_individual,1,human_a8c76b64,5,seed1327_cities_H1,seed1327,Italian Greek,cities,H1,90,10.0,0.0,40.0,cities,2,100.0000000000001,9.947598300641403e-14,23963,22.111771700356726,5.850434782608697,12.853503184713388,22.947368421052644,32.02843601895735,36.81137440758294,6.886805826519249,12.947368421052644,0.17217014566298122,0.32368421052631613,0.19084034492655702,0.18668252080856082,0.9882328101467369,0.13674197384066586,0.18668252080856082,0.2033293697978598,0.2223543400713438,0.25089179548156976
human_individual,1,human_a8c76b64,6,seed1327_cities_H3,seed1327,Italian Greek,cities,H3,150,18.0,0.0,40.0,cities,3,99.7621878715815,0.23781212841849708,14865,26.216924910607865,9.62891566265061,18.932515337423315,28.655737704918025,35.10787172011661,38.04314868804664,5.258258635238102,10.655737704918025,0.13145646588095256,0.2663934426229506,0.1496311375850414,0.194278903456496,0.8989641310006019,0.07985697258641232,0.09892729439809293,0.194278903456496,0.2181168057210968,0.40882002383790195
human_individual,1,human_a8c76b64,7,seed1327_cities_H4,seed1327,Italian Greek,cities,H4,180,19.0,0.0,40.0,cities,3,100.0,0.0,30904,23.48156956004758,5.560330578512411,13.534883720930264,25.245033112582803,34.25938566552902,37.703754266211604,4.607193764484403,6.245033112582803,0.11517984411211009,0.15612582781457007,0.12729240570579448,0.174791914387634,0.9612529516819845,0.143876337693222,0.153388822829964,0.174791914387634,0.179548156956005,0.34839476813317505
human_individual,1,human_a8c76b64,8,seed1327_cities_H6,seed1327,Italian Greek,cities,H6,240,22.0,0.0,40.0,cities,3,99.7621878715814,0.23781212841859656,38687,22.231227651966627,5.736752136752149,13.047619047619051,22.445595854922278,32.79828326180258,37.11931330472103,3.3194880391215644,0.4455958549222778,0.0829872009780391,0.011139896373056946,0.10072081952378178,0.2300357568533969,0.982122192805176,0.13945172824791388,0.1752085816448156,0.2300357568533969,0.17759237187127516,0.27771156138259845
human_individual,1,human_a8c76b64,9,seed1327_techs_H1,seed1327,Italian Greek,techs,H1,90,19.0,0.0,60.0,techs,2,100.2378121284186,0.23781212841859656,50213,36.06405693950178,9.454205607476633,23.422018348623894,39.424657534246585,50.4566037735849,56.182641509433964,10.426334824873267,20.424657534246585,0.17377224708122113,0.3404109589041097,0.2494406521362869,0.12930011862396157,0.957719363608845,0.12692763938315543,0.12930011862396157,0.16963226571767512,0.25978647686832773,0.3143534994068801
human_individual,1,human_a8c76b64,10,seed1327_techs_H3,seed1327,Italian Greek,techs,H3,150,35.0,0.0,60.0,techs,3,99.76218787158152,0.23781212841848287,256120,38.55303933253874,16.13831775700935,28.104294478527606,41.0204081632653,50.91335740072202,56.365342960288814,5.094068933003681,6.0204081632653015,0.08490114888339467,0.10034013605442169,0.13323157001993116,0.19427890345649598,0.9119573271373068,0.056019070321811644,0.12753277711561384,0.19427890345649598,0.29201430274135864,0.33015494636471987
human_individual,1,human_a8c76b64,11,seed1327_techs_H4,seed1327,Italian Greek,techs,H4,180,48.0,0.0,60.0,techs,5,100.47562425683721,0.4756242568372073,14041,34.71479289940829,11.142857142857151,22.090909090909093,36.443349753694605,48.83259911894274,55.5330396475771,6.761106352253241,11.556650246305395,0.11268510587088734,0.19261083743842325,0.21609397430061952,0.2686390532544381,0.9732472931342129,0.10769230769230762,0.16923076923076927,0.21420118343195227,0.2402366863905327,0.2686390532544381
human_individual,1,human_a8c76b64,12,seed1327_techs_H6,seed1327,Italian Greek,techs,H6,240,55.0,0.0,60.0,techs,5,100.2378121284187,0.23781212841869603,44606,33.701067615658374,8.79652173913044,19.609271523178812,36.02955665024631,48.45205479452055,55.38082191780822,11.160917086423805,18.970443349753687,0.18601528477373008,0.31617405582922814,0.22887459209820873,0.2597864768683275,0.9843097226828624,0.1364175563463819,0.17912218268090155,0.1838671411625148,0.24080664294187432,0.2597864768683275
human_individual,1,human_a8c76b64,13,seed1976_treasury_H1,seed1976,Afghani,treasury,H1,90,901.0,0.0,2000.0,gold,3,99.54411892318012,0.4558810768198782,9669,1331.0327867749963,467.3392118047639,968.9224137025188,1484.0494176011805,1768.5308316380617,1907.4123326552246,281.3426156288164,583.0494176011805,0.1406713078144082,0.2915247088005902,0.1683341194961942,0.14449450251959986,0.8862742157681391,0.08198831166329426,0.10699078800581699,0.14449450251959986,0.2345034173526808,0.432022980458608
human_individual,1,human_a8c76b64,14,seed1976_treasury_H3,seed1976,Afghani,treasury,H3,150,461.0,0.0,2000.0,gold,2,100.2907737667042,0.2907737667042056,12941,1284.8915302882915,487.9138344873957,922.2077225280468,1383.6167899994193,1721.6972142290335,1888.6788856916135,515.7515320243283,922.6167899994193,0.25787576601216416,0.46130839499970966,0.29255093340167754,0.11860241991763117,0.9181634111252311,0.07393301621389194,0.11860241991763117,0.18808815901233625,0.26005553164613787,0.35932087321000283
human_individual,1,human_a8c76b64,15,seed1976_treasury_H4,seed1976,Afghani,treasury,H4,180,132.0,0.0,2000.0,gold,1,100.0418888188629,0.04188881886290119,16085,1325.4052033803428,490.8800172724913,1012.907351007473,1447.9775201491054,1736.923280525335,1894.769312210134,887.6676160910988,1315.9775201491054,0.4438338080455494,0.6579887600745528,0.5362053583803614,0.07411694731616712,0.8837305377647832,0.07411694731616712,0.11392186516085753,0.11640967252615061,0.31543426174960115,0.3801172532472236
human_individual,1,human_a8c76b64,16,seed1976_treasury_H6,seed1976,Afghani,treasury,H6,240,414.0,0.0,2000.0,gold,2,100.29077376670433,0.2907737667043335,9627,1216.3984446092252,441.70293818072423,859.9413667364166,1290.9608487068717,1642.7405231040439,1857.0962092416173,499.7455381874292,876.9608487068717,0.2498727690937146,0.43848042435343587,0.2543297124522635,0.13101058761311388,0.9468456787245062,0.0863411839093749,0.13101058761311388,0.21786776148149584,0.28487186703710426,0.2799085999589111
human_individual,1,human_a8c76b64,17,seed1976_cities_H1,seed1976,Afghani,cities,H1,90,32.0,0.0,40.0,cities,5,99.9999999999999,9.947598300641403e-14,37143,23.57669441141498,7.393406593406584,14.963503649635037,25.20574162679426,33.07818930041152,37.23127572016461,4.363835004789118,6.794258373205739,0.10909587511972796,0.16985645933014348,0.20118948480165594,0.2889417360285373,0.9676852696178306,0.1082045184304401,0.16290130796670615,0.1914387633769322,0.24851367419738424,0.2889417360285373
human_individual,1,human_a8c76b64,18,seed1976_cities_H3,seed1976,Afghani,cities,H3,150,34.0,0.0,40.0,cities,5,100.2378121284186,0.23781212841859656,13702,24.51720047449585,8.323664122137405,16.042553191489358,26.57534246575343,33.824175824175825,37.52967032967033,4.501663688748948,7.42465753424657,0.1125415922187237,0.18561643835616426,0.1753474640786098,0.3238434163701068,0.9478919648171882,0.09371293001186237,0.15539739027283522,0.16725978647686796,0.25978647686832773,0.3238434163701068
human_individual,1,human_a8c76b64,19,seed1976_cities_H4,seed1976,Afghani,cities,H4,180,15.0,0.0,40.0,cities,2,99.5243757431629,0.47562425683709364,34072,21.586618876941465,7.523595505618012,13.144385026737977,21.906735751295344,30.19512195121952,35.89202453987731,4.221158004077595,6.906735751295344,0.10552895010193988,0.17266839378238358,0.17294335033380018,0.2234169653524496,0.9783681397167635,0.10633213859020263,0.2234169653524496,0.23058542413381108,0.24492234169653518,0.19474313022700146
human_individual,1,human_a8c76b64,20,seed1976_cities_H6,seed1976,Afghani,cities,H6,240,19.0,0.0,40.0,cities,3,99.99999999999994,5.684341886080802e-14,10363,23.919143876337685,8.189312977099233,15.89312977099235,25.761316872427965,32.71861471861471,37.08744588744588,4.190737185661695,6.761316872427965,0.10476842964154238,0.16903292181069912,0.11648199230574532,0.1843043995243761,0.9570826420197132,0.09631391200951255,0.1557669441141501,0.1843043995243761,0.2889417360285372,0.2746730083234242
human_individual,1,human_a8c76b64,21,seed1976_techs_H1,seed1976,Afghani,techs,H1,90,24.0,0.0,60.0,techs,3,99.7621878715815,0.23781212841849708,8703,30.97258641239572,7.804651162790719,17.29508196721313,30.97297297297299,45.068571428571445,53.97125748502995,6.018607793619999,6.97297297297299,0.10031012989366665,0.1162162162162165,0.0919272191055531,0.22050059594755636,0.9951465286652745,0.1537544696066742,0.2181168057210968,0.22050059594755636,0.20858164481525646,0.19904648390941618
human_individual,1,human_a8c76b64,22,seed1976_techs_H3,seed1976,Afghani,techs,H3,150,44.0,0.0,60.0,techs,4,100.0,0.0,14669,36.19262782401901,12.100763358778625,23.65648854961831,38.35359116022097,50.82545454545455,56.33018181818181,5.615355105915557,5.646408839779028,0.09358925176525928,0.09410681399631712,0.0977458040015214,0.215219976218787,0.9557272625747155,0.098692033293698,0.15576694411414999,0.20332936979785998,0.215219976218787,0.326991676575505
human_individual,1,human_a8c76b64,23,seed1976_techs_H4,seed1976,Afghani,techs,H4,180,46.0,0.0,60.0,techs,4,99.76218787158145,0.23781212841855393,15699,38.352800953516095,13.137391304347826,25.90510948905109,42.19672131147541,52.39577039274924,56.9583081570997,5.162558502184809,3.8032786885245926,0.08604264170308015,0.06338797814207654,0.09086921685814169,0.2181168057210969,0.9194716637624233,0.0870083432657926,0.13706793802145426,0.1632896305125146,0.2181168057210969,0.3945172824791417
human_individual,1,human_a8c76b64,24,seed1976_techs_H6,seed1976,Afghani,techs,H6,240,60.0,0.0,60.0,techs,5,99.52437574316296,0.4756242568370368,11400,40.17921146953405,17.660606060606067,29.14035087719298,43.55932203389831,52.88668555240793,57.15467422096317,11.225987877807675,16.44067796610169,0.18709979796346127,0.27401129943502817,0.1243168053396596,0.4217443249701316,0.8745276021111137,0.044205495818398985,0.11827956989247312,0.20430107526881738,0.2114695340501789,0.4217443249701316
human_individual,1,human_4b5ba0fb,1,seed1327_treasury_H1,seed1327,Italian Greek,treasury,H1,90,364.0,0.0,2000.0,gold,1,99.95522722184924,0.044772778150758086,36006,790.3695408734603,210.86186540732004,474.42985487214935,782.9993089149967,1059.3116164720345,1335.8885017421603,231.46104534524122,418.99930891499673,0.11573052267262061,0.20949965445749835,0.22779074273088315,0.18969764837625971,0.8630985393854101,0.18969764837625971,0.32407614781634936,0.3643896976483763,0.06427771556550951,0.05755879059350509
human_individual,1,human_4b5ba0fb,2,seed1327_treasury_H3,seed1327,Italian Greek,treasury,H3,150,485.0,0.0,2000.0,gold,2,99.50749944034027,0.4925005596597316,46830,663.4420697412822,151.0620220900594,377.6550552251485,617.0212765957444,895.0361944157183,1170.8376421923476,118.93339404229742,132.02127659574444,0.059466697021148714,0.06601063829787222,0.04240523787170021,0.4335208098987628,0.8152803298195636,0.2647919010123736,0.4335208098987628,0.21754780652418407,0.04656917885264351,0.03757030371203604
human_individual,1,human_4b5ba0fb,3,seed1327_treasury_H4,seed1327,Italian Greek,treasury,H4,180,304.0,0.0,2000.0,gold,1,99.5074994403402,0.49250055965980266,51732,1071.9910011248592,408.6741016109042,739.1573729863686,1058.9390962671903,1452.5909592061737,1771.1711711711707,492.7636504967384,754.9390962671903,0.2463818252483692,0.3774695481335951,0.3782568095748434,0.09606299212598443,0.9513021297906935,0.09606299212598443,0.18155230596175492,0.3435320584926883,0.2040494938132734,0.174803149606299
human_individual,1,human_4b5ba0fb,4,seed1327_treasury_H6,seed1327,Italian Greek,treasury,H6,240,161.0,0.0,2000.0,gold,1,100.1790911126035,0.1790911126035013,41448,1114.4134078212292,333.33333333333394,711.5127175368137,1201.8745493871663,1524.5133381398703,1791.1318553092183,636.9253331648333,1040.8745493871663,0.3184626665824167,0.5204372746935831,0.39275066321275864,0.1199999999999998,0.9702078330667697,0.1199999999999998,0.1669273743016763,0.21162011173184367,0.30994413407821203,0.1915083798882682
human_individual,1,human_4b5ba0fb,5,seed1327_cities_H1,seed1327,Italian Greek,cities,H1,90,10.0,0.0,40.0,cities,2,99.50749944034033,0.49250055965967476,95772,20.467941507311586,9.357649442755823,14.76190476190476,20.290990486849466,26.291793313069903,31.69604863221884,6.009484824826831,10.290990486849466,0.1502371206206708,0.2572747621712367,0.15568832158072474,0.22204724409448826,0.8863401896279774,0.06231721034870647,0.22204724409448826,0.4020247469066366,0.22204724409448826,0.09156355455568051
human_individual,1,human_4b5ba0fb,6,seed1327_cities_H3,seed1327,Italian Greek,cities,H3,150,18.0,0.0,40.0,cities,3,99.95522722184909,0.044772778150914405,27889,23.22508398656215,11.112443778110936,17.470217238962856,23.7281009110021,29.5939751146038,34.563165905631664,3.296024854865344,5.728100911002102,0.08240062137163359,0.14320252277505255,0.07481092834776898,0.3195968645016796,0.8887500093686088,0.041881298992161385,0.14938409854423296,0.3195968645016796,0.34199328107502774,0.14714445688689834
human_individual,1,human_4b5ba0fb,7,seed1327_cities_H4,seed1327,Italian Greek,cities,H4,180,19.0,0.0,40.0,cities,3,100.40295500335797,0.40295500335797385,28786,24.102564102564106,10.65667166416791,17.89968652037617,25.695722793719547,30.552246886843534,35.44091486658196,3.595770323487208,6.695722793719547,0.0898942580871802,0.16739306984298868,0.10449907967720977,0.21337792642140446,0.8914584170701759,0.0506131549609812,0.1487179487179487,0.21337792642140446,0.41181716833890725,0.17547380156075848
human_individual,1,human_4b5ba0fb,8,seed1327_cities_H6,seed1327,Italian Greek,cities,H6,240,22.0,0.0,40.0,cities,3,100.40295500335804,0.4029550033580449,123089,21.890746934225195,9.11415525114155,16.4968152866242,21.69079328314997,28.713339640491963,34.77729257641923,2.3100192717678896,0.3092067168500314,0.05775048179419724,0.007730167921250785,0.05803004937802089,0.3850613154960981,0.9185266222070699,0.07959866220735788,0.14648829431438135,0.3850613154960981,0.23567447045707862,0.15317725752508404
human_individual,1,human_4b5ba0fb,9,seed1327_techs_H1,seed1327,Italian Greek,techs,H1,90,19.0,0.0,60.0,techs,2,100.402955003358,0.4029550033580023,63059,26.842809364548497,9.492063492063489,15.41602465331279,22.326656394453018,38.254113345521034,52.05022156573115,4.651466471058135,3.3266563944530176,0.07752444118430225,0.05544427324088363,0.0765941593991617,0.43411371237458146,0.9098016388614544,0.1264214046822743,0.43411371237458146,0.1665551839464885,0.12196209587513984,0.15094760312151587
human_individual,1,human_4b5ba0fb,10,seed1327_techs_H3,seed1327,Italian Greek,techs,H3,150,35.0,0.0,60.0,techs,3,99.95522722184919,0.04477277815081493,161575,39.83650615901456,13.011925042589434,29.169381107491915,44.64422341239481,52.82538832351366,57.13015532940547,6.059174615553778,9.644223412394808,0.10098624359256297,0.1607370568732468,0.18416011556851922,0.06875699888017918,0.8637865350159029,0.0889137737961927,0.1314669652855539,0.06875699888017918,0.29272116461366193,0.41814109742441224
human_individual,1,human_4b5ba0fb,11,seed1327_techs_H4,seed1327,Italian Greek,techs,H4,180,48.0,0.0,60.0,techs,5,100.1790911126035,0.1790911126035013,64796,29.919553072625693,5.386158475426279,13.724911452184177,31.531100478468886,44.874686716791985,53.34572490706321,9.577265401315687,16.468899521531114,0.15962109002192812,0.2744816586921852,0.2990469710683188,0.18033519553072633,0.9857985363681241,0.2227932960893855,0.18927374301676,0.1401117318435753,0.26748603351955286,0.18033519553072633
human_individual,1,human_4b5ba0fb,12,seed1327_techs_H6,seed1327,Italian Greek,techs,H6,240,55.0,0.0,60.0,techs,5,100.1790911126036,0.17909111260360078,27757,31.743016759776538,11.498929336188416,17.189781021897808,28.34938101788171,49.80637813211845,55.922551252847384,12.4461771312647,26.65061898211829,0.20743628552107832,0.4441769830353048,0.2669470990293686,0.2943016759776536,0.9261511113385311,0.10435754189944153,0.3367597765363127,0.16245810055865884,0.10212290502793336,0.2943016759776536
human_individual,1,human_4b5ba0fb,13,seed1976_treasury_H1,seed1976,Afghani,treasury,H1,90,901.0,0.0,2000.0,gold,3,99.50749944034024,0.49250055965976003,54613,798.4251968503936,421.93857199840437,528.320702034304,705.6242520941364,1019.5353748680039,1396.714579055441,127.18765714682418,195.3757479058636,0.06359382857341209,0.0976878739529318,0.10779809722884752,0.21304836895388085,0.7564138944157721,0.06906636670416207,0.5640044994375703,0.21304836895388085,0.10956130483689525,0.04431946006749158
human_individual,1,human_4b5ba0fb,14,seed1976_treasury_H3,seed1976,Afghani,treasury,H3,150,461.0,0.0,2000.0,gold,2,100.40295500335796,0.40295500335795964,13928,732.4414715719065,408.7029995775242,522.3912125052809,711.8715673848754,949.2843808338521,1116.7392657125079,145.7415659573439,250.87156738487545,0.07287078297867196,0.1254357836924377,0.03895873647945775,0.5277591973244145,0.6401214857445694,0.0885172798216278,0.5277591973244145,0.3583054626532887,0.014938684503901968,0.010479375696767098
human_individual,1,human_4b5ba0fb,15,seed1976_treasury_H4,seed1976,Afghani,treasury,H4,180,132.0,0.0,2000.0,gold,1,99.7313633310947,0.2686366689053017,18481,1022.446689113356,536.7660343270101,778.2294489611568,1000.0000000000002,1228.1213535589266,1540.0233372228706,679.1176758908783,868.0000000000002,0.3395588379454392,0.4340000000000001,0.39676311689031496,0.015039281705948445,0.7880881292418921,0.015039281705948445,0.2484848484848481,0.4729517396184066,0.19236812570145898,0.07115600448933797
human_individual,1,human_4b5ba0fb,16,seed1976_treasury_H6,seed1976,Afghani,treasury,H6,240,414.0,0.0,2000.0,gold,2,99.50749944034028,0.4925005596597174,23909,1115.185601799775,443.2357043235701,808.7409783480351,1165.1964715316765,1467.935871743487,1711.8314424635337,436.49328624012105,751.1964715316765,0.21824664312006054,0.37559823576583823,0.2060010426143302,0.16130483689538797,0.9304038451854225,0.08256467941507328,0.16130483689538797,0.280539932508436,0.3367829021372331,0.13880764904386955
human_individual,1,human_4b5ba0fb,17,seed1976_cities_H1,seed1976,Afghani,cities,H1,90,32.0,0.0,40.0,cities,5,100.40295500335806,0.4029550033580591,21238,16.129319955406913,8.593301435406698,10.574162679425838,13.875598086124404,20.063532401524785,29.348946135831387,11.23905172805953,18.124401913875595,0.28097629320148826,0.45311004784688985,0.5017591152969951,0.06845039018952061,0.7307648905648919,0.055072463768116024,0.605797101449275,0.1754738015607583,0.09520624303233,0.06845039018952061
human_individual,1,human_4b5ba0fb,18,seed1976_cities_H3,seed1976,Afghani,cities,H3,150,34.0,0.0,40.0,cities,5,100.40295500335802,0.4029550033580165,22453,18.305462653288743,8.36256448047163,12.328666175386882,18.102266736953084,22.83078545071166,30.240631163708102,11.076314601703416,15.897733263046916,0.2769078650425854,0.3974433315761729,0.4182663877734401,0.07513935340022294,0.8561907119748067,0.08628762541806019,0.30256410256410265,0.4229654403567442,0.1130434782608699,0.07513935340022294
human_individual,1,human_4b5ba0fb,19,seed1976_cities_H4,seed1976,Afghani,cities,H4,180,15.0,0.0,40.0,cities,2,99.95522722184916,0.04477277815084335,16980,21.27211646136618,11.49432739059967,17.13718570798412,21.076312307013676,26.042590949423257,30.796805678793262,3.7327764002680404,6.076312307013676,0.093319410006701,0.1519078076753419,0.19506595406101204,0.13818589025755879,0.7863311969400244,0.03964165733482654,0.13818589025755879,0.5077267637178048,0.25240761478163504,0.06203807390817476
human_individual,1,human_4b5ba0fb,20,seed1976_cities_H6,seed1976,Afghani,cities,H6,240,19.0,0.0,40.0,cities,3,100.40295500335797,0.40295500335797385,15834,27.027870680044593,18.693877551020407,24.688682490540078,27.77433780529756,30.85999312005504,34.925035360678926,5.2967179326133795,8.77433780529756,0.1324179483153345,0.219358445132439,0.16948865846641048,0.14202898550724596,0.6449399655617363,0.03277591973244153,0.01939799331103693,0.14202898550724596,0.648160535117057,0.15763656633221862
human_individual,1,human_4b5ba0fb,21,seed1976_techs_H1,seed1976,Afghani,techs,H1,90,24.0,0.0,60.0,techs,3,99.50749944034038,0.4925005596596179,18521,21.361079865016883,12.63068716661437,15.141198619391279,19.32538437401946,23.50957012864764,34.78391959798998,2.854061521917713,4.67461562598054,0.04756769203196188,0.077910260433009,0.15497664872880745,0.13430821147356614,0.5909752060786676,0.06231721034870644,0.716985376827896,0.13430821147356614,0.05106861642294724,0.03532058492688425
human_individual,1,human_4b5ba0fb,22,seed1976_techs_H3,seed1976,Afghani,techs,H3,150,44.0,0.0,60.0,techs,4,99.95522722184911,0.04477277815088598,21681,23.28107502799552,13.488817891373802,16.341853035143767,21.096911608093713,28.71273712737127,35.9728997289973,16.042814618561522,22.903088391906287,0.26738024364269203,0.3817181398651048,0.30940831325890433,0.08443449048152302,0.6159077994701161,0.021724524076147847,0.6309070548712208,0.2479283314669649,0.08443449048152302,0.01500559910414341
human_individual,1,human_4b5ba0fb,23,seed1976_techs_H4,seed1976,Afghani,techs,H4,180,46.0,0.0,60.0,techs,4,100.1790911126036,0.17909111260360078,26900,33.27150837988826,24.747200542925004,27.48048863250763,32.03596878181201,37.730883813306846,45.729890764647465,8.072843539404694,13.96403121818799,0.13454739232341156,0.2327338536364665,0.13042832620704733,0.22502793296089346,0.6000180017582613,0.008268156424581131,0.05072625698324035,0.6585474860335195,0.22502793296089346,0.05743016759776545
human_individual,1,human_4b5ba0fb,24,seed1976_techs_H6,seed1976,Afghani,techs,H6,240,60.0,0.0,60.0,techs,5,99.73136333109471,0.2686366689052875,30978,36.249158249158256,9.265164644714048,26.86602870813398,40.091055168719876,47.24959828602035,54.63791374122368,15.080051077007434,19.908944831280124,0.2513341846167906,0.33181574718800205,0.19840845164451593,0.22379349046015704,0.9024539742169875,0.12951739618406272,0.0868686868686869,0.14074074074074056,0.4190796857463528,0.22379349046015704
human_individual,1,human_98154a6d,1,seed1976_treasury_H1,seed1976,Afghani,treasury,H1,90,901.0,0.0,2000.0,gold,3,100.10509721492373,0.10509721492373103,40671,785.1268591426073,202.48007085916777,452.84266196562396,704.7157338034378,1106.55737704918,1473.1082654249128,155.45345253029785,196.28426619656216,0.07772672626514893,0.09814213309828108,0.10908508483683624,0.20279965004374495,0.9008804649569152,0.19755030621172318,0.3970253718285216,0.20279965004374495,0.1503062117235342,0.052318460192476025
human_individual,1,human_98154a6d,2,seed1976_treasury_H3,seed1976,Afghani,treasury,H3,150,461.0,0.0,2000.0,gold,2,100.45542126466984,0.45542126466983746,30185,979.0758500435923,396.2003454231449,694.9956859361523,998.2448442299257,1280.1268498942923,1522.6215644820297,304.61720837861543,537.2448442299257,0.15230860418930772,0.26862242211496284,0.14709670578416542,0.20209241499564104,0.8828877330502664,0.10095902353966832,0.20209241499564104,0.3973844812554488,0.24742807323452512,0.05213600697471669
human_individual,1,human_98154a6d,3,seed1976_treasury_H4,seed1976,Afghani,treasury,H4,180,132.0,0.0,2000.0,gold,1,100.2802592397967,0.2802592397967061,52759,1134.8471615720528,395.50949913644314,792.2899884925218,1190.4761904761908,1528.8404944084753,1797.1656333038084,710.936329105114,1058.4761904761908,0.35546816455255703,0.5292380952380954,0.4122443889323243,0.10113537117903905,0.9607867762455904,0.10113537117903905,0.15179039301310004,0.25310043668122306,0.2967685589519656,0.1972052401746722
human_individual,1,human_98154a6d,4,seed1976_treasury_H6,seed1976,Afghani,treasury,H6,240,414.0,0.0,2000.0,gold,2,100.45542126466982,0.45542126466982324,37898,1293.6355710549262,586.4176570458411,989.991296779809,1366.1830915457729,1662.448499117128,1864.979399646851,608.1883897771869,952.1830915457729,0.30409419488859346,0.4760915457728864,0.30514092712956525,0.10270270270270226,0.8932397392148568,0.052136006974716695,0.10270270270270226,0.20034873583260715,0.34856146469049687,0.2962510897994771
human_individual,1,human_98154a6d,5,seed1976_cities_H1,seed1976,Afghani,cities,H1,90,32.0,0.0,40.0,cities,5,100.28025923979673,0.2802592397967345,34783,18.057641921397376,9.174587293646821,12.61130565282641,17.820163487738416,22.277150642273252,28.14940577249575,9.990921974643356,14.179836512261584,0.2497730493660839,0.3544959128065396,0.44477130489502503,0.050480349344978234,0.7822202137165222,0.04873362445414851,0.3491703056768561,0.4487336244541485,0.10288209606986864,0.050480349344978234
human_individual,1,human_98154a6d,6,seed1976_cities_H3,seed1976,Afghani,cities,H3,150,34.0,0.0,40.0,cities,5,100.28025923979673,0.2802592397967345,21740,22.794759825327514,10.671378091872793,17.35685367264315,23.979178716020822,28.986456968108342,31.987767584097856,6.830090345148879,10.020821283979178,0.17075225862872195,0.25052053209947944,0.27598703304666206,0.09938864628820959,0.8645002266598965,0.050480349344978234,0.14829694323144077,0.30200873362445435,0.3998253275109171,0.09938864628820959
human_individual,1,human_98154a6d,7,seed1976_cities_H4,seed1976,Afghani,cities,H4,180,15.0,0.0,40.0,cities,2,100.28025923979672,0.2802592397967203,35825,26.861135371179042,12.126537785588749,21.431897555296867,28.624312156078044,34.32887568103021,37.731550272412086,7.611519765380624,13.624312156078044,0.1902879941345156,0.3406078039019511,0.3362533513853665,0.0993886462882096,0.8675490457718416,0.048733624454148514,0.0993886462882096,0.1500436681222704,0.34917030567685614,0.35266375545851536
human_individual,1,human_98154a6d,8,seed1976_cities_H6,seed1976,Afghani,cities,H6,240,19.0,0.0,40.0,cities,3,100.28025923979673,0.2802592397967345,19851,27.61572052401747,16.041426927502872,23.94706559263523,29.00394910048267,34.30064708810354,37.72025883524142,5.882127483006999,10.003949100482671,0.14705318707517498,0.2500987275120668,0.1740888999065618,0.15179039301310002,0.8191085462290114,0.04873362445414851,0.050480349344978234,0.15179039301310002,0.3980786026200875,0.35091703056768575
human_individual,1,human_98154a6d,9,seed1976_techs_H1,seed1976,Afghani,techs,H1,90,24.0,0.0,60.0,techs,3,100.45542126466982,0.45542126466982324,43096,21.588491717523972,3.42558486809358,8.56396217023395,19.1591382904795,32.9894644424934,44.0256111757858,5.034723621437735,4.8408617095204995,0.08391206035729558,0.08068102849200832,0.13169725959612613,0.1986050566695732,0.9135806249414734,0.35030514385353084,0.250915431560593,0.1986050566695732,0.1497820401046203,0.05039232781168267
human_individual,1,human_98154a6d,10,seed1976_techs_H3,seed1976,Afghani,techs,H3,150,44.0,0.0,60.0,techs,4,99.92993519005071,0.07006480994928665,20624,22.848378615249782,6.0637732506643145,13.55832241153343,21.035386631716914,31.279069767441857,42.06112054329371,13.668815176658407,22.964613368283086,0.22781358627764012,0.38274355613805144,0.279839516822198,0.10324276950043786,0.8792537626211666,0.19789658194566137,0.40122699386503075,0.24872918492550447,0.10324276950043786,0.04890446976336551
human_individual,1,human_98154a6d,11,seed1976_techs_H4,seed1976,Afghani,techs,H4,180,46.0,0.0,60.0,techs,4,100.2802592397968,0.28025923979680556,21073,31.04803493449782,11.865284974093306,20.900783289817237,31.828637147786083,41.805149210064364,47.83499122293739,8.041437728395513,14.171362852213917,0.1340239621399252,0.23618938087023195,0.11931667969718347,0.2985152838427949,0.9330519426494576,0.10113537117903895,0.20069868995633225,0.3037554585152838,0.2985152838427949,0.09589519650655018
human_individual,1,human_98154a6d,12,seed1976_techs_H6,seed1976,Afghani,techs,H6,240,60.0,0.0,60.0,techs,5,99.75477316517782,0.24522683482217644,23887,38.44951712028095,18.236135957066203,30.06471095772218,40.49801674746584,48.04408677396782,55.21763470958713,13.872905588810253,19.50198325253416,0.23121509314683755,0.32503305420890266,0.17703290087804013,0.2509218612818263,0.8780530006589333,0.04899034240561894,0.09815627743634753,0.2035118525021951,0.39841966637401205,0.2509218612818263
human_individual,1,human_98154a6d,13,seed1327_treasury_H1,seed1327,Italian Greek,treasury,H1,90,364.0,0.0,2000.0,gold,1,100.45542126466984,0.45542126466983746,32638,856.320836965998,442.24701808387834,574.6440938822623,795.3058868795688,1083.628094997473,1396.5457685664937,290.8879722931957,431.3058868795688,0.14544398614659784,0.2156529434397844,0.29197633947472224,0.05213600697471669,0.7818956183888094,0.05213600697471669,0.45318221447253737,0.345074106364429,0.10095902353966832,0.04864864864864864
human_individual,1,human_98154a6d,14,seed1327_treasury_H3,seed1327,Italian Greek,treasury,H3,150,485.0,0.0,2000.0,gold,2,100.28025923979683,0.280259239796834,33731,1013.9737991266377,473.2453092425295,711.952744961779,995.6121105748135,1293.6786654960495,1595.2589991220366,295.95665974828165,510.6121105748135,0.14797832987414083,0.25530605528740674,0.145746229095555,0.2513537117903931,0.8821301742264933,0.053973799126637516,0.2513537117903931,0.3980786026200871,0.19895196506550256,0.09764192139737977
human_individual,1,human_98154a6d,15,seed1327_treasury_H4,seed1327,Italian Greek,treasury,H4,180,304.0,0.0,2000.0,gold,1,100.2802592397968,0.28025923979680556,25860,1294.8471615720528,858.345715700842,1028.4794452699357,1298.8204456094368,1548.929663608563,1798.9464442493422,800.1632044860012,994.8204456094368,0.4000816022430006,0.49741022280471836,0.5698491638222003,0.012052401746724872,0.7638922066842148,0.012052401746724872,0.03650655021834064,0.3526637554585151,0.3998253275109168,0.1989519650655026
human_individual,1,human_98154a6d,16,seed1327_treasury_H6,seed1327,Italian Greek,treasury,H6,240,161.0,0.0,2000.0,gold,1,99.57961114030476,0.42038885969523676,25667,1383.4652594547053,896.7563837129054,1132.16011042098,1403.637938501516,1667.349327091867,1866.9397308367468,1023.6204409058996,1242.637938501516,0.5118102204529498,0.6213189692507579,0.623506365019582,0.010378188214599782,0.7599698934738635,0.010378188214599782,0.02796833773087072,0.2548812664907653,0.4061565523306945,0.30061565523306966
human_individual,1,human_98154a6d,17,seed1327_cities_H1,seed1327,Italian Greek,cities,H1,90,10.0,0.0,40.0,cities,2,100.45542126466975,0.4554212646697522,33864,21.185701830863128,10.675305975521962,15.629949604031687,20.78636959370905,26.858929812369706,31.64141765114663,6.640918638422059,10.78636959370905,0.1660229659605515,0.2696592398427263,0.1673585008919825,0.24219703574542256,0.8370763100289129,0.01900610287707061,0.24219703574542256,0.399128160418483,0.2509154315605932,0.08875326939843071
human_individual,1,human_98154a6d,18,seed1327_cities_H3,seed1327,Italian Greek,cities,H3,150,18.0,0.0,40.0,cities,3,100.28025923979678,0.28025923979677714,28925,23.68908296943232,16.13857532113663,18.812767613857535,23.269754768392374,28.789394697348683,32.71860095389509,3.0399217328809423,5.2697547683923744,0.07599804332202356,0.13174386920980935,0.05788394576762465,0.44873362445414827,0.7650351185583291,0.015545851528384214,0.0766812227074235,0.44873362445414827,0.3491703056768559,0.10986899563318807
human_individual,1,human_98154a6d,19,seed1327_cities_H4,seed1327,Italian Greek,cities,H4,180,19.0,0.0,40.0,cities,3,100.28025923979685,0.2802592397968482,25052,26.98689956331878,17.211103938024532,21.646223369916072,27.40934906072521,32.608134280180764,37.04325371207231,4.629836242099851,8.409349060725209,0.11574590605249628,0.21023372651813022,0.13154813981426744,0.2705676855895199,0.7862441311236168,0.00855895196506542,0.05048034934497817,0.2705676855895199,0.39982532751091665,0.2705676855895199
human_individual,1,human_98154a6d,20,seed1327_cities_H6,seed1327,Italian Greek,cities,H6,240,22.0,0.0,40.0,cities,3,100.28025923979678,0.28025923979677714,39046,29.292576419213972,19.533527696793,24.989125706829054,29.969551979121356,34.975866608161475,37.99034664326459,4.526507526547998,7.969551979121356,0.11316268816369994,0.19923879947803388,0.19964356133559613,0.17973799126637588,0.7039944760571558,0.015545851528384214,0.005065502183406087,0.17973799126637588,0.40157205240174654,0.3980786026200873
human_individual,1,human_98154a6d,21,seed1327_techs_H1,seed1327,Italian Greek,techs,H1,90,19.0,0.0,60.0,techs,2,99.92993519005078,0.0700648099492156,16606,33.21822962313761,22.64440078585462,26.966553112418705,32.2669557138433,39.56659619450318,46.80338266384777,9.524136285406165,13.266955713843302,0.15873560475676943,0.22111592856405504,0.22574440367437582,0.08921998247151619,0.7202186595031835,0.02085889570552148,0.08921998247151619,0.565994741454864,0.2487291849255043,0.07519719544259419
human_individual,1,human_98154a6d,22,seed1327_techs_H3,seed1327,Italian Greek,techs,H3,150,35.0,0.0,60.0,techs,3,99.9299351900508,0.07006480994920139,19260,37.90885188431201,24.20979020979021,29.73372781065089,38.43041351711872,46.040462427745666,53.53541076487252,3.489780987336515,3.4304135171187227,0.058163016455608584,0.05717355861864538,0.0949284151162818,0.3258545135845749,0.8100559216476226,0.012094653812445203,0.08220858895705517,0.3258545135845749,0.3942156003505697,0.185626643295355
human_individual,1,human_98154a6d,23,seed1327_techs_H4,seed1327,Italian Greek,techs,H4,180,48.0,0.0,60.0,techs,5,100.28025923979682,0.28025923979681977,22748,39.45327510917031,24.031413612565444,30.026178010471206,39.99421631000579,49.95026331187829,55.98010532475132,4.871512936626986,8.00578368999421,0.08119188227711643,0.13342972816657017,0.16541263515188492,0.29851528384279485,0.8385861204791155,0.01205240174672487,0.08716157205240169,0.30026200873362446,0.30200873362445413,0.29851528384279485
human_individual,1,human_98154a6d,24,seed1327_techs_H6,seed1327,Italian Greek,techs,H6,240,55.0,0.0,60.0,techs,5,99.92993519005073,0.07006480994927244,20665,43.104294478527606,26.922252010723863,36.05580693815989,44.6606334841629,52.55545889517182,57.02218355806873,5.899652202693681,10.3393665158371,0.09832753671156134,0.17232277526395165,0.10524011027121523,0.4029798422436459,0.7663003482050218,0.010341805433829936,0.041893076248904496,0.19614373356704617,0.3486415425065735,0.4029798422436459
human_individual,1,human_b408cdd6,1,seed1327_treasury_H1,seed1327,Italian Greek,treasury,H1,90,364.0,0.0,2000.0,gold,1,100.19577681443154,0.1957768144315395,71914,925.1919050942076,445.8289334741288,597.1488912354803,866.7301285102326,1211.8030412744379,1523.099203475742,331.09338138985044,502.7301285102326,0.16554669069492522,0.2513650642551163,0.3161214401440668,0.05457083042568037,0.8553534763874495,0.05457083042568037,0.39651081646894665,0.2932309839497559,0.1927424982554078,0.06294487090020932
human_individual,1,human_b408cdd6,2,seed1327_treasury_H3,seed1327,Italian Greek,treasury,H3,150,485.0,0.0,2000.0,gold,2,100.05593623269475,0.0559362326947479,81838,769.1125087351506,161.60361377752704,402.83886445421865,688.9244302279092,1112.419700214133,1491.722169362512,164.94771184497267,203.92443022790917,0.08247385592248634,0.10196221511395459,0.06753822833817033,0.34954577218728167,0.9216177561892603,0.24751921733053778,0.34954577218728167,0.19580712788259969,0.14689028651292815,0.06023759608665275
human_individual,1,human_b408cdd6,3,seed1327_treasury_H4,seed1327,Italian Greek,treasury,H4,180,304.0,0.0,2000.0,gold,1,100.47545797790508,0.47545797790508004,58182,782.32428670842,136.14400757934618,340.36001894836545,725.4255903349805,1170.9102482495223,1513.0787977254265,236.96154018230118,421.4255903349805,0.11848077009115059,0.21071279516749025,0.19060823673382007,0.29380654140570656,0.9420508765117256,0.29380654140570656,0.25344467640918583,0.2186499652052888,0.1713291579679886,0.06276965901183024
human_individual,1,human_b408cdd6,4,seed1327_treasury_H6,seed1327,Italian Greek,treasury,H6,240,161.0,0.0,2000.0,gold,1,99.77625506922111,0.22374493077889213,42367,556.5522074281712,96.06193200942454,240.15483002356132,498.14890991361614,791.6495269436444,1086.9809992962705,193.8779463756299,337.14890991361614,0.09693897318781496,0.16857445495680806,0.10048636541541184,0.4163980378416254,0.7581419452285324,0.4163980378416254,0.3407147862648919,0.19915907498248045,0.022564821303433846,0.021163279607568395
human_individual,1,human_b408cdd6,5,seed1327_cities_H1,seed1327,Italian Greek,cities,H1,90,10.0,0.0,40.0,cities,2,99.6364144874844,0.36358551251559845,37632,19.93263157894737,6.256860592755226,11.90903986524425,19.910162829870856,27.955706984667806,33.60269360269362,5.444148544411763,9.910162829870856,0.13610371361029408,0.24775407074677142,0.1394073007079101,0.24996491228070195,0.9702462498916637,0.12785964912280678,0.24996491228070195,0.24996491228070195,0.2471578947368417,0.12505263157894755
human_individual,1,human_b408cdd6,6,seed1327_cities_H3,seed1327,Italian Greek,cities,H3,150,18.0,0.0,40.0,cities,3,99.63641448748423,0.363585512515769,41266,18.641403508771926,8.536238749407861,12.586451918522025,18.805256869772997,24.662273476112023,29.357495881383855,2.2014838149926392,0.8052568697729967,0.05503709537481598,0.020131421744324918,0.0554711480455525,0.35242105263157897,0.8349103008811641,0.08014035087719308,0.296280701754386,0.35242105263157897,0.2555789473684209,0.015578947368421036
human_individual,1,human_b408cdd6,7,seed1327_cities_H4,seed1327,Italian Greek,cities,H4,180,19.0,0.0,40.0,cities,3,100.19577681443155,0.1957768144315537,80689,16.103279832519185,2.7153008053055436,6.788252013263858,14.609769792251534,24.524776604386656,31.509341998375305,3.803460148384764,4.390230207748466,0.0950865037096191,0.10975575519371165,0.11453311899893306,0.19553384508025135,0.9591889509064366,0.29462665736217714,0.24856943475226848,0.19553384508025135,0.17180739706908535,0.0894626657362177
human_individual,1,human_b408cdd6,8,seed1327_cities_H6,seed1327,Italian Greek,cities,H6,240,22.0,0.0,40.0,cities,3,100.4754579779052,0.47545797790519373,23151,15.089770354906054,2.4765187419215877,6.191296854803969,13.52525801195003,22.763611302549958,30.375350140056025,4.468133098309972,8.47474198804997,0.11170332745774929,0.21186854970124927,0.12315666724294647,0.20194850382741836,0.9359885667013235,0.32303409881697953,0.2562282533054979,0.20194850382741836,0.14906054279749453,0.06972860125260967
human_individual,1,human_b408cdd6,9,seed1327_techs_H1,seed1327,Italian Greek,techs,H1,90,19.0,0.0,60.0,techs,2,100.47545797790517,0.4754579779051653,57051,29.181628392484352,14.193571176262807,18.761921582479697,27.186167693036495,38.199105145413895,47.8434004474273,4.926945065747299,8.186167693036495,0.08211575109578832,0.1364361282172749,0.10629203150265228,0.3940153096729293,0.849508699755568,0.027974947807933175,0.3940153096729293,0.29380654140570633,0.18663883089770394,0.0975643702157272
human_individual,1,human_b408cdd6,10,seed1327_techs_H3,seed1327,Italian Greek,techs,H3,150,35.0,0.0,60.0,techs,3,100.33561739616832,0.3356173961683169,30942,28.478048780487804,14.490812830893802,18.51292432264092,25.832942280619427,35.93383388080714,47.00258397932818,4.875973345630112,9.167057719380573,0.08126622242716854,0.15278429532300955,0.0689793975888988,0.2970034843205572,0.7841548481706379,0.0071080139372822326,0.4475261324041813,0.2970034843205572,0.1618118466898955,0.08655052264808373
human_individual,1,human_b408cdd6,11,seed1327_techs_H4,seed1327,Italian Greek,techs,H4,180,48.0,0.0,60.0,techs,5,99.91609565095791,0.08390434904208632,38247,25.801259622113353,14.220900594732367,17.86321155480033,23.93372982158028,32.119877441593246,39.73461012311898,16.91767397961381,24.06627017841972,0.2819612329935635,0.401104502973662,0.48708008311292506,0.029531140657802633,0.6798134592037298,0.008537438768369559,0.4941917424772573,0.36543037088873326,0.10230930720783721,0.029531140657802633
human_individual,1,human_b408cdd6,12,seed1327_techs_H6,seed1327,Italian Greek,techs,H6,240,55.0,0.0,60.0,techs,5,100.19577681443164,0.19577681443163897,33414,26.365666434054436,14.354384914696197,18.214606405267883,24.80490523968785,32.79264214046823,41.01292596944772,23.040936923806147,30.19509476031215,0.3840156153967691,0.5032515793385358,0.47198261105854467,0.03084438241451505,0.6986791540104899,0.00851360781577117,0.46629448709002086,0.37557571528262385,0.11877180739706915,0.03084438241451505
human_individual,1,human_b408cdd6,13,seed1976_treasury_H1,seed1976,Afghani,treasury,H1,90,901.0,0.0,2000.0,gold,3,100.19577681443148,0.19577681443148265,136749,486.950453593859,80.48301039033976,201.20752597584936,403.4663442160417,692.2611850060459,1010.8949416342421,269.3241003071491,497.5336557839583,0.13466205015357455,0.24876682789197915,0.24014791411105682,0.10760642009769697,0.6991825820791635,0.496999302163294,0.3462665736217722,0.10760642009769697,0.040614096301465556,0.008513607815771184
human_individual,1,human_b408cdd6,14,seed1976_treasury_H3,seed1976,Afghani,treasury,H3,150,461.0,0.0,2000.0,gold,2,100.3356173961684,0.33561739616840214,46290,551.7770034843204,115.21477318346041,288.03693295865094,523.1676495366469,724.65599550688,1034.732272069465,92.87613611759247,62.16764953664688,0.04643806805879623,0.03108382476832344,0.037188141169614816,0.49630662020905897,0.706111889653151,0.34717770034843226,0.49630662020905897,0.09630662020905927,0.050313588850174173,0.009895470383275295
human_individual,1,human_b408cdd6,15,seed1976_treasury_H4,seed1976,Afghani,treasury,H4,180,132.0,0.0,2000.0,gold,1,100.19577681443147,0.19577681443146844,53393,983.251919050942,502.8062970568102,797.0568104038326,996.1443128614706,1193.472872486918,1450.5860579888956,664.7269022021433,864.1443128614706,0.3323634511010716,0.43207215643073527,0.38150138617737894,0.047592463363573034,0.7545458850549548,0.047592463363573034,0.20390788555478026,0.5067690160502442,0.226238660153524,0.015491974877878565
human_individual,1,human_b408cdd6,16,seed1976_treasury_H6,seed1976,Afghani,treasury,H6,240,414.0,0.0,2000.0,gold,2,99.63641448748427,0.36358551251572635,55971,1034.8070175438597,587.7587758775876,850.1701125359853,1036.639623135305,1246.6948704389217,1472.765732416711,443.5522340443488,622.6396231353051,0.2217761170221744,0.31131981156765254,0.18695788242536165,0.15592982456140345,0.7069798155995564,0.026807017543859724,0.15592982456140345,0.5362807017543856,0.26540350877193014,0.015578947368421029
human_individual,1,human_b408cdd6,17,seed1976_cities_H1,seed1976,Afghani,cities,H1,90,32.0,0.0,40.0,cities,5,99.77625506922121,0.22374493077879265,72230,21.9957953749124,11.62248438584316,16.853464596743652,22.25672093903824,27.659977281332825,30.901931086709578,5.975721601468965,9.743279060961761,0.14939304003672413,0.24358197652404404,0.32139614963986674,0.049194113524877375,0.7752407405641899,0.008549404344779316,0.20196215837421175,0.3701471618780658,0.3701471618780658,0.049194113524877375
human_individual,1,human_b408cdd6,18,seed1976_cities_H3,seed1976,Afghani,cities,H3,150,34.0,0.0,40.0,cities,5,100.33561739616839,0.3356173961683879,46618,20.89198606271777,9.672404219877842,14.453081621321484,21.326577614002765,27.50102417042196,31.028267103646044,8.48199673783302,12.673422385997235,0.2120499184458255,0.3168355596499309,0.33470325000910534,0.05867595818815327,0.861578057356696,0.04752613240418125,0.25101045296167257,0.30257839721254326,0.34020905923344974,0.05867595818815327
human_individual,1,human_b408cdd6,19,seed1976_cities_H4,seed1976,Afghani,cities,H4,180,15.0,0.0,40.0,cities,2,100.4754579779052,0.47545797790519373,33953,21.503131524008353,6.599311136624584,12.623360399750164,21.634192331866746,30.838168923275294,36.34118395926161,4.337994231631343,6.634192331866746,0.10844985579078356,0.16585480829666865,0.17039449502631754,0.22282533054975656,0.9863904732371483,0.12122477383437692,0.22282533054975656,0.2214335421016009,0.21586638830897717,0.21864996520528854
human_individual,1,human_b408cdd6,20,seed1976_cities_H6,seed1976,Afghani,cities,H6,240,19.0,0.0,40.0,cities,3,99.77625506922121,0.22374493077879265,47768,18.88997897687456,3.478366849482022,8.741077222582735,18.20128479657387,28.835562549173883,35.544106167056995,3.45182114604734,0.7987152034261307,0.08629552865118349,0.019967880085653266,0.10298763117354812,0.19635599159074973,0.9968155652088005,0.22999299229152076,0.21597757533286624,0.19635599159074973,0.1781359495444985,0.17953749124036472
human_individual,1,human_b408cdd6,21,seed1976_techs_H1,seed1976,Afghani,techs,H1,90,24.0,0.0,60.0,techs,3,99.6364144874843,0.36358551251569793,64730,21.562105263157903,6.01688951442647,13.200499861149689,19.13635101360734,27.708933717579278,42.06946454413894,3.86567618410999,4.863648986392661,0.06442793640183317,0.08106081643987768,0.1403765343182516,0.14610526315789504,0.8248915752373358,0.19943859649122775,0.5054035087719297,0.14610526315789504,0.0969824561403509,0.052070175438596544
human_individual,1,human_b408cdd6,22,seed1976_techs_H3,seed1976,Afghani,techs,H3,150,44.0,0.0,60.0,techs,4,99.91609565095796,0.08390434904204369,37061,25.851644506648007,13.231855408076814,16.863880259813612,22.917255012708274,33.665568369028016,43.89184234647114,11.300152999715898,21.082744987291726,0.1883358833285983,0.35137908312152877,0.23518389199825068,0.15269419174247753,0.7931350049521514,0.049125262421273665,0.49559132260321903,0.2548635409377183,0.15269419174247753,0.047725682295311454
human_individual,1,human_b408cdd6,23,seed1976_techs_H4,seed1976,Afghani,techs,H4,180,46.0,0.0,60.0,techs,4,99.6364144874842,0.3635855125157974,35704,30.74105263157895,15.885916203937409,22.359919232710762,30.47126026419136,38.97274103987884,45.446744068652194,8.981669199054712,15.528739735808639,0.14969448665091187,0.258812328930144,0.13715991381963685,0.27803508771929797,0.7799907388137832,0.009964912280701798,0.27803508771929797,0.39312280701754426,0.27803508771929797,0.04084210526315799
human_individual,1,human_b408cdd6,24,seed1976_techs_H6,seed1976,Afghani,techs,H6,240,60.0,0.0,60.0,techs,5,100.1957768144316,0.19577681443159634,40044,39.345429169574324,23.209840810419678,32.691766361717114,40.729372007885104,46.78259645170375,53.99161425576521,14.184795262247881,19.270627992114896,0.23641325437079802,0.32117713320191493,0.18617061011770678,0.19972086531751612,0.7839775325324783,0.009909281228192636,0.09644103279832521,0.19832519190509387,0.49560362875087216,0.19972086531751612
human_individual,1,human_458490b6,1,seed1327_treasury_H1,seed1327,Italian Greek,treasury,H1,90,364.0,0.0,2000.0,gold,1,100.24038461538471,0.24038461538471267,76591,1140.0479616306955,601.8604651162785,887.7659574468083,1109.5744680851064,1439.8058252427188,1735.2380952380954,554.3045546267198,745.5744680851064,0.2771522773133599,0.3727872340425532,0.45208437566493564,0.047961630695443624,0.8512512723326147,0.047961630695443624,0.10311750599520413,0.4508393285371699,0.2470023980815347,0.15107913669064765
human_individual,1,human_458490b6,2,seed1327_treasury_H3,seed1327,Italian Greek,treasury,H3,150,485.0,0.0,2000.0,gold,2,100.00000000000006,5.684341886080802e-14,40240,1281.730769230769,596.0000000000002,1004.8780487804878,1353.2934131736524,1603.8095238095234,1841.5238095238096,535.7240020307817,868.2934131736524,0.2678620010153908,0.4341467065868262,0.30453870423446744,0.09615384615384605,0.8789576858992711,0.05288461538461537,0.09615384615384605,0.1971153846153849,0.40144230769230776,0.25240384615384587
human_individual,1,human_458490b6,3,seed1327_treasury_H4,seed1327,Italian Greek,treasury,H4,180,304.0,0.0,2000.0,gold,1,99.51923076923083,0.48076923076916955,26080,1257.971014492754,594.2857142857152,958.8235294117654,1314.2857142857147,1595.918367346939,1837.6470588235297,693.5447779111652,1010.2857142857147,0.3467723889555826,0.5051428571428573,0.5105938878386896,0.05072463768115945,0.8955378061221912,0.05072463768115945,0.10144927536231832,0.24637681159420305,0.35507246376811613,0.24637681159420305
human_individual,1,human_458490b6,4,seed1327_treasury_H6,seed1327,Italian Greek,treasury,H6,240,161.0,0.0,2000.0,gold,1,99.51923076923083,0.48076923076916955,26239,1323.6714975845407,806.7469879518073,1106.0240963855422,1379.6791443850268,1601.923076923077,1840.7692307692307,970.9950503783956,1218.6791443850268,0.4854975251891978,0.6093395721925134,0.5697463768115942,0.048309178743961345,0.8207646687977389,0.048309178743961345,0.048309178743961345,0.20048309178743973,0.4516908212560386,0.2512077294685989
human_individual,1,human_458490b6,5,seed1327_cities_H1,seed1327,Italian Greek,cities,H1,90,10.0,0.0,40.0,cities,2,100.24038461538473,0.24038461538472689,47462,18.004796163069546,5.295238095238091,11.203883495145629,18.035928143712574,23.029940119760482,31.869767441860454,4.3343258631271455,8.035928143712574,0.10835814657817863,0.20089820359281435,0.10884386016366765,0.24700239808153465,0.9069841414368733,0.15107913669064763,0.24700239808153465,0.40047961630695433,0.10311750599520411,0.09832134292565936
human_individual,1,human_458490b6,6,seed1327_cities_H3,seed1327,Italian Greek,cities,H3,150,18.0,0.0,40.0,cities,3,99.51923076923066,0.4807692307693401,24400,20.19323671497585,7.885714285714313,13.857142857142861,20.438356164383563,26.905660377358497,31.592452830188687,2.7407925266772515,2.4383561643835634,0.06851981316693129,0.06095890410958908,0.05703166935050995,0.3526570048309178,0.9223972024402518,0.1014492753623185,0.202898550724638,0.3526570048309178,0.25603864734299514,0.0869565217391306
human_individual,1,human_458490b6,7,seed1327_cities_H4,seed1327,Italian Greek,cities,H4,180,19.0,0.0,40.0,cities,3,99.51923076923082,0.48076923076918376,21468,25.256038647343,12.076190476190497,20.048780487804894,26.70967741935484,31.161290322580648,36.05714285714286,4.031936757708595,7.70967741935484,0.10079841894271488,0.192741935483871,0.12281500151695492,0.19806763285024181,0.8588878985533703,0.04830917874396135,0.10144927536231833,0.19806763285024181,0.4492753623188408,0.20289855072463767
human_individual,1,human_458490b6,8,seed1327_cities_H6,seed1327,Italian Greek,cities,H6,240,22.0,0.0,40.0,cities,3,100.48076923076914,0.48076923076914113,20973,25.569377990430624,11.77142857142858,19.90361445783133,27.006060606060604,32.11320754716981,36.845283018867924,3.225125608043543,5.006060606060604,0.08062814020108858,0.1251515151515151,0.12771141915249185,0.19856459330143583,0.8833611864345332,0.05263157894736849,0.10047846889952117,0.19856459330143583,0.3947368421052631,0.2535885167464114
human_individual,1,human_458490b6,9,seed1327_techs_H1,seed1327,Italian Greek,techs,H1,90,19.0,0.0,60.0,techs,2,100.24038461538467,0.24038461538467004,42535,20.99280575539569,4.765714285714291,11.914285714285729,19.437125748503,28.794117647058826,36.70909090909092,3.053143407912975,0.437125748503,0.05088572346521625,0.0072854291417166666,0.049370575482060385,0.40047961630695456,0.8474308483874097,0.25179856115107885,0.40047961630695456,0.24460431654676273,0.052757793764987994,0.05035971223021586
human_individual,1,human_458490b6,10,seed1327_techs_H3,seed1327,Italian Greek,techs,H3,150,35.0,0.0,60.0,techs,3,99.51923076923069,0.48076923076931166,34860,31.159420289855074,14.150400000000001,20.112,30.0,41.717647058823545,51.579661016949174,4.657735146560322,5.0,0.0776289191093387,0.08333333333333333,0.06609547480688002,0.3043478260869564,0.9119716578321905,0.045893719806763295,0.30193236714975846,0.3043478260869564,0.20531400966183583,0.142512077294686
human_individual,1,human_458490b6,11,seed1327_techs_H4,seed1327,Italian Greek,techs,H4,180,48.0,0.0,60.0,techs,5,99.75961538461539,0.2403846153846132,23693,33.75903614457832,15.253012048192769,24.16666666666666,34.04761904761905,44.1219512195122,52.21875,7.815853676028154,13.952380952380949,0.13026422793380257,0.2325396825396825,0.26992306575700387,0.15421686746987967,0.9156661761882656,0.04578313253012046,0.20000000000000023,0.3036144578313249,0.2963855421686748,0.15421686746987967
human_individual,1,human_458490b6,12,seed1327_techs_H6,seed1327,Italian Greek,techs,H6,240,55.0,0.0,60.0,techs,5,100.48076923076928,0.48076923076928324,20780,40.56459330143541,24.54285714285715,33.5,42.25149700598803,50.27906976744187,56.11162790697675,7.378730499134619,12.748502994011972,0.12297884165224365,0.21247504990019953,0.1433832787710904,0.30861244019138756,0.8281490615252052,0.04545454545454541,0.04545454545454541,0.20095693779904303,0.3995215311004786,0.30861244019138756
human_individual,1,human_458490b6,13,seed1976_treasury_H1,seed1976,Afghani,treasury,H1,90,901.0,0.0,2000.0,gold,3,99.75961538461539,0.2403846153846132,29449,752.2891566265058,199.99999999999977,449.4047619047617,696.4285714285711,1027.3584905660373,1369.2307692307688,145.4788893496441,204.5714285714289,0.07273944467482206,0.10228571428571445,0.10685876034257527,0.2554216867469877,0.8698660309735546,0.20000000000000023,0.4048192771084339,0.2554216867469877,0.09397590361445783,0.04578313253012046
human_individual,1,human_458490b6,14,seed1976_treasury_H3,seed1976,Afghani,treasury,H3,150,461.0,0.0,2000.0,gold,2,99.51923076923079,0.4807692307692122,43308,837.6811594202902,271.4754098360664,515.6462585034017,797.2789115646259,1130.6451612903227,1457.7777777777778,198.0662707106464,336.2789115646259,0.0990331353553232,0.16813945578231296,0.0776593386076688,0.3550724637681163,0.8939942253256061,0.1473429951690817,0.3550724637681163,0.2995169082125603,0.15217391304347855,0.04589371980676325
human_individual,1,human_458490b6,15,seed1976_treasury_H4,seed1976,Afghani,treasury,H4,180,132.0,0.0,2000.0,gold,1,100.00000000000003,2.842170943040401e-14,22899,1095.192307692308,496.9411764705882,790.5882352941179,1079.4520547945212,1435.2941176470597,1731.6129032258073,712.7596329702897,947.4520547945212,0.35637981648514483,0.4737260273972606,0.40863217686760367,0.05048076923076928,0.9140324018106928,0.05048076923076928,0.20432692307692293,0.3509615384615379,0.2451923076923079,0.14903846153846195
human_individual,1,human_458490b6,16,seed1976_treasury_H6,seed1976,Afghani,treasury,H6,240,414.0,0.0,2000.0,gold,2,100.24038461538474,0.2403846153847411,26456,1237.8896882494003,592.5581395348833,956.3106796116502,1299.4011976047905,1549.1017964071857,1799.0361445783137,572.9659990608623,885.4011976047905,0.2864829995304311,0.4427005988023952,0.279544709556096,0.1031175059952041,0.881020984519694,0.050359712230215826,0.1031175059952041,0.24700239808153462,0.4004796163069543,0.1990407673860911
human_individual,1,human_458490b6,17,seed1976_cities_H1,seed1976,Afghani,cities,H1,90,32.0,0.0,40.0,cities,5,100.24038461538461,0.2403846153846132,30082,20.115107913669068,10.187951807228913,16.08612440191387,20.07655502392344,24.164705882352937,30.05176470588235,7.900511423911244,11.92344497607656,0.1975127855977811,0.298086124401914,0.3799866581554901,0.050359712230215896,0.7971275092895322,0.045563549160671436,0.1990407673860914,0.501199040767386,0.20383693045563542,0.050359712230215896
human_individual,1,human_458490b6,18,seed1976_cities_H3,seed1976,Afghani,cities,H3,150,34.0,0.0,40.0,cities,5,99.75961538461553,0.2403846153844711,33267,23.681927710843375,16.072289156626507,19.07228915662651,24.07228915662651,29.07228915662651,32.27906976744188,6.293269823479957,9.92771084337349,0.15733174558699892,0.24819277108433724,0.26543910582087366,0.10361445783132554,0.7829489770745496,0.05060240963855421,0.04578313253012039,0.3999999999999999,0.3999999999999999,0.10361445783132554
human_individual,1,human_458490b6,19,seed1976_cities_H4,seed1976,Afghani,cities,H4,180,15.0,0.0,40.0,cities,2,99.5192307692308,0.480769230769198,20208,26.125603864734295,16.184615384615384,20.961538461538463,27.08433734939759,32.11428571428571,36.84571428571429,7.217047689659738,12.08433734939759,0.18042619224149345,0.30210843373493973,0.32890353333800093,0.045893719806763246,0.8383174963095433,0.04830917874396136,0.045893719806763246,0.25120772946859893,0.40096618357487956,0.25362318840579684
human_individual,1,human_458490b6,20,seed1976_cities_H6,seed1976,Afghani,cities,H6,240,19.0,0.0,40.0,cities,3,100.24038461538466,0.24038461538465583,17213,26.772182254196643,15.89090909090909,23.90476190476189,27.961722488038276,31.95215311004785,36.76116504854369,5.393798618346391,8.961722488038276,0.1348449654586598,0.2240430622009569,0.15831507455905772,0.15107913669064774,0.7940823513195936,0.04796163069544365,0.05275779376498801,0.15107913669064774,0.5011990407673858,0.24700239808153485
human_individual,1,human_458490b6,21,seed1976_techs_H1,seed1976,Afghani,techs,H1,90,24.0,0.0,60.0,techs,3,99.75961538461534,0.24038461538465583,39106,23.378313253012045,12.995951417004045,16.020242914979754,21.06072874493927,28.850467289719614,35.83177570093458,2.7843096598433537,2.9392712550607314,0.04640516099738923,0.04898785425101219,0.1078022935113951,0.25783132530120445,0.6844561549186539,0.0506024096385543,0.5951807228915665,0.25783132530120445,0.048192771084337394,0.048192771084337394
human_individual,1,human_458490b6,22,seed1976_techs_H3,seed1976,Afghani,techs,H3,150,44.0,0.0,60.0,techs,4,100.24038461538463,0.2403846153846274,27844,27.179856115107917,13.631137724550896,18.125748502994007,25.849315068493148,34.417808219178085,44.247619047619054,10.316878923171272,18.150684931506852,0.17194798205285453,0.3025114155251142,0.20942239014543756,0.15107913669064776,0.8173022723787039,0.045563549160671436,0.4004796163069547,0.3501199040767381,0.15107913669064776,0.05275779376498802
human_individual,1,human_458490b6,23,seed1976_techs_H4,seed1976,Afghani,techs,H4,180,46.0,0.0,60.0,techs,4,99.7596153846155,0.2403846153844995,17516,32.54457831325301,15.253012048192776,24.125748502994014,31.580838323353298,42.10843373493977,52.095238095238116,7.712416406429821,14.419161676646702,0.128540273440497,0.24031936127744505,0.12642618667440841,0.2,0.8931371530281328,0.0457831325301204,0.2,0.40240963855421674,0.2,0.15180722891566278
human_individual,1,human_458490b6,24,seed1976_techs_H6,seed1976,Afghani,techs,H6,240,60.0,0.0,60.0,techs,5,99.75961538461533,0.24038461538467004,28666,37.95180722891566,18.292682926829258,28.98058252427183,39.575342465753415,48.14285714285713,55.25714285714285,14.119737365920399,20.424657534246585,0.2353289560986733,0.3404109589041097,0.18452170126288303,0.25301204819277107,0.8921995307717301,0.0481927710843374,0.09879518072289162,0.24819277108433765,0.35180722891566235,0.25301204819277107
human_individual,1,human_94e468f3,1,seed1976_treasury_H1,seed1976,Afghani,treasury,H1,90,901.0,0.0,2000.0,gold,3,100.19065776930417,0.1906577693041669,101133,1089.058039961941,512.2705314009659,810.9717868338555,1140.4388714733543,1404.5130641330165,1554.2992874109264,148.92305226498536,239.4388714733543,0.07446152613249268,0.11971943573667715,0.0675488253224468,0.3035204567078969,0.8359359230706054,0.04471931493815421,0.1969552806850621,0.3035204567078969,0.4005708848715509,0.05423406279733588
human_individual,1,human_94e468f3,2,seed1976_treasury_H3,seed1976,Afghani,treasury,H3,150,461.0,0.0,2000.0,gold,2,100.38131553860819,0.3813155386081917,54206,1142.830009496676,710.8771929824554,938.004750593824,1188.1235154394294,1412.0507399577166,1545.6236786469344,516.9719388813661,727.1235154394294,0.258485969440683,0.3635617577197147,0.257894506628283,0.05413105413105418,0.7302440376538445,0.05792972459639133,0.05413105413105418,0.39981006647673345,0.4491927825261154,0.038936372269705685
human_individual,1,human_94e468f3,3,seed1976_treasury_H4,seed1976,Afghani,treasury,H4,180,132.0,0.0,2000.0,gold,1,100.1906577693041,0.19065776930409584,36499,1461.27497621313,779.6491228070171,1298.5185185185185,1558.0246913580243,1782.4016563146995,1912.9606625258798,1104.592770170192,1426.0246913580243,0.5522963850850959,0.7130123456790122,0.6588537399477276,0.048525214081826855,0.7356860284872012,0.048525214081826855,0.05423406279733592,0.052331113225499555,0.38534728829686044,0.4595623215984772
human_individual,1,human_94e468f3,4,seed1976_treasury_H6,seed1976,Afghani,treasury,H6,240,414.0,0.0,2000.0,gold,2,99.61868446139172,0.38131553860827694,26617,1576.4593301435407,1250.3171247357293,1382.8752642706131,1603.415559772296,1801.7077798861478,1920.6831119544593,1028.657958607299,1189.415559772296,0.5143289793036495,0.5947077798861481,0.5349225063528764,0.010526315789473639,0.544907459889411,0.004784688995215366,0.010526315789473639,0.02775119617224885,0.4526315789473683,0.5043062200956939
human_individual,1,human_94e468f3,5,seed1976_cities_H1,seed1976,Afghani,cities,H1,90,32.0,0.0,40.0,cities,5,100.19065776930412,0.19065776930412426,72967,16.513796384395814,5.355414012738849,10.028776978417262,15.069544364508388,22.56704980842912,29.57987421383648,10.350127209237176,16.93045563549161,0.2587531802309294,0.4232613908872903,0.46156621259622255,0.0542340627973359,0.8950253907779117,0.14938154138915333,0.3967649857278784,0.24833491912464276,0.15128449096098967,0.0542340627973359
human_individual,1,human_94e468f3,6,seed1976_cities_H3,seed1976,Afghani,cities,H3,150,34.0,0.0,40.0,cities,5,100.19065776930404,0.190657769304039,51340,19.132254995242626,7.713761467889906,13.189873417721525,19.427207637231504,24.805194805194798,30.264935064935067,10.150085607130888,14.572792362768496,0.2537521401782722,0.3643198090692124,0.38675458378183614,0.05233111322549959,0.8853418818517514,0.10371075166508091,0.2254995242626067,0.3986679352997151,0.2197906755470976,0.05233111322549959
human_individual,1,human_94e468f3,7,seed1976_cities_H4,seed1976,Afghani,cities,H4,180,15.0,0.0,40.0,cities,2,99.61868446139185,0.38131553860814904,24397,21.638277511961725,12.155339805825243,17.49217391304348,21.12695652173913,26.056338028169023,31.943661971830988,3.8702101677180027,6.126956521739132,0.09675525419295007,0.1531739130434783,0.20762963302122212,0.0985645933014354,0.7810427639889925,0.04880382775119617,0.0985645933014354,0.5502392344497604,0.20382775119617258,0.0985645933014354
human_individual,1,human_94e468f3,8,seed1976_cities_H6,seed1976,Afghani,cities,H6,240,19.0,0.0,40.0,cities,3,100.00000000000007,7.105427357601002e-14,32575,28.587225929456626,17.986854460093895,23.896713615023465,29.6566757493188,34.96882494004796,37.98752997601918,5.997258749012607,10.6566757493188,0.14993146872531518,0.26641689373297,0.17988396957109262,0.20305052430886586,0.7709698695611658,0.021925643469971383,0.027645376549094377,0.20305052430886586,0.3498570066730217,0.39752144899904673
human_individual,1,human_94e468f3,9,seed1976_techs_H1,seed1976,Afghani,techs,H1,90,24.0,0.0,60.0,techs,3,100.19065776930421,0.19065776930420952,26902,29.817316841103708,11.362162162162177,20.02202643171806,29.696202531645568,39.26600985221675,49.033043478260865,4.57047410102293,5.696202531645568,0.07617456835038218,0.09493670886075947,0.05452511811957442,0.3758325404376782,0.9294605122477267,0.10561370123691709,0.21598477640342556,0.3758325404376782,0.1931493815413893,0.10941960038058979
human_individual,1,human_94e468f3,10,seed1976_techs_H3,seed1976,Afghani,techs,H3,150,44.0,0.0,60.0,techs,4,100.19065776930412,0.19065776930412426,25782,38.97431018078021,18.291588785046734,30.310344827586203,41.08396946564885,49.45484949832775,55.7819397993311,3.997270614515759,2.916030534351151,0.06662117690859598,0.04860050890585252,0.05545418662485366,0.37392959086584215,0.8814071969896506,0.046622264509990484,0.10180780209324446,0.19314938154138947,0.37392959086584215,0.28449096098953347
human_individual,1,human_94e468f3,11,seed1976_techs_H4,seed1976,Afghani,techs,H4,180,46.0,0.0,60.0,techs,4,100.00000000000004,4.263256414560601e-14,21486,40.455672068636794,20.690109890109902,33.50299401197605,42.48456057007126,50.492447129909365,56.19697885196375,3.8223079562532334,3.5154394299287404,0.06370513260422056,0.058590657165479,0.04911641301670934,0.4013346043851288,0.8433895888389931,0.037178265014299286,0.08674928503336506,0.15919923736892294,0.4013346043851288,0.3155386081982839
human_individual,1,human_94e468f3,12,seed1976_techs_H6,seed1976,Afghani,techs,H6,240,60.0,0.0,60.0,techs,5,99.80934223069592,0.19065776930408163,31656,49.55300859598855,33.30810810810815,49.35254237288136,52.90169491525424,56.45084745762711,58.58033898305085,5.12790618415025,7.0983050847457605,0.08546510306917084,0.11830508474576268,0.010526733496988235,0.8452722063037251,0.400263299360523,0.035339063992359074,0.03724928366762174,0.035339063992359074,0.04680038204393505,0.8452722063037251
human_individual,1,human_94e468f3,13,seed1327_treasury_H1,seed1327,Italian Greek,treasury,H1,90,364.0,0.0,2000.0,gold,1,99.80934223069589,0.19065776930411005,32776,423.11365807067824,58.24756606397777,145.61891515994444,291.2378303198889,535.8974358974363,1031.0204081632644,92.49119969374289,72.76216968011113,0.04624559984687144,0.03638108484005556,0.030525657059921996,0.6867239732569242,0.6040729966152896,0.6867239732569242,0.18624641833810923,0.046800382043935065,0.04297994269340974,0.03724928366762175
human_individual,1,human_94e468f3,14,seed1327_treasury_H3,seed1327,Italian Greek,treasury,H3,150,485.0,0.0,2000.0,gold,2,99.80934223069589,0.19065776930411005,29857,708.1184336198663,434.1835518474374,509.0584028605483,633.849821215733,758.6412395709177,1185.2054794520545,94.39248616258755,148.84982121573296,0.04719624308129377,0.07442491060786648,0.00995225363046644,0.801337153772684,0.4745752107882107,0.031518624641833755,0.801337153772684,0.06972301814708694,0.060171919770773616,0.03724928366762175
human_individual,1,human_94e468f3,15,seed1327_treasury_H4,seed1327,Italian Greek,treasury,H4,180,304.0,0.0,2000.0,gold,1,99.80934223069593,0.19065776930406741,40343,698.9493791786058,440.7151979565773,520.9450830140487,654.6615581098341,788.3780332056195,1057.033492822967,262.9924508240299,350.6615581098341,0.13149622541201494,0.17533077905491706,0.25148717078586297,0.02387774594078319,0.4658606780455565,0.02387774594078319,0.7478510028653291,0.19961795606494778,0.014326647564469976,0.014326647564469976
human_individual,1,human_94e468f3,16,seed1327_treasury_H6,seed1327,Italian Greek,treasury,H6,240,161.0,0.0,2000.0,gold,1,100.38131553860822,0.3813155386082201,41804,884.5204178537513,503.1974921630095,701.2539184952981,910.3139013452916,1067.713004484305,1162.152466367713,565.8474520994702,749.3139013452916,0.2829237260497351,0.3746569506726458,0.35365558901488,0.021842355175688503,0.5526541526870559,0.021842355175688503,0.3029439696106361,0.6353276353276356,0.021842355175688503,0.018043684710351355
human_individual,1,human_94e468f3,17,seed1327_cities_H1,seed1327,Italian Greek,cities,H1,90,10.0,0.0,40.0,cities,2,100.3813155386082,0.3813155386082059,37801,14.210826210826209,8.847116564417178,10.397546012269938,12.981595092024541,15.565644171779141,21.868387096774196,1.7929980605580846,2.9815950920245413,0.04482495151395212,0.07453987730061354,0.011982902375431672,0.7739791073124406,0.47492973619875495,0.01804368471035136,0.7739791073124406,0.147198480531814,0.035137701804368426,0.025641025641025557
human_individual,1,human_94e468f3,18,seed1327_cities_H3,seed1327,Italian Greek,cities,H3,150,18.0,0.0,40.0,cities,3,99.61868446139177,0.3813155386082343,37394,16.769377990430616,8.032345013477087,11.41239892183288,16.827292110874197,21.283582089552237,23.957356076759062,1.8586603371283754,1.1727078891258031,0.04646650842820939,0.02931769722814508,0.0568892653556467,0.4488038277511958,0.7768509044603682,0.09856459330143548,0.35502392344497635,0.4488038277511958,0.04688995215311007,0.05071770334928224
human_individual,1,human_94e468f3,19,seed1327_cities_H4,seed1327,Italian Greek,cities,H4,180,19.0,0.0,40.0,cities,3,99.80934223069589,0.19065776930411005,26322,27.319961795606492,14.356363636363623,25.212799999999998,28.563199999999995,31.913599999999995,36.715294117647055,5.962197219251336,9.563199999999995,0.1490549304812834,0.23907999999999988,0.19535553895288207,0.04871060171919773,0.6956343948122087,0.05826170009551105,0.052531041069723054,0.04871060171919773,0.59694364851958,0.24355300859598816
human_individual,1,human_94e468f3,20,seed1327_cities_H6,seed1327,Italian Greek,cities,H6,240,22.0,0.0,40.0,cities,3,99.80934223069588,0.19065776930412426,33608,30.941738299904493,22.148571428571437,26.89373297002725,32.399274047186935,36.19963702359347,38.479854809437384,5.680618309468122,10.399274047186935,0.14201545773670304,0.2599818511796734,0.26159929356536943,0.10028653295128938,0.6451240892224602,0.012416427889207217,0.010506208213944553,0.10028653295128938,0.35052531041069734,0.5262655205348615
human_individual,1,human_94e468f3,21,seed1327_techs_H1,seed1327,Italian Greek,techs,H1,90,19.0,0.0,60.0,techs,2,99.80934223069596,0.190657769304039,24553,24.613180515759314,11.526605504587167,16.37470167064439,23.871121718377086,31.584766584766584,37.53684210526315,3.535640299114676,4.871121718377086,0.05892733831857793,0.08118536197295144,0.06769033094966379,0.4001910219675264,0.7968981469259395,0.10410697230181462,0.4001910219675264,0.38872970391595035,0.05444126074498568,0.05253104106972302
human_individual,1,human_94e468f3,22,seed1327_techs_H3,seed1327,Italian Greek,techs,H3,150,35.0,0.0,60.0,techs,3,100.0,0.0,34266,27.163012392755004,15.196190476190479,21.190476190476197,27.584786053882723,32.57210776545166,35.56450079239303,4.40709525318844,7.415213946117277,0.07345158755314067,0.12358689910195461,0.02744226877292911,0.601525262154433,0.6176509775114765,0.0200190657769304,0.300285986653956,0.601525262154433,0.05243088655862729,0.0257387988560533
human_individual,1,human_94e468f3,23,seed1327_techs_H4,seed1327,Italian Greek,techs,H4,180,48.0,0.0,60.0,techs,5,100.19065776930412,0.19065776930412426,18022,29.840152235965746,24.41791713325868,26.53639417693169,30.067189249720045,33.597984322508395,35.71646136618141,15.418884658454648,17.932810750279955,0.25698141097424415,0.2988801791713326,0.4570378806464959,0.012369172216936205,0.37928115990730005,0.035204567078972356,0.035204567078972356,0.8496669838249288,0.06755470980019028,0.012369172216936205
human_individual,1,human_94e468f3,24,seed1327_techs_H6,seed1327,Italian Greek,techs,H6,240,55.0,0.0,60.0,techs,5,99.8093422306959,0.19065776930409584,22314,42.08022922636104,36.30191570881227,38.7088122605364,42.720306513409966,46.73180076628353,52.98100558659219,8.04027860185363,12.279693486590034,0.13400464336422718,0.2046615581098339,0.17445988857964118,0.1709646609360079,0.5043602762883954,0.025787965616045763,0.031518624641833755,0.023877745940783197,0.7478510028653294,0.1709646609360079
human_individual,1,human_6445b883,1,seed1327_treasury_H1,seed1327,Italian Greek,treasury,H1,90,364.0,0.0,2000.0,gold,1,100.2050230650947,0.20502306509469292,64346,1117.647058823529,527.7027027027024,853.8913362701907,1140.9691629955944,1428.0469897209982,1601.020408163264,517.1797217517794,776.9691629955944,0.2585898608758897,0.3884845814977972,0.4364325848208736,0.05166240409207173,0.8724745403811514,0.05166240409207173,0.15140664961636835,0.3483375959079284,0.3483375959079284,0.1002557544757031
human_individual,1,human_6445b883,2,seed1327_treasury_H3,seed1327,Italian Greek,treasury,H3,150,485.0,0.0,2000.0,gold,2,99.94874423372634,0.05125576627365547,22729,1242.051282051282,612.2448979591841,963.3401221995929,1300.2544529262086,1548.3460559796433,1797.927461139896,511.212794553986,815.2544529262086,0.25560639727699297,0.4076272264631043,0.282474030243261,0.10051282051282011,0.8748893112317834,0.04666666666666677,0.10051282051282011,0.25179487179487225,0.4030769230769234,0.19794871794871752
human_individual,1,human_6445b883,3,seed1327_treasury_H4,seed1327,Italian Greek,treasury,H4,180,304.0,0.0,2000.0,gold,1,100.46130189646343,0.461301896463425,20315,1399.9999999999998,788.0597014925359,1102.362204724409,1468.6971235194587,1750.6361323155218,1900.2544529262088,855.2233700071279,1164.6971235194587,0.42761168500356395,0.5823485617597294,0.6144685807996666,0.0005102040816327623,0.7976290093749029,0.0005102040816327623,0.10255102040816355,0.19438775510204062,0.3015306122448975,0.4010204081632655
human_individual,1,human_6445b883,4,seed1327_treasury_H6,seed1327,Italian Greek,treasury,H6,240,161.0,0.0,2000.0,gold,1,100.46130189646341,0.4613018964634108,18009,1435.714285714285,788.0597014925359,1182.7242524916921,1531.2499999999993,1777.5255391600454,1911.0102156640182,1037.961730827386,1370.2499999999993,0.5189808654136929,0.6851249999999997,0.6395287770720527,0.0005102040816327624,0.7732250959424236,0.0005102040816327624,0.10255102040816357,0.15357142857142905,0.29387755102040763,0.449489795918367
human_individual,1,human_6445b883,5,seed1327_cities_H1,seed1327,Italian Greek,cities,H1,90,10.0,0.0,40.0,cities,2,100.46130189646331,0.4613018964633113,34442,19.959183673469386,8.000000000000016,15.813953488372077,20.947503201024322,26.25550660792951,29.709251101321588,6.427607391562302,10.947503201024322,0.16069018478905756,0.27368758002560806,0.17205786651395236,0.1535714285714292,0.7802716908794697,0.09999999999999969,0.1535714285714292,0.39846938775510193,0.34744897959183646,0.0005102040816327628
human_individual,1,human_6445b883,6,seed1327_cities_H3,seed1327,Italian Greek,cities,H3,150,18.0,0.0,40.0,cities,3,100.20502306509484,0.20502306509483503,18803,31.150895140664957,23.89795918367348,26.959287531806616,31.933842239185743,35.973223480947475,38.38928939237899,10.210713937291494,13.933842239185743,0.25526784843228734,0.3483460559796436,0.26359684983745524,0.10025575447570297,0.5916764047856966,0.0005115089514067594,0.0005115089514067594,0.10025575447570297,0.40204603580562703,0.4966751918158565
human_individual,1,human_6445b883,7,seed1327_cities_H4,seed1327,Italian Greek,cities,H4,180,19.0,0.0,40.0,cities,3,99.94874423372626,0.05125576627374073,33659,27.999999999999993,15.916230366492133,22.09973753280839,29.373942470389167,35.006402048655566,38.00256081946223,5.488803176904711,10.373942470389167,0.13722007942261777,0.2593485617597292,0.16641617357001964,0.19538461538461538,0.8031745835009663,0.0030769230769231806,0.09794871794871801,0.19538461538461538,0.30307692307692297,0.4005128205128204
human_individual,1,human_6445b883,8,seed1327_cities_H6,seed1327,Italian Greek,cities,H6,240,22.0,0.0,40.0,cities,3,100.20502306509488,0.20502306509487767,21414,27.324808184143208,12.557213930348238,21.495016611295643,29.340101522842623,34.99359795134443,37.99743918053777,3.8354874485809844,7.340101522842623,0.0958871862145246,0.1835025380710656,0.16865601350069623,0.153964194373402,0.8587316250930802,0.041432225063938705,0.10281329923273688,0.153964194373402,0.30230179028132953,0.3994884910485929
human_individual,1,human_6445b883,9,seed1327_techs_H1,seed1327,Italian Greek,techs,H1,90,19.0,0.0,60.0,techs,2,100.20502306509495,0.20502306509494872,30451,20.42455242966753,3.0231958762886633,7.557989690721657,16.924643584521398,32.07770270270273,43.83388704318939,4.499470230969857,2.075356415478602,0.07499117051616429,0.03458927359131003,0.08094302104251018,0.2511508951406652,0.8887864668201946,0.39693094629155967,0.2511508951406652,0.15140664961636796,0.1539641943734019,0.04654731457800519
human_individual,1,human_6445b883,10,seed1327_techs_H3,seed1327,Italian Greek,techs,H3,150,35.0,0.0,60.0,techs,3,99.94874423372634,0.05125576627365547,14857,24.461538461538474,6.141732283464574,13.890532544378708,22.544378698224868,34.11642411642414,45.10489510489513,6.425670283847136,12.455621301775132,0.1070945047307856,0.20759368836291886,0.0952024983563444,0.24666666666666667,0.9258399236123084,0.1953846153846152,0.34666666666666635,0.24666666666666667,0.14666666666666703,0.06461538461538469
human_individual,1,human_6445b883,11,seed1327_techs_H4,seed1327,Italian Greek,techs,H4,180,48.0,0.0,60.0,techs,5,99.94874423372637,0.051255766273627046,30712,30.03076923076925,12.224532224532226,19.521829521829527,29.19831223628693,39.54545454545458,51.81818181818183,10.728264220669272,18.80168776371307,0.17880440367782122,0.31336146272855114,0.3384132149901377,0.146666666666667,0.9322183137941522,0.09538461538461533,0.2466666666666666,0.3646153846153841,0.146666666666667,0.146666666666667
human_individual,1,human_6445b883,12,seed1327_techs_H6,seed1327,Italian Greek,techs,H6,240,55.0,0.0,60.0,techs,5,100.4613018964634,0.4613018964633966,23896,36.70408163265307,17.968586387434556,28.939708939708936,38.80361173814899,45.44018058690746,52.186046511627936,11.207532382643633,16.196388261851013,0.18679220637739388,0.2699398043641835,0.2242083376718032,0.15357142857142905,0.851925184243897,0.05153061224489798,0.09744897959183672,0.24540816326530615,0.45204081632653015,0.15357142857142905
human_individual,1,human_6445b883,13,seed1976_treasury_H1,seed1976,Afghani,treasury,H1,90,901.0,0.0,2000.0,gold,3,99.9487442337263,0.0512557662736981,31022,572.3076923076927,135.41666666666683,338.5416666666671,562.6911314984712,761.467889908257,1019.3905817174517,201.12619666319335,338.30886850152876,0.10056309833159668,0.16915443425076437,0.18128238001314914,0.1851282051282052,0.681548564587398,0.295384615384615,0.5030769230769233,0.1851282051282052,0.008205128205128288,0.008205128205128288
human_individual,1,human_6445b883,14,seed1976_treasury_H3,seed1976,Afghani,treasury,H3,150,461.0,0.0,2000.0,gold,2,100.20502306509472,0.20502306509472135,12039,978.5166240409208,398.9795918367357,695.7070707070708,1026.431718061674,1313.509544787078,1485.7562408223205,312.22048526258726,565.431718061674,0.15611024263129364,0.282715859030837,0.15445411790870023,0.20255754475703353,0.8031372302695331,0.10025575447570308,0.20255754475703353,0.3483375959079283,0.3483375959079283,0.0005115089514067599
human_individual,1,human_6445b883,15,seed1976_treasury_H4,seed1976,Afghani,treasury,H4,180,132.0,0.0,2000.0,gold,1,100.46130189646337,0.46130189646336817,14500,1330.6122448979593,869.1358024691356,1111.111111111111,1355.7594291539247,1555.5555555555554,1794.2257217847769,1012.6986924799536,1223.7594291539247,0.5063493462399768,0.6118797145769623,0.5996140930862139,0.005612244897959275,0.7409336540088248,0.005612244897959275,0.051530612244898,0.2479591836734692,0.5005102040816328,0.19438775510204073
human_individual,1,human_6445b883,16,seed1976_treasury_H6,seed1976,Afghani,treasury,H6,240,414.0,0.0,2000.0,gold,2,100.2050230650949,0.2050230650949061,14190,1376.470588235294,895.6521739130432,1195.6521739130428,1397.5535168195715,1596.8399592252802,1837.4220374220372,779.8220155659322,983.5535168195715,0.3899110077829661,0.4917767584097858,0.3795380066849377,0.051662404092071616,0.7268826828418299,0.0005115089514067591,0.051662404092071616,0.20000000000000018,0.5017902813299231,0.24603580562659838
human_individual,1,human_6445b883,17,seed1976_cities_H1,seed1976,Afghani,cities,H1,90,32.0,0.0,40.0,cities,5,100.4613018964634,0.4613018964633966,21919,21.12244897959183,11.989769820971858,16.721915285451193,20.331491712707177,23.941068139963164,31.729729729729726,7.17689619138292,11.668508287292823,0.179422404784573,0.29171270718232056,0.3569622683256978,0.09489795918367346,0.72171635440018,0.0005102040816327624,0.1994897959183676,0.5540816326530611,0.1510204081632651,0.09489795918367346
human_individual,1,human_6445b883,18,seed1976_cities_H3,seed1976,Afghani,cities,H3,150,34.0,0.0,40.0,cities,5,99.69246540235775,0.30753459764224544,19185,27.73264781491002,19.441396508728175,24.451382694023195,27.92149866190901,31.391614629794823,36.119700748129674,3.6202097788534915,6.078501338090991,0.09050524447133729,0.15196253345227478,0.16942724407055207,0.20616966580976845,0.6346851563846385,0.010796915167095201,0.0005141388174808302,0.20616966580976845,0.576349614395887,0.20616966580976845
human_individual,1,human_6445b883,19,seed1976_cities_H4,seed1976,Afghani,cities,H4,180,15.0,0.0,40.0,cities,2,100.20502306509488,0.20502306509487767,16266,25.60613810741688,17.934911242603548,21.405325443786985,25.99444958371878,29.611470860314526,31.78168362627197,7.309470028299462,10.99444958371878,0.18273675070748654,0.2748612395929695,0.3454068850936348,0.01074168797953972,0.6101945365589583,0.0056265984654732355,0.01074168797953972,0.34578005115089483,0.5529411764705884,0.08491048593350388
human_individual,1,human_6445b883,20,seed1976_cities_H6,seed1976,Afghani,cities,H6,240,19.0,0.0,40.0,cities,3,99.94874423372639,0.051255766273612835,19689,30.19487179487179,19.744245524296666,25.153583617747433,31.808873720136514,35.941727367325704,38.37669094693028,7.145018592708114,12.808873720136514,0.17862546481770286,0.32022184300341283,0.2180798816568046,0.20051282051282066,0.6619159960613527,0.005641025641025729,0.0005128205128206224,0.20051282051282066,0.3005128205128203,0.4928205128205127
human_individual,1,human_6445b883,21,seed1976_techs_H1,seed1976,Afghani,techs,H1,90,24.0,0.0,60.0,techs,3,100.20502306509488,0.20502306509487767,26833,24.0460358056266,14.37920489296636,17.966360856269112,23.944954128440365,30.01552795031056,33.65838509316771,1.9870930917241258,0.05504587155963492,0.033118218195402095,0.000917431192660582,0.06308239742021572,0.4941176470588233,0.4472842392716539,0.0005115089514067592,0.5017902813299232,0.4941176470588233,0.0005115089514067592,0.0030690537084399985
human_individual,1,human_6445b883,22,seed1976_techs_H3,seed1976,Afghani,techs,H3,150,44.0,0.0,60.0,techs,4,100.20502306509479,0.2050230650947924,17705,27.084398976982094,15.007731958762884,19.54252577319587,26.71557562076749,33.33521444695259,40.120996441281136,11.658199967229415,17.28442437923251,0.19430333278715692,0.28807373965387517,0.22039494770442383,0.1437340153452683,0.6444931886836434,0.0005115089514067596,0.3969309462915603,0.45319693094629143,0.1437340153452683,0.005626598465473241
human_individual,1,human_6445b883,23,seed1976_techs_H4,seed1976,Afghani,techs,H4,180,46.0,0.0,60.0,techs,4,100.46130189646337,0.46130189646336817,22799,38.32653061224489,26.92268041237113,31.46907216494845,38.409785932721704,44.40366972477064,47.999999999999986,4.293127463034778,7.590214067278296,0.07155212438391297,0.12650356778797162,0.04240355581007916,0.5005102040816328,0.5996511523940952,0.0030612244897960197,0.0005102040816327626,0.3959183673469388,0.5005102040816328,0.09999999999999963
human_individual,1,human_6445b883,24,seed1976_techs_H6,seed1976,Afghani,techs,H6,240,60.0,0.0,60.0,techs,5,100.20502306509484,0.20502306509483503,17645,40.64961636828643,28.68145161290321,35.77620967741933,40.89285714285713,45.88010204081632,51.65124555160142,14.738070528349105,19.10714285714287,0.2456345088058184,0.31845238095238115,0.19952021506923703,0.14373401534526825,0.5842338025802382,0.0005115089514067594,0.0005115089514067594,0.2537084398976985,0.6015345268542197,0.14373401534526825
human_individual,1,human_2693dcf9,1,seed1976_treasury_H1,seed1976,Afghani,treasury,H1,90,901.0,0.0,2000.0,gold,3,99.679601281595,0.3203987184050021,99743,987.8571428571422,195.12195121951194,489.36170212765893,985.8156028368783,1479.7891036906844,1788.2797731568992,179.73217360117368,84.81560283687827,0.08986608680058684,0.04240780141843913,0.09916980229591832,0.20142857142857165,0.9997451811775078,0.20500000000000027,0.20142857142857165,0.20142857142857165,0.20321428571428543,0.18892857142857103
human_individual,1,human_2693dcf9,2,seed1976_treasury_H3,seed1976,Afghani,treasury,H3,150,461.0,0.0,2000.0,gold,2,100.39159843360639,0.39159843360639,145531,1019.1489361702124,215.26717557251902,528.3687943262408,1024.3902439024382,1518.4534270650256,1808.4889643463493,302.3629013358156,563.3902439024382,0.1511814506679078,0.2816951219512191,0.15599960389316408,0.20000000000000023,0.9995352075641777,0.1858156028368795,0.20000000000000023,0.2035460992907804,0.2017730496453898,0.20886524822695016
human_individual,1,human_2693dcf9,3,seed1976_treasury_H4,seed1976,Afghani,treasury,H4,180,132.0,0.0,2000.0,gold,1,99.67960128159496,0.32039871840504475,74797,997.1428571428571,113.82113821138216,284.5528455284554,993.1972789115644,1712.5256673511292,1885.0102669404516,446.90544132512514,861.1972789115644,0.22345272066256258,0.4305986394557822,0.26089923469387755,0.3514285714285713,0.8862517360112554,0.3514285714285713,0.09785714285714288,0.1050000000000003,0.09785714285714288,0.34785714285714264
human_individual,1,human_2693dcf9,4,seed1976_treasury_H6,seed1976,Afghani,treasury,H6,240,414.0,0.0,2000.0,gold,2,100.0355998576005,0.035599857600502105,58603,849.1103202846981,158.53314527503542,396.3328631875886,792.6657263751772,1186.2745098039222,1711.0539845758367,216.82814350870086,378.6657263751772,0.10841407175435043,0.1893328631875886,0.09660940210990256,0.2523131672597862,0.9635010941741337,0.2523131672597862,0.2523131672597862,0.2540925266903917,0.10284697508896791,0.13843416370106798
human_individual,1,human_2693dcf9,5,seed1976_cities_H1,seed1976,Afghani,cities,H1,90,32.0,0.0,40.0,cities,5,100.2135991456035,0.2135991456034958,39143,20.014209591474252,3.9578207381370865,9.928443649373891,20.036101083032502,30.0886524822695,36.04217926186291,6.4567140147242945,11.963898916967498,0.16141785036810735,0.2990974729241874,0.29876060434932117,0.2021314387211366,0.9999666331841034,0.2021314387211366,0.19857904085257527,0.19680284191829514,0.20035523978685646,0.2021314387211366
human_individual,1,human_2693dcf9,6,seed1976_cities_H3,seed1976,Afghani,cities,H3,150,34.0,0.0,40.0,cities,5,99.85760056959779,0.14239943040220737,29467,19.871657754010684,3.9094076655052197,9.804964539007074,19.85428051001819,29.859402460456927,35.912568306010925,7.770953131578804,14.145719489981811,0.1942738282894701,0.3536429872495453,0.30376190340015485,0.1957219251336896,0.9998952730251229,0.20463458110516972,0.20106951871657788,0.1957219251336896,0.20285204991087327,0.1957219251336896
human_individual,1,human_2693dcf9,7,seed1976_cities_H4,seed1976,Afghani,cities,H4,180,15.0,0.0,40.0,cities,2,99.85760056959779,0.14239943040220737,23180,19.98573975044562,4.050541516245481,10.052264808362354,19.928443649373857,29.96422182468693,35.98568872987477,4.254290320052401,4.9284436493738575,0.10635725800131002,0.12321109123434644,0.14875556445232416,0.20463458110516972,0.9999548039339698,0.19750445632798605,0.20463458110516972,0.19928698752228144,0.19928698752228144,0.19928698752228144
human_individual,1,human_2693dcf9,8,seed1976_cities_H6,seed1976,Afghani,cities,H6,240,19.0,0.0,40.0,cities,3,99.8576005695979,0.14239943040209369,31114,19.88591800356507,3.9437609841827848,9.87588652482271,19.89169675090254,29.808362369337985,35.87500000000001,3.448836495264725,0.8916967509025397,0.08622091238161812,0.022292418772563494,0.10019382246497688,0.19750445632798583,0.9998851859193435,0.20285204991087305,0.20106951871657763,0.19750445632798583,0.20463458110516947,0.193939393939394
human_individual,1,human_2693dcf9,9,seed1976_techs_H1,seed1976,Afghani,techs,H1,90,24.0,0.0,60.0,techs,3,99.501601993592,0.4983980064079958,70787,28.711985688729882,5.894551845342706,14.276315789473681,26.919191919191924,43.9973262032086,54.15679442508713,5.486429128401653,2.919191919191924,0.09144048547336088,0.04865319865319873,0.0999084744352458,0.21252236135957028,0.9890870326834907,0.20357781753130594,0.2447227191413238,0.21252236135957028,0.13381037567084053,0.2053667262969594
human_individual,1,human_2693dcf9,10,seed1976_techs_H3,seed1976,Afghani,techs,H3,150,44.0,0.0,60.0,techs,4,100.3915984336063,0.39159843360630475,47197,30.170212765957444,6.053667262969592,15.191256830601102,30.31358885017422,45.13181019332161,54.05272407732865,7.651299838811569,13.68641114982578,0.12752166398019282,0.22810685249709634,0.14753502087420145,0.20177304964538997,0.9999216020332374,0.1982269503546098,0.19468085106382962,0.20354609929078057,0.20177304964538997,0.20177304964538997
human_individual,1,human_2693dcf9,11,seed1976_techs_H4,seed1976,Afghani,techs,H4,180,46.0,0.0,60.0,techs,4,100.0355998576007,0.03559985760070106,53839,30.1494661921708,6.198529411764701,15.372340425531902,30.20905923344945,44.973637961335655,53.967799642218246,8.439633531574364,15.790940766550548,0.14066055885957274,0.2631823461091758,0.1477059877661126,0.2024911032028467,0.9998952827458215,0.19359430604982222,0.2007117437722422,0.2042704626334522,0.2024911032028467,0.19893238434163668
human_individual,1,human_2693dcf9,12,seed1976_techs_H6,seed1976,Afghani,techs,H6,240,60.0,0.0,60.0,techs,5,99.5016019935922,0.49839800640779686,63516,30.558139534883725,4.798283261802574,11.995708154506435,32.05378973105137,47.79616724738676,55.132075471698116,18.01134256383963,27.946210268948633,0.3001890427306605,0.4657701711491439,0.2730402808490755,0.24651162790697678,0.9843265574214113,0.2500894454382827,0.15169946332736994,0.14633273703041152,0.205366726296959,0.24651162790697678
human_individual,1,human_2693dcf9,13,seed1327_treasury_H1,seed1327,Italian Greek,treasury,H1,90,364.0,0.0,2000.0,gold,1,100.2135991456036,0.21359914560359528,55011,1123.6234458259325,282.20551378446106,705.5137844611526,1175.6548536209555,1597.1599402092677,1838.912732474964,450.3693888310837,811.6548536209555,0.22518469441554184,0.40582742681047773,0.386958030596052,0.1417406749555951,0.9814283108016281,0.1417406749555951,0.1417406749555951,0.2305506216696269,0.2376554174067495,0.2483126110124335
human_individual,1,human_2693dcf9,14,seed1327_treasury_H3,seed1327,Italian Greek,treasury,H3,150,485.0,0.0,2000.0,gold,2,100.21359914560361,0.21359914560360949,27876,1007.815275310835,203.24909747292415,507.15563506261196,1008.8652482269512,1513.5379061371846,1807.1917808219182,278.43123811185205,523.8652482269512,0.13921561905592603,0.26193262411347557,0.15269064167158325,0.19857904085257505,0.9998793424916227,0.19680284191829492,0.19857904085257505,0.2003552397868562,0.19680284191829492,0.20746003552397885
human_individual,1,human_2693dcf9,15,seed1327_treasury_H4,seed1327,Italian Greek,treasury,H4,180,304.0,0.0,2000.0,gold,1,100.3915984336064,0.39159843360640423,57161,1098.5815602836878,397.18309859154857,676.518883415435,1123.6306729264475,1531.2500000000005,1806.8493150684938,492.0666877056172,819.6306729264475,0.2460333438528086,0.4098153364632237,0.3817911888234997,0.10070921985815623,0.9761764096373237,0.10070921985815623,0.2159574468085105,0.22659574468085103,0.24964539007092168,0.20709219858156055
human_individual,1,human_2693dcf9,16,seed1327_treasury_H6,seed1327,Italian Greek,treasury,H6,240,161.0,0.0,2000.0,gold,1,99.6796012815949,0.3203987184051016,51651,979.2857142857138,195.12195121951177,487.0466321243515,960.9120521172634,1475.2066115702476,1795.9927140255008,466.90067221782715,799.9120521172634,0.23345033610891358,0.39995602605863173,0.2881433354591833,0.20500000000000046,0.998106606346304,0.20500000000000046,0.20678571428571424,0.2192857142857139,0.17285714285714296,0.19607142857142842
human_individual,1,human_2693dcf9,17,seed1327_cities_H1,seed1327,Italian Greek,cities,H1,90,10.0,0.0,40.0,cities,2,99.5016019935922,0.49839800640779686,22967,19.856887298747754,3.964539007092197,9.878048780487799,19.74729241877255,29.837545126353774,35.9271402550091,5.223912168257783,9.747292418772549,0.13059780420644457,0.2436823104693137,0.14662507480454795,0.205366726296959,0.9999207245162509,0.20178890876565306,0.205366726296959,0.19821109123434713,0.19821109123434713,0.19642218246869364
human_individual,1,human_2693dcf9,18,seed1327_cities_H3,seed1327,Italian Greek,cities,H3,150,18.0,0.0,40.0,cities,3,99.679601281595,0.3203987184050021,26729,19.885714285714286,3.9367311072056297,9.858156028368803,19.855595667870034,29.858156028368782,35.91985428051001,3.6504440605061803,1.855595667870034,0.09126110151265451,0.046389891696750854,0.10037053571428561,0.19785714285714306,0.9999464211540632,0.20321428571428543,0.20142857142857165,0.19785714285714306,0.20142857142857165,0.19607142857142823
human_individual,1,human_2693dcf9,19,seed1327_cities_H4,seed1327,Italian Greek,cities,H4,180,19.0,0.0,40.0,cities,3,99.679601281595,0.3203987184050021,29034,20.100000000000005,4.043321299638985,10.089445438282642,20.18214936247724,30.104529616724747,36.02836879432624,3.517340190127149,1.1821493624772401,0.08793350475317872,0.029553734061931004,0.10072783801020417,0.19607142857142823,0.9999268348754221,0.19785714285714306,0.19964285714285684,0.19607142857142823,0.20500000000000027,0.20142857142857165
human_individual,1,human_2693dcf9,20,seed1327_cities_H6,seed1327,Italian Greek,cities,H6,240,22.0,0.0,40.0,cities,3,100.3915984336065,0.3915984336065037,18232,20.0,4.072202166064983,10.10452961672474,20.0,29.895470383275256,35.92779783393502,3.653317903369853,2.0,0.09133294758424633,0.05,0.09929706755193399,0.2,0.9999218641550286,0.19645390070921984,0.20354609929078016,0.2,0.20354609929078016,0.19645390070921984
human_individual,1,human_2693dcf9,21,seed1327_techs_H1,seed1327,Italian Greek,techs,H1,90,19.0,0.0,60.0,techs,2,99.679601281595,0.3203987184050021,17591,29.95714285714285,5.957446808510632,14.945848375451247,29.947275922671338,44.94584837545125,53.989266547406075,7.110727974090086,10.947275922671338,0.11851213290150144,0.18245459871118896,0.14982366071428554,0.19785714285714306,0.999966359410867,0.20142857142857165,0.19785714285714306,0.20321428571428543,0.19785714285714306,0.19964285714285684
human_individual,1,human_2693dcf9,22,seed1327_techs_H3,seed1327,Italian Greek,techs,H3,150,35.0,0.0,60.0,techs,3,99.8576005695979,0.14239943040209369,27859,29.893048128342237,5.864111498257836,14.756317689530677,29.945848375451252,44.894551845342704,53.92418772563178,5.94705678958591,5.054151624548748,0.09911761315976517,0.0842358604091458,0.10072111489223788,0.19750445632798583,0.9999251718057974,0.20463458110516947,0.19750445632798583,0.19750445632798583,0.20285204991087305,0.19750445632798583
human_individual,1,human_2693dcf9,23,seed1327_techs_H4,seed1327,Italian Greek,techs,H4,180,48.0,0.0,60.0,techs,5,99.85760056959779,0.14239943040220737,21713,29.978609625668444,5.91564147627417,14.864620938628164,30.054151624548716,44.99999999999998,53.97853309481215,9.72522324596897,17.945848375451284,0.16208705409948282,0.2990974729241881,0.30000333628833187,0.19928698752228144,0.9999546298230896,0.20285204991087327,0.19750445632798605,0.19750445632798605,0.20285204991087327,0.19928698752228144
human_individual,1,human_2693dcf9,24,seed1327_techs_H6,seed1327,Italian Greek,techs,H6,240,55.0,0.0,60.0,techs,5,99.5016019935922,0.49839800640779686,19901,29.871198568872998,5.894551845342718,14.810469314079445,29.840425531914907,44.864620938628164,53.94584837545128,14.435194191644456,25.159574468085093,0.24058656986074092,0.41932624113475153,0.3025124727583435,0.19821109123434713,0.9999603197574839,0.20357781753130552,0.19821109123434713,0.20178890876565306,0.19821109123434713,0.19821109123434713
human_individual,1,human_40053498,1,seed1327_treasury_H1,seed1327,Italian Greek,treasury,H1,90,364.0,0.0,2000.0,gold,1,99.814126394052,0.18587360594800373,48373,924.0223463687149,173.22580645161258,432.2834645669284,880.4597701149421,1407.1999999999998,1709.7297297297296,289.55715032419164,516.4597701149421,0.14477857516209583,0.2582298850574711,0.2578657900121023,0.23091247672253304,0.9858980148726214,0.23091247672253304,0.2364990689013033,0.16201117318435743,0.23277467411545613,0.13780260707635017
human_individual,1,human_40053498,2,seed1327_treasury_H3,seed1327,Italian Greek,treasury,H3,150,485.0,0.0,2000.0,gold,2,100.18587360594807,0.18587360594807478,47562,718.7384044526906,141.84210526315817,354.6052631578954,651.3368983957225,1035.135135135136,1412.727272727273,152.15577357543313,166.33689839572253,0.07607788678771657,0.08316844919786126,0.06157386213044843,0.3469387755102041,0.8955962207447516,0.2820037105751386,0.3469387755102041,0.20593692022263477,0.12244897959183704,0.04267161410018544
human_individual,1,human_40053498,3,seed1327_treasury_H4,seed1327,Italian Greek,treasury,H4,180,304.0,0.0,2000.0,gold,1,100.0,0.0,24365,1078.0669144981407,364.7457627118634,728.2608695652167,1077.647058823529,1477.3109243697477,1780.4081632653058,480.26356617812866,773.647058823529,0.24013178308906433,0.3868235294117645,0.37650029021157777,0.10966542750929399,0.9645247864128469,0.10966542750929399,0.17100371747211898,0.31598513011152396,0.221189591078067,0.182156133828996
human_individual,1,human_40053498,4,seed1327_treasury_H6,seed1327,Italian Greek,treasury,H6,240,161.0,0.0,2000.0,gold,1,100.18587360594793,0.18587360594793267,26505,876.8089053803342,247.81609195402322,523.2258064516132,869.620253164557,1214.782608695653,1496.0000000000002,440.423846541409,708.620253164557,0.2202119232707045,0.3543101265822785,0.26883598775992107,0.16141001855287554,0.9199691284703806,0.16141001855287554,0.2875695732838592,0.2931354359925784,0.213358070500928,0.04452690166975883
human_individual,1,human_40053498,5,seed1327_cities_H1,seed1327,Italian Greek,cities,H1,90,10.0,0.0,40.0,cities,2,99.62825278810408,0.3717472118959222,18988,19.98507462686567,9.154098360655736,14.426229508196709,19.98190045248868,25.52066115702479,30.836363636363632,5.743605669687543,9.98190045248868,0.1435901417421886,0.24954751131221703,0.14803982652038297,0.22761194029850793,0.8704570508813352,0.06716417910447758,0.22761194029850793,0.41231343283582056,0.22574626865671643,0.06716417910447758
human_individual,1,human_40053498,6,seed1327_cities_H3,seed1327,Italian Greek,cities,H3,150,18.0,0.0,40.0,cities,3,99.81412639405202,0.1858736059479753,16085,20.491620111731848,8.711926605504587,14.623853211009184,21.162011173184368,27.144444444444453,30.724444444444448,2.764962071537995,3.162011173184368,0.06912405178844987,0.0790502793296092,0.05894791048968513,0.33333333333333326,0.8723837825528515,0.08193668528864063,0.2029795158286775,0.33333333333333326,0.33519553072625735,0.046554934823091206
human_individual,1,human_40053498,7,seed1327_cities_H4,seed1327,Italian Greek,cities,H4,180,19.0,0.0,40.0,cities,3,99.8141263940521,0.18587360594790425,19709,16.99068901303538,3.7356521739130404,9.107913669064743,16.763157894736842,23.828947368421062,30.509473684210526,2.990424651400163,2.2368421052631575,0.07476061628500408,0.05592105263157894,0.08339835419202486,0.28305400372439443,0.9473530537076031,0.21415270018621993,0.25884543761638723,0.28305400372439443,0.17690875232774703,0.06703910614525133
human_individual,1,human_40053498,8,seed1327_cities_H6,seed1327,Italian Greek,cities,H6,240,22.0,0.0,40.0,cities,3,100.1858736059479,0.18587360594790425,40588,13.662337662337661,2.6782608695652184,6.695652173913045,13.292682926829265,19.84242424242424,23.762424242424245,4.7625374594299315,8.707317073170735,0.11906343648574828,0.21768292682926838,0.11535052543533862,0.3061224489795916,0.8383834089666902,0.29870129870129863,0.30426716141001886,0.3061224489795916,0.0723562152133581,0.018552875695732808
human_individual,1,human_40053498,9,seed1327_techs_H1,seed1327,Italian Greek,techs,H1,90,19.0,0.0,60.0,techs,2,99.6282527881041,0.37174721189589377,21914,26.686567164179102,9.188571428571414,16.413793103448278,25.66473988439307,34.95953757225434,46.900000000000006,4.695979566616365,6.664739884393072,0.07826632611027275,0.11107899807321786,0.09270404043216762,0.32462686567164134,0.9190532226359769,0.13059701492537334,0.32462686567164134,0.3227611940298509,0.1343283582089553,0.08768656716417905
human_individual,1,human_40053498,10,seed1327_techs_H3,seed1327,Italian Greek,techs,H3,150,35.0,0.0,60.0,techs,3,100.18587360594799,0.18587360594798952,30437,21.985157699443416,4.587234042553195,11.468085106382986,21.637499999999996,30.733695652173914,36.04615384615384,7.563939585853555,13.362500000000004,0.12606565976422593,0.2227083333333334,0.09825623621011904,0.3413729128014842,0.8562587015899945,0.26159554730983287,0.2968460111317257,0.3413729128014842,0.04823747680890536,0.051948051948051924
human_individual,1,human_40053498,11,seed1327_techs_H4,seed1327,Italian Greek,techs,H4,180,48.0,0.0,60.0,techs,5,99.62825278810406,0.3717472118959364,26350,31.455223880597014,12.754285714285714,21.942857142857147,33.28000000000001,41.88235294117648,46.61176470588236,9.294601680672264,14.719999999999992,0.1549100280112044,0.2453333333333332,0.3241891637892625,0.05597014925373134,0.8811658926259461,0.0876865671641791,0.1958955223880596,0.2798507462686567,0.38059701492537323,0.05597014925373134
human_individual,1,human_40053498,12,seed1327_techs_H6,seed1327,Italian Greek,techs,H6,240,55.0,0.0,60.0,techs,5,99.62825278810399,0.37174721189600746,34026,33.76119402985076,10.05000000000003,21.655172413793128,35.60330578512398,46.75862068965518,54.59495798319328,11.630050520749755,19.39669421487602,0.19383417534582925,0.32327823691460034,0.2391000918912896,0.2220149253731346,0.9771658498822735,0.11940298507462653,0.16231343283582086,0.22574626865671663,0.2705223880597014,0.2220149253731346
human_individual,1,human_40053498,13,seed1976_treasury_H1,seed1976,Afghani,treasury,H1,90,901.0,0.0,2000.0,gold,3,99.81412639405202,0.1858736059479753,27249,766.8528864059593,157.9411764705884,394.852941176471,711.7647058823534,1086.666666666667,1468.571428571429,159.45364145658255,189.23529411764662,0.07972682072829128,0.0946176470588233,0.10614611834143048,0.25139664804469297,0.9207325728095443,0.2532588454376161,0.3165735567970204,0.25139664804469297,0.11731843575419008,0.06145251396648048
human_individual,1,human_40053498,14,seed1976_treasury_H3,seed1976,Afghani,treasury,H3,150,461.0,0.0,2000.0,gold,2,99.6282527881041,0.37174721189589377,15961,874.6268656716418,204.19047619047637,476.8211920529803,832.8767123287669,1199.9999999999995,1636.610169491527,210.31848781368944,371.87671232876687,0.10515924390684472,0.18593835616438342,0.09647019102249939,0.2817164179104481,0.9621741639716723,0.19589552238805952,0.2817164179104481,0.2723880597014926,0.1399253731343278,0.11007462686567193
human_individual,1,human_40053498,15,seed1976_treasury_H4,seed1976,Afghani,treasury,H4,180,132.0,0.0,2000.0,gold,1,99.62825278810402,0.37174721189597904,21349,816.4179104477614,200.37383177570106,456.842105263158,738.9473684210527,1113.4328358208957,1595.3846153846157,400.13535289988454,606.9473684210527,0.20006767644994228,0.30347368421052634,0.22189309979951,0.19962686567164167,0.9264010828891825,0.19962686567164167,0.35447761194029853,0.24999999999999997,0.0970149253731344,0.09888059701492548
human_individual,1,human_40053498,16,seed1976_treasury_H6,seed1976,Afghani,treasury,H6,240,414.0,0.0,2000.0,gold,2,99.81412639405207,0.18587360594793267,16195,675.2327746741158,162.72727272727286,403.982300884956,641.5929203539827,936.6412213740464,1182.5954198473285,139.5792020045078,227.59292035398266,0.0697896010022539,0.11379646017699133,0.04491207446015355,0.4208566108007446,0.8095018609036022,0.2458100558659216,0.4208566108007446,0.24394785847299852,0.07821229050279331,0.011173184357541973
human_individual,1,human_40053498,17,seed1976_cities_H1,seed1976,Afghani,cities,H1,90,32.0,0.0,40.0,cities,5,99.99999999999996,4.263256414560601e-14,58445,21.427509293680295,10.15,16.368421052631582,21.087719298245617,27.32258064516129,33.058064516129015,6.065162422184493,10.912280701754383,0.1516290605546123,0.2728070175438596,0.31667611005928614,0.11524163568773206,0.8776075348542879,0.052044609665427524,0.17843866171003708,0.4237918215613382,0.23048327137546512,0.11524163568773206
human_individual,1,human_40053498,18,seed1976_cities_H3,seed1976,Afghani,cities,H3,150,34.0,0.0,40.0,cities,5,100.37174721189591,0.371747211895908,30690,19.33333333333334,9.127516778523491,13.476510067114104,19.30516431924884,24.666666666666686,30.066666666666674,10.202215458297875,14.694835680751162,0.25505538645744685,0.36737089201877904,0.39048611111111087,0.04629629629629625,0.8509394220480099,0.06111111111111113,0.2759259259259254,0.39444444444444443,0.22222222222222274,0.04629629629629625
human_individual,1,human_40053498,19,seed1976_cities_H4,seed1976,Afghani,cities,H4,180,15.0,0.0,40.0,cities,2,100.18587360594802,0.18587360594801794,14509,20.32653061224489,9.507368421052634,16.11194029850746,20.13432835820895,24.461538461538442,31.56923076923077,3.1890761012749977,5.1343283582089505,0.07972690253187495,0.12835820895522376,0.16329370338116683,0.17625231910946224,0.8403120237093951,0.06679035250463813,0.17625231910946224,0.49721706864564036,0.1688311688311683,0.09090909090909091
human_individual,1,human_40053498,20,seed1976_cities_H6,seed1976,Afghani,cities,H6,240,19.0,0.0,40.0,cities,3,99.6282527881041,0.37174721189589377,23952,21.59701492537313,8.668354430379749,16.344086021505372,22.10752688172043,28.285714285714285,32.34285714285714,2.7626483112640727,3.1075268817204282,0.06906620778160182,0.0776881720430107,0.06212843200044552,0.3470149253731342,0.9087232865502289,0.08768656716417905,0.14738805970149277,0.3470149253731342,0.31343283582089543,0.10447761194029848
human_individual,1,human_40053498,21,seed1976_techs_H1,seed1976,Afghani,techs,H1,90,24.0,0.0,60.0,techs,3,99.62825278810415,0.37174721189585114,25418,23.865671641791046,11.911111111111108,15.622641509433961,21.690566037735852,31.270072992700733,41.19344262295083,3.197923201253096,2.3094339622641478,0.053298720020884933,0.0384905660377358,0.09697141623969703,0.25559701492537307,0.8039301265279232,0.10074626865671646,0.49440298507462677,0.25559701492537307,0.11380597014925388,0.0354477611940298
human_individual,1,human_40053498,22,seed1976_techs_H3,seed1976,Afghani,techs,H3,150,44.0,0.0,60.0,techs,4,100.00000000000007,7.105427357601002e-14,13488,27.345724907063197,13.089908256880737,17.53211009174312,25.2439024390244,35.085365853658544,46.628571428571426,10.413945273790873,18.7560975609756,0.1735657545631812,0.31260162601626,0.20707027957048674,0.1431226765799259,0.8627094670654613,0.06319702602230476,0.40520446096654267,0.30483271375464677,0.1431226765799259,0.08364312267657983
human_individual,1,human_40053498,23,seed1976_techs_H4,seed1976,Afghani,techs,H4,180,46.0,0.0,60.0,techs,4,100.00000000000003,2.842170943040401e-14,16251,33.45724907063197,15.241558441558436,25.872611464968145,36.0983606557377,42.713114754098356,46.68196721311475,6.236748646988392,9.9016393442623,0.10394581078313987,0.16502732240437165,0.07359541051118705,0.4535315985130109,0.8186871991018813,0.06133828996282528,0.14312267657992594,0.2918215613382899,0.4535315985130109,0.05018587360594799
human_individual,1,human_40053498,24,seed1976_techs_H6,seed1976,Afghani,techs,H6,240,60.0,0.0,60.0,techs,5,100.00000000000004,4.263256414560601e-14,16367,37.315985130111514,17.42337662337662,27.60937499999999,38.918918918918905,47.64324324324322,54.995348837209285,14.667045096912847,21.081081081081095,0.24445075161521412,0.3513513513513516,0.19609492682522384,0.2397769516728619,0.8993292452577702,0.035315985130111485,0.14312267657992594,0.2379182156133829,0.34386617100371786,0.2397769516728619
