row,cell_id,world,world_index,qid,rev_id,horizon,block,family,rev_kind,from_bank,control_no_news,p,p_given,delta,nx,question,reveal
0,seed7005:b726|seed7005:r28,seed7005,2,seed7005:b726,seed7005:r28,120,A,EX_government_at,civ_govchange,True,False,0.844,0.844,0.0,1000,Will Saka's government be Republic at turn 120?,Greek changed its form of government (not counting a spell of anarchy).
1,seed7010:b748|seed7010:r7,seed7010,4,seed7010:b748,seed7010:r7,120,A,EX_comparative,pair_peace,True,False,0.708,0.7661290322580645,0.05812903225806454,124,Will Beninese have a higher population than Fijian at turn 120?,American and Spanish signed a peace treaty.
2,seed7014:b772|seed7014:r23,seed7014,6,seed7014:b772,seed7014:r23,120,A,S4_gov_change_count,civ_lost,True,False,0.522,0.5177228786251342,-0.0042771213748658,931,"Will Bissau-Guinean's government change at least 3 times by turn 120? (Anarchy counts as a form of government, for this question.)",Trinidadian and Tobagonian lost a city.
3,seed7022:b516|seed7022:r11,seed7022,7,seed7022:b516,seed7022:r11,120,A,NW5_wonder,pair_war_began,True,True,0.338,0.36633663366336633,0.028336633663366306,101,Will the Great Wall be completed by any civilization by turn 120?,Pelasgian and Abyssinian went to war.
4,seed7003:b687|seed7003:r30,seed7003,1,seed7003:b687,seed7003:r30,120,A,NW2_diplo,civ_cities_grew4,True,False,0.848,0.8467908902691511,-0.0012091097308488674,966,Will Ghana and Sammarinese reach a cease-fire or armistice at any point between turns 61 and 120?,Rhenish had at least four more cities at turn 90 than at turn 60.
5,seed7008:b1260|seed7008:r37,seed7008,3,seed7008:b1260,seed7008:r37,120,A,NB1_threshold,civ_captured,True,False,0.28,0.28865979381443296,0.008659793814432937,485,Will Somali's number of technologies be at least 39 at turn 120?,Peruvian captured a city.
6,seed7001:b1021|seed7001:r17,seed7001,0,seed7001:b1021,seed7001:r17,120,A,NEW_civil_war,pair_contact,True,False,0.058,0.05638297872340425,-0.0016170212765957495,940,Will Santomean suffer a civil war (a breakaway civilization splitting off) by turn 120?,Estonian and Sahrawi made first contact.
7,seed7011:b762|seed7011:r52,seed7011,5,seed7011:b762,seed7011:r52,120,A,NB6_event,civ_lost3,True,False,0.921,0.969187675070028,0.04818767507002797,357,Will at least 20 cities be conquered (in total) by turn 120?,American lost at least three cities.
8,seed7010:b931|seed7010:r46,seed7010,4,seed7010:b931,seed7010:r46,120,A,W5_tech_lead,civ_lost,True,True,0.536,0.536,0.0,1000,Will American know strictly more technologies than every other civilization at turn 120?,Fijian lost a city.
9,seed7005:b1050|seed7005:r36,seed7005,2,seed7005:b1050,seed7005:r36,120,B,EX_government_at,civ_govchange,True,True,0.609,0.609,0.0,1000,Will Cañari's government be Republic at turn 120?,Cañari changed its form of government (not counting a spell of anarchy).
10,seed7003:b698|seed7003:r15,seed7003,1,seed7003:b698,seed7003:r15,120,B,EX_comparative,pair_ceasefire,True,False,0.091,0.06772908366533864,-0.023270916334661357,251,Will Ghana have a higher population than Corsican at turn 120?,Sammarinese and Corsican reached a cease-fire or armistice.
11,seed7003:b1035|seed7003:r38,seed7003,1,seed7003:b1035,seed7003:r38,120,B,NB1_value_threshold,civ_cities_grew4,True,False,0.751,0.7684085510688836,0.017408551068883615,842,Will Ghana's treasury be at least 701 at turn 120?,Ghana had at least four more cities at turn 90 than at turn 60.
12,seed7008:b728|seed7008:r34,seed7008,3,seed7008:b728,seed7008:r34,120,B,NW2_diplo,civ_wonder,True,False,0.257,0.2926315789473684,0.0356315789473684,475,Will Spanish and Somali reach a cease-fire or armistice at any point between turns 61 and 120?,Spanish completed a wonder.
13,seed7014:b650|seed7014:r17,seed7014,6,seed7014:b650,seed7014:r17,120,B,NW1_war_at,civ_captured,True,False,0.663,0.7115384615384616,0.04853846153846153,104,Will Bissau-Guinean and Chinese be at war at turn 120?,Bissau-Guinean captured a city.
14,seed7011:b1322|seed7011:r5,seed7011,5,seed7011:b1322,seed7011:r5,120,B,NB4_drawdown,pair_ceasefire,True,False,0.078,0.07343124165554073,-0.004568758344459273,749,Will American's number of cities drop below 99% of its turn-60 level at any point up to turn 120?,Ohlone and American reached a cease-fire or armistice.
15,seed7003:b745|seed7003:r3,seed7003,1,seed7003:b745,seed7003:r3,120,B,W1_wonder_race,pair_ceasefire,True,False,0.224,0.224,0.0,1000,Will Sammarinese complete Marco Polo's Embassy by turn 120?,Crimean Tatar and Sammarinese reached a cease-fire or armistice.
16,seed7008:b713|seed7008:r35,seed7008,3,seed7008:b713,seed7008:r35,120,B,W6_peace_at,civ_cities_grew4,True,False,0.278,0.2663706992230855,-0.011629300776914542,901,Will Spanish and Peruvian have a formal peace in effect at turn 120?,Spanish had at least four more cities at turn 90 than at turn 60.
17,seed7005:b974|seed7005:r26,seed7005,2,seed7005:b974,seed7005:r26,120,B,W5_tech_lead,civ_captured,True,True,0.274,0.27350427350427353,-0.0004957264957264895,936,Will Greek know strictly more technologies than every other civilization at turn 120?,Greek captured a city.
18,seed7011:b1300|seed7011:r52,seed7011,5,seed7011:b1300,seed7011:r52,120,C1,NB1_value_threshold,civ_lost3,True,True,0.524,0.2913165266106443,-0.23268347338935574,357,Will American's number of cities be at least 24 at turn 120?,American lost at least three cities.
19,seed7011:b1322|seed7011:r52,seed7011,5,seed7011:b1322,seed7011:r52,120,C1,NB4_drawdown,civ_lost3,True,False,0.078,0.16526610644257703,0.08726610644257703,357,Will American's number of cities drop below 99% of its turn-60 level at any point up to turn 120?,American lost at least three cities.
20,seed7010:b694|seed7010:r39,seed7010,4,seed7010:b694,seed7010:r39,120,C1,EX_comparative,civ_lost3,True,False,0.409,0.7971014492753623,0.38810144927536233,207,Will American have a higher number of cities than Beninese at turn 120?,Beninese lost at least three cities.
21,seed7001:b1088|seed7001:r36,seed7001,0,seed7001:b1088,seed7001:r36,120,C1,NB1_value_threshold,civ_lost3,False,False,0.546,0.22,-0.32600000000000007,100,Will Estonian's number of cities be at least 34 at turn 120?,Estonian lost at least three cities.
22,seed7005:b1137|seed7005:r35,seed7005,2,seed7005:b1137,seed7005:r35,120,C1,NB4_drawdown,civ_lost3,False,False,0.065,0.08231707317073171,0.01731707317073171,328,Will Cañari's number of cities drop below 70% of its turn-60 level at any point up to turn 120?,Cañari lost at least three cities.
23,seed7001:b628|seed7001:r28,seed7001,0,seed7001:b628,seed7001:r28,120,C1,EX_comparative,civ_lost3,True,False,0.525,0.7326388888888888,0.20763888888888882,288,Will Brazzaville-Congolese have a higher number of cities than Santomean at turn 120?,Santomean lost at least three cities.
24,seed7010:b964|seed7010:r23,seed7010,4,seed7010:b964,seed7010:r23,120,C1,NB1_value_threshold,civ_lost3,False,False,0.31,0.08658008658008658,-0.2234199134199134,231,Will American's number of cities be at least 34 at turn 120?,American lost at least three cities.
25,seed7011:b1215|seed7011:r44,seed7011,5,seed7011:b1215,seed7011:r44,120,C1,NB4_drawdown,civ_lost3,False,True,0.051,0.1322314049586777,0.0812314049586777,363,Will Equatoguinean's number of cities drop below 70% of its turn-60 level at any point up to turn 120?,Equatoguinean lost at least three cities.
26,seed7014:b735|seed7014:r47,seed7014,6,seed7014:b735,seed7014:r47,120,C1,EX_comparative,civ_lost3,True,True,0.889,0.672,-0.21699999999999997,125,Will Chinese have a higher number of cities than Swazi at turn 120?,Chinese lost at least three cities.
27,seed7003:b1161|seed7003:r42,seed7003,1,seed7003:b1161,seed7003:r42,120,C1,NB1_value_threshold,civ_lost3,False,True,0.906,0.8181818181818182,-0.0878181818181818,286,Will Sammarinese's number of cities be at least 23 at turn 120?,Sammarinese lost at least three cities.
28,seed7008:b981|seed7008:r25,seed7008,3,seed7008:b981,seed7008:r25,120,C1,NB4_drawdown,civ_lost3,False,False,0.09,0.18565400843881857,0.09565400843881858,237,Will Belgian's number of cities drop below 99% of its turn-60 level at any point up to turn 120?,Belgian lost at least three cities.
29,seed7003:b670|seed7003:r26,seed7003,1,seed7003:b670,seed7003:r26,120,C1,EX_comparative,civ_lost3,False,False,0.658,0.5222672064777328,-0.1357327935222672,247,Will Rhenish have a higher number of cities than Sammarinese at turn 120?,Rhenish lost at least three cities.
30,seed7010:b1181|seed7010:r39,seed7010,4,seed7010:b1181,seed7010:r39,120,C1,NB1_value_threshold,civ_lost3,False,False,0.75,0.32367149758454106,-0.42632850241545894,207,Will Beninese's number of cities be at least 26 at turn 120?,Beninese lost at least three cities.
31,seed7010:b1205|seed7010:r39,seed7010,4,seed7010:b1205,seed7010:r39,120,C1,NB4_drawdown,civ_lost3,False,False,0.064,0.25120772946859904,0.18720772946859904,207,Will Beninese's number of cities drop below 70% of its turn-60 level at any point up to turn 120?,Beninese lost at least three cities.
32,seed7010:b667|seed7010:r17,seed7010,4,seed7010:b667,seed7010:r17,120,C1,EX_comparative,civ_lost3,False,False,0.422,0.6601941747572816,0.2381941747572816,103,Will Fijian have a higher number of cities than Central American at turn 120?,Central American lost at least three cities.
33,seed7003:b698|seed7003:r50,seed7003,1,seed7003:b698,seed7003:r50,120,C2,EX_comparative,civ_lost3,True,False,0.091,0.15864022662889518,0.06764022662889518,353,Will Ghana have a higher population than Corsican at turn 120?,Corsican lost at least three cities.
34,seed7001:b1212|seed7001:r43,seed7001,0,seed7001:b1212,seed7001:r43,120,C2,NB4_drawdown,civ_lost3,True,False,0.306,0.5765765765765766,0.2705765765765766,333,Will Guinean's territory size drop below 90% of its turn-60 level at any point up to turn 120?,Guinean lost at least three cities.
35,seed7003:b1143|seed7003:r42,seed7003,1,seed7003:b1143,seed7003:r42,120,C2,NB1_value_threshold,civ_lost3,True,False,0.265,0.1258741258741259,-0.13912587412587413,286,Will Sammarinese's score be at least 166 at turn 120?,Sammarinese lost at least three cities.
36,seed7003:b649|seed7003:r50,seed7003,1,seed7003:b649,seed7003:r50,120,C2,EX_comparative,civ_lost3,True,False,0.607,0.7082152974504249,0.1012152974504249,353,Will Crimean Tatar have a higher territory size than Corsican at turn 120?,Corsican lost at least three cities.
37,seed7008:b977|seed7008:r25,seed7008,3,seed7008:b977,seed7008:r25,120,C2,NB4_drawdown,civ_lost3,True,False,0.336,0.48523206751054854,0.14923206751054852,237,Will Belgian's treasury drop below 50% of its turn-60 level at any point up to turn 120?,Belgian lost at least three cities.
38,seed7001:b882|seed7001:r22,seed7001,0,seed7001:b882,seed7001:r22,120,C2,NB1_value_threshold,civ_lost3,True,False,0.279,0.435,0.15599999999999997,200,Will Brazzaville-Congolese's number of military units be at least 18 at turn 120?,Brazzaville-Congolese lost at least three cities.
39,seed7001:b743|seed7001:r36,seed7001,0,seed7001:b743,seed7001:r36,120,C2,EX_comparative,civ_lost3,True,True,0.055,0.11,0.055,100,Will Sahrawi have a higher population than Estonian at turn 120?,Estonian lost at least three cities.
40,seed7005:b816|seed7005:r14,seed7005,2,seed7005:b816,seed7005:r14,120,C2,NB4_drawdown,civ_lost3,True,False,0.413,0.5368852459016393,0.12388524590163935,732,Will Saka's territory size drop below 70% of its turn-60 level at any point up to turn 120?,Saka lost at least three cities.
41,seed7005:b805|seed7005:r14,seed7005,2,seed7005:b805,seed7005:r14,120,C2,NB1_value_threshold,civ_lost3,True,False,0.051,0.028688524590163935,-0.02231147540983606,732,Will Saka's territory size be at least 253 at turn 120?,Saka lost at least three cities.
42,seed7014:b615|seed7014:r24,seed7014,6,seed7014:b615,seed7014:r24,120,C2,EX_comparative,civ_lost3,True,False,0.286,0.3045045045045045,0.018504504504504526,555,Will Bissau-Guinean have a higher population than Trinidadian and Tobagonian at turn 120?,Trinidadian and Tobagonian lost at least three cities.
43,seed7010:b1313|seed7010:r47,seed7010,4,seed7010:b1313,seed7010:r47,120,C2,NB4_drawdown,civ_lost3,True,False,0.704,0.7980295566502463,0.09402955665024637,203,Will Fijian's treasury drop below 50% of its turn-60 level at any point up to turn 120?,Fijian lost at least three cities.
44,seed7001:b988|seed7001:r28,seed7001,0,seed7001:b988,seed7001:r28,120,C2,NB1_value_threshold,civ_lost3,True,False,0.903,0.8229166666666666,-0.0800833333333334,288,Will Santomean's territory size be at least 229 at turn 120?,Santomean lost at least three cities.
45,seed7010:b748|seed7010:r39,seed7010,4,seed7010:b748,seed7010:r39,120,C2,EX_comparative,civ_lost3,True,False,0.708,0.3671497584541063,-0.34085024154589366,207,Will Beninese have a higher population than Fijian at turn 120?,Beninese lost at least three cities.
46,seed7005:b816|seed7005:r15,seed7005,2,seed7005:b816,seed7005:r15,120,C2,NB4_drawdown,civ_cities_fell2,True,False,0.413,0.9466666666666667,0.5336666666666667,150,Will Saka's territory size drop below 70% of its turn-60 level at any point up to turn 120?,Saka had at least two fewer cities at turn 90 than at turn 60.
47,seed7011:b843|seed7011:r21,seed7011,5,seed7011:b843,seed7011:r21,120,C2,NB1_value_threshold,civ_lost3,False,False,0.75,0.6433566433566433,-0.10664335664335667,143,Will Ohlone's treasury be at least 652 at turn 120?,Ohlone lost at least three cities.
48,seed7001:b731|seed7001:r36,seed7001,0,seed7001:b731,seed7001:r36,120,C2,EX_comparative,civ_lost3,True,True,0.788,0.62,-0.16800000000000004,100,Will Estonian have a higher territory size than Guinean at turn 120?,Estonian lost at least three cities.
49,seed7010:b1206|seed7010:r39,seed7010,4,seed7010:b1206,seed7010:r39,120,C2,NB4_drawdown,civ_lost3,False,False,0.057,0.22705314009661837,0.17005314009661837,207,Will Beninese's population drop below 90% of its turn-60 level at any point up to turn 120?,Beninese lost at least three cities.
50,seed7010:b1176|seed7010:r39,seed7010,4,seed7010:b1176,seed7010:r39,120,C2,NB1_value_threshold,civ_lost3,False,False,0.272,0.057971014492753624,-0.2140289855072464,207,Will Beninese's population be at least 93 at turn 120?,Beninese lost at least three cities.
51,seed7003:b655|seed7003:r26,seed7003,1,seed7003:b655,seed7003:r26,120,C2,EX_comparative,civ_lost3,True,False,0.931,0.8785425101214575,-0.052457489878542596,247,Will Rhenish have a higher population than Ghana at turn 120?,Rhenish lost at least three cities.
52,seed7022:b833|seed7022:r43,seed7022,7,seed7022:b833,seed7022:r43,120,C2,NB4_drawdown,civ_lost3,False,True,0.077,0.13333333333333333,0.05633333333333333,345,Will Hunnic's territory size drop below 70% of its turn-60 level at any point up to turn 120?,Hunnic lost at least three cities.
53,seed7008:b863|seed7008:r18,seed7008,3,seed7008:b863,seed7008:r18,120,C2,NB1_value_threshold,civ_lost3,False,False,0.294,0.19473684210526315,-0.09926315789473683,190,Will Latvian's number of military units be at least 25 at turn 120?,Latvian lost at least three cities.
54,seed7008:b731|seed7008:r47,seed7008,3,seed7008:b731,seed7008:r47,120,C2,EX_comparative,civ_lost3,False,False,0.906,0.7880434782608695,-0.11795652173913052,184,Will Somali have a higher population than Spanish at turn 120?,Somali lost at least three cities.
55,seed7010:b876|seed7010:r17,seed7010,4,seed7010:b876,seed7010:r17,120,C2,NB4_drawdown,civ_lost3,False,False,0.539,0.6893203883495146,0.15032038834951456,103,Will Central American's treasury drop below 50% of its turn-60 level at any point up to turn 120?,Central American lost at least three cities.
56,seed7008:b1301|seed7008:r47,seed7008,3,seed7008:b1301,seed7008:r47,120,C2,NB1_value_threshold,civ_lost3,False,False,0.253,0.29347826086956524,0.04047826086956524,184,Will Somali's number of military units be at least 24 at turn 120?,Somali lost at least three cities.
57,seed7003:b676|seed7003:r26,seed7003,1,seed7003:b676,seed7003:r26,120,C2,EX_comparative,civ_lost3,False,False,0.616,0.5222672064777328,-0.09373279352226715,247,Will Rhenish have a higher population than Corsican at turn 120?,Rhenish lost at least three cities.
58,seed7005:b814|seed7005:r14,seed7005,2,seed7005:b814,seed7005:r14,120,C2,NB4_drawdown,civ_lost3,False,True,0.343,0.3401639344262295,-0.00283606557377053,732,Will Saka's treasury drop below 25% of its turn-60 level at any point up to turn 120?,Saka lost at least three cities.
59,seed7011:b1197|seed7011:r44,seed7011,5,seed7011:b1197,seed7011:r44,120,C2,NB1_value_threshold,civ_lost3,False,True,0.9,0.7658402203856749,-0.13415977961432513,363,Will Equatoguinean's territory size be at least 217 at turn 120?,Equatoguinean lost at least three cities.
60,seed7011:b664|seed7011:r21,seed7011,5,seed7011:b664,seed7011:r21,120,C2,EX_comparative,civ_lost3,False,False,0.511,0.6293706293706294,0.11837062937062937,143,Will Equatoguinean have a higher population than Ohlone at turn 120?,Ohlone lost at least three cities.
61,seed7011:b1212|seed7011:r44,seed7011,5,seed7011:b1212,seed7011:r44,120,C2,NB4_drawdown,civ_lost3,False,False,0.126,0.3002754820936639,0.1742754820936639,363,Will Equatoguinean's territory size drop below 90% of its turn-60 level at any point up to turn 120?,Equatoguinean lost at least three cities.
62,seed7011:b1309|seed7011:r52,seed7011,5,seed7011:b1309,seed7011:r52,120,C2,NB1_value_threshold,civ_lost3,False,False,0.104,0.05042016806722689,-0.0535798319327731,357,Will American's territory size be at least 358 at turn 120?,American lost at least three cities.
63,seed7011:b657|seed7011:r36,seed7011,5,seed7011:b657,seed7011:r36,120,C2,EX_comparative,civ_lost3,False,False,0.883,0.96,0.07699999999999996,175,Will Ohlone have a higher territory size than Guyanese at turn 120?,Guyanese lost at least three cities.
64,seed7022:b832|seed7022:r43,seed7022,7,seed7022:b832,seed7022:r43,120,C2,NB4_drawdown,civ_lost3,False,False,0.167,0.3101449275362319,0.1431449275362319,345,Will Hunnic's territory size drop below 90% of its turn-60 level at any point up to turn 120?,Hunnic lost at least three cities.
65,seed7011:b845|seed7011:r21,seed7011,5,seed7011:b845,seed7011:r21,120,C2,NB1_value_threshold,civ_lost3,False,False,0.25,0.16783216783216784,-0.08216783216783216,143,Will Ohlone's treasury be at least 1643 at turn 120?,Ohlone lost at least three cities.
66,seed7008:b744|seed7008:r47,seed7008,3,seed7008:b744,seed7008:r47,120,C2,EX_comparative,civ_lost3,False,False,0.229,0.3804347826086957,0.15143478260869567,184,Will Peruvian have a higher population than Somali at turn 120?,Somali lost at least three cities.
67,seed7022:b714|seed7022:r27,seed7022,7,seed7022:b714,seed7022:r27,120,C2,NB4_drawdown,civ_lost3,False,False,0.109,0.142433234421365,0.03343323442136499,337,Will Pelasgian's treasury drop below 25% of its turn-60 level at any point up to turn 120?,Pelasgian lost at least three cities.
68,seed7011:b866|seed7011:r21,seed7011,5,seed7011:b866,seed7011:r21,120,C2,NB1_value_threshold,civ_lost3,False,False,0.254,0.16083916083916083,-0.09316083916083917,143,Will Ohlone's territory size be at least 461 at turn 120?,Ohlone lost at least three cities.
69,seed7010:b664|seed7010:r47,seed7010,4,seed7010:b664,seed7010:r47,120,C2,EX_comparative,civ_lost3,False,False,0.52,0.6699507389162561,0.1499507389162561,203,Will Central American have a higher population than Fijian at turn 120?,Fijian lost at least three cities.
70,seed7011:b1104|seed7011:r36,seed7011,5,seed7011:b1104,seed7011:r36,120,C2,NB4_drawdown,civ_lost3,False,False,0.07,0.30857142857142855,0.23857142857142855,175,Will Guyanese's territory size drop below 70% of its turn-60 level at any point up to turn 120?,Guyanese lost at least three cities.
71,seed7011:b1279|seed7011:r52,seed7011,5,seed7011:b1279,seed7011:r52,120,C2,NB1_value_threshold,civ_lost3,False,False,0.518,0.3473389355742297,-0.17066106442577034,357,Will American's score be at least 161 at turn 120?,American lost at least three cities.
72,seed7008:b692|seed7008:r39,seed7008,3,seed7008:b692,seed7008:r39,120,C2,EX_comparative,civ_lost3,False,False,0.493,0.39490445859872614,-0.09809554140127386,157,Will Peruvian have a higher population than Belgian at turn 120?,Peruvian lost at least three cities.
73,seed7003:b1183|seed7003:r42,seed7003,1,seed7003:b1183,seed7003:r42,120,C2,NB4_drawdown,civ_lost3,False,False,0.064,0.17132867132867133,0.10732867132867133,286,Will Sammarinese's territory size drop below 90% of its turn-60 level at any point up to turn 120?,Sammarinese lost at least three cities.
74,seed7008:b938|seed7008:r25,seed7008,3,seed7008:b938,seed7008:r25,120,C2,NB1_value_threshold,civ_lost3,False,False,0.512,0.32489451476793246,-0.18710548523206755,237,Will Belgian's score be at least 159 at turn 120?,Belgian lost at least three cities.
75,seed7014:b688|seed7014:r9,seed7014,6,seed7014:b688,seed7014:r9,120,D,NW2_diplo,pair_war_began,True,False,0.774,0.774,0.0,1000,Will Trinidadian and Tobagonian and Chinese reach a cease-fire or armistice at any point between turns 61 and 120?,Trinidadian and Tobagonian and Tajik went to war.
76,seed7014:b637|seed7014:r14,seed7014,6,seed7014:b637,seed7014:r14,120,D,NW1_war_at,pair_war_began,True,False,0.13,0.11251980982567353,-0.017480190174326476,631,Will Bissau-Guinean and Swazi be at war at turn 120?,Swazi and Chinese went to war.
77,seed7003:b980|seed7003:r26,seed7003,1,seed7003:b980,seed7003:r26,120,D,NEW_civil_war,civ_lost3,True,False,0.053,0.10121457489878542,0.048214574898785424,247,Will Rhenish suffer a civil war (a breakaway civilization splitting off) by turn 120?,Rhenish lost at least three cities.
78,seed7001:b722|seed7001:r43,seed7001,0,seed7001:b722,seed7001:r43,120,D,W6_peace_at,civ_lost3,True,False,0.393,0.37537537537537535,-0.017624624624624663,333,Will Estonian and Guinean have a formal peace in effect at turn 120?,Guinean lost at least three cities.
79,seed7014:b1202|seed7014:r4,seed7014,6,seed7014:b1202,seed7014:r4,120,D,W4_lose_k,pair_war_began,True,False,0.409,0.4473684210526316,0.03836842105263161,114,Will Swazi lose at least 5 cities by turn 120?,Bissau-Guinean and Swazi went to war.
80,seed7010:b651|seed7010:r11,seed7010,4,seed7010:b651,seed7010:r11,120,D,W2_directed_conquest,pair_war_began,True,False,0.065,0.0712979890310786,0.006297989031078602,547,Will Central American capture at least one city from Beninese by turn 120?,Spanish and Beninese went to war.
81,seed7011:b671|seed7011:r0,seed7011,5,seed7011:b671,seed7011:r0,120,D,NW2_diplo,pair_war_began,True,True,0.749,0.14492753623188406,-0.604072463768116,207,Will Ohlone and American reach a cease-fire or armistice at any point between turns 61 and 120?,Ohlone and Libyan went to war.
82,seed7001:b677|seed7001:r36,seed7001,0,seed7001:b677,seed7001:r36,120,D,NW1_war_at,civ_lost3,True,False,0.514,0.34,-0.174,100,Will Santomean and Estonian be at war at turn 120?,Estonian lost at least three cities.
83,seed7001:b1021|seed7001:r28,seed7001,0,seed7001:b1021,seed7001:r28,120,D,NEW_civil_war,civ_lost3,True,False,0.058,0.07291666666666667,0.014916666666666668,288,Will Santomean suffer a civil war (a breakaway civilization splitting off) by turn 120?,Santomean lost at least three cities.
84,seed7001:b722|seed7001:r12,seed7001,0,seed7001:b722,seed7001:r12,120,D,W6_peace_at,pair_war_began,True,False,0.393,0.09433962264150944,-0.2986603773584906,212,Will Estonian and Guinean have a formal peace in effect at turn 120?,Estonian and Guinean went to war.
85,seed7005:b1044|seed7005:r4,seed7005,2,seed7005:b1044,seed7005:r4,120,D,W4_lose_k,pair_war_began,True,False,0.532,0.532,0.0,1000,Will Greek lose at least 3 cities by turn 120?,Otomí and Greek went to war.
86,seed7014:b614|seed7014:r24,seed7014,6,seed7014:b614,seed7014:r24,120,D,W2_directed_conquest,civ_lost3,True,False,0.074,0.06486486486486487,-0.009135135135135128,555,Will Trinidadian and Tobagonian capture at least one city from Bissau-Guinean by turn 120?,Trinidadian and Tobagonian lost at least three cities.
87,seed7001:b708|seed7001:r18,seed7001,0,seed7001:b708,seed7001:r18,120,D,NW2_diplo,pair_war_began,True,True,0.749,0.749,0.0,1000,Will Santomean and Sahrawi be at formal Peace at any point between turns 61 and 120?,Guinean and Sahrawi went to war.
88,seed7001:b721|seed7001:r15,seed7001,0,seed7001:b721,seed7001:r15,120,D,NW1_war_at,pair_war_began,True,True,0.231,0.19899665551839466,-0.032003344481605356,598,Will Estonian and Guinean be at war at turn 120?,Estonian and Sahrawi went to war.
89,seed7003:b980|seed7003:r8,seed7003,1,seed7003:b980,seed7003:r8,120,D,NEW_civil_war,pair_war_began,True,False,0.053,0.053,0.0,1000,Will Rhenish suffer a civil war (a breakaway civilization splitting off) by turn 120?,Rhenish and Sammarinese went to war.
90,seed7008:b713|seed7008:r8,seed7008,3,seed7008:b713,seed7008:r8,120,D,W6_peace_at,pair_war_began,True,False,0.278,0.3275862068965517,0.04958620689655169,464,Will Spanish and Peruvian have a formal peace in effect at turn 120?,Belgian and Peruvian went to war.
91,seed7010:b895|seed7010:r0,seed7010,4,seed7010:b895,seed7010:r0,120,D,W4_lose_k,pair_war_began,True,False,0.495,0.4988479262672811,0.0038479262672810877,868,Will Central American lose at least 5 cities by turn 120?,Central American and Spanish went to war.
92,seed7003:b688|seed7003:r2,seed7003,1,seed7003:b688,seed7003:r2,120,D,W2_directed_conquest,pair_war_began,True,False,0.597,0.597,0.0,1000,Will Ghana capture at least one city from Sammarinese by turn 120?,Crimean Tatar and Sammarinese went to war.
93,seed7010:b703|seed7010:r10,seed7010,4,seed7010:b703,seed7010:r10,120,D,NW2_diplo,pair_war_began,True,False,0.074,0.022988505747126436,-0.05101149425287356,174,Will American and Fijian reach a cease-fire or armistice at any point between turns 61 and 120?,American and Fijian went to war.
94,seed7008:b646|seed7008:r0,seed7008,3,seed7008:b646,seed7008:r0,120,D,NW1_war_at,pair_war_began,True,False,0.345,0.345,0.0,1000,Will Latvian and Peruvian be at war at turn 120?,Latvian and Belgian went to war.
95,seed7014:b638|seed7014:r2,seed7014,6,seed7014:b638,seed7014:r2,120,D,W6_peace_at,pair_war_began,True,False,0.052,0.052,0.0,1000,Will Bissau-Guinean and Swazi have a formal peace in effect at turn 120?,Bissau-Guinean and Tajik went to war.
96,seed7005:b1258|seed7005:r6,seed7005,2,seed7005:b1258,seed7005:r6,120,D,W4_lose_k,pair_war_began,True,True,0.225,0.23475046210720887,0.009750462107208868,541,Will Ostrogothic lose at least 5 cities by turn 120?,Otomí and Ostrogothic went to war.
97,seed7011:b672|seed7011:r9,seed7011,5,seed7011:b672,seed7011:r9,120,D,W2_directed_conquest,pair_war_began,True,False,0.898,0.8939393939393939,-0.004060606060606098,396,Will Ohlone capture at least one city from American by turn 120?,Libyan and American went to war.
98,seed7011:b684|seed7011:r9,seed7011,5,seed7011:b684,seed7011:r9,120,D,NW2_diplo,pair_war_began,True,True,0.555,0.3333333333333333,-0.22166666666666673,396,Will Libyan and Guyanese be at formal Peace at any point between turns 61 and 120?,Libyan and American went to war.
99,seed7001:b677|seed7001:r9,seed7001,0,seed7001:b677,seed7001:r9,120,D,NW1_war_at,pair_war_began,True,False,0.514,0.5247410817031071,0.010741081703107058,869,Will Santomean and Estonian be at war at turn 120?,Santomean and Sahrawi went to war.
100,seed7001:b1748|seed7001:r7,seed7001,0,seed7001:b1748,seed7001:r7,150,A,W4_lose_k,pair_ceasefire,True,False,0.406,0.406,0.0,1000,Will Sahrawi lose at least 5 cities by turn 150?,Santomean and Guinean reached a cease-fire or armistice.
101,seed7008:b2063|seed7008:r29,seed7008,3,seed7008:b2063,seed7008:r29,150,A,W3_capture_k,civ_techs_K,True,False,0.516,0.5258855585831063,0.009885558583106246,734,Will Somali capture at least 5 cities by turn 150?,Belgian knew at least 21 technologies at turn 90.
102,seed7005:b1832|seed7005:r2,seed7005,2,seed7005:b1832,seed7005:r2,150,A,S5_civ_wonders,pair_war_began,True,False,0.184,0.184,0.0,1000,Will Cañari complete at least 1 wonder by turn 150?,Saka and Ostrogothic went to war.
103,seed7011:b1440|seed7011:r16,seed7011,5,seed7011:b1440,seed7011:r16,150,A,NW5_wonder,pair_war_began,True,True,0.363,0.3513909224011713,-0.011609077598828677,683,Will Michelangelo's Chapel be completed by any civilization by turn 150?,Equatoguinean and American went to war.
104,seed7022:b1119|seed7022:r21,seed7022,7,seed7022:b1119,seed7022:r21,150,A,S4_gov_change_count,civ_govchange,True,False,0.931,0.9306532663316583,-0.00034673366834170327,995,"Will Hunnic's government change at least 3 times by turn 150? (Anarchy counts as a form of government, for this question.)",Boian changed its form of government (not counting a spell of anarchy).
105,seed7003:b1404|seed7003:r25,seed7003,1,seed7003:b1404,seed7003:r25,150,A,EX_comparative,civ_lost,True,False,0.797,0.7946175637393768,-0.0023824362606232885,706,Will Sammarinese have a higher territory size than Ghana at turn 150?,Rhenish lost a city.
106,seed7008:b1419|seed7008:r18,seed7008,3,seed7008:b1419,seed7008:r18,150,A,W6_peace_at,civ_lost3,True,False,0.064,0.05789473684210526,-0.006105263157894739,190,Will Spanish and Peruvian have a formal peace in effect at turn 150?,Latvian lost at least three cities.
107,seed7010:b1359|seed7010:r25,seed7010,4,seed7010:b1359,seed7010:r25,150,A,W2_directed_conquest,civ_anarchy,True,False,0.947,0.947,0.0,1000,Will Fijian capture at least one city from Central American by turn 150?,American fell into anarchy at some point.
108,seed7022:b1047|seed7022:r53,seed7022,7,seed7022:b1047,seed7022:r53,150,A,NB1_threshold,civ_techs_K,True,False,0.411,0.4157754010695187,0.0047754010695187366,748,Will Pelasgian's number of technologies be at least 43 at turn 150?,Abyssinian knew at least 20 technologies at turn 90.
109,seed7008:b1419|seed7008:r32,seed7008,3,seed7008:b1419,seed7008:r32,150,B,W6_peace_at,civ_govchange,True,False,0.064,0.059322033898305086,-0.004677966101694915,472,Will Spanish and Peruvian have a formal peace in effect at turn 150?,Spanish changed its form of government (not counting a spell of anarchy).
110,seed7014:b1332|seed7014:r50,seed7014,6,seed7014:b1332,seed7014:r50,150,B,NW1_war_at,civ_wonder,True,False,0.794,0.8093587521663779,0.015358752166377831,577,Will Bissau-Guinean and Chinese be at war at turn 150?,Chinese completed a wonder.
111,seed7005:b1930|seed7005:r45,seed7005,2,seed7005:b1930,seed7005:r45,150,B,NB4_drawdown,civ_cities_grew4,True,False,0.81,0.806941431670282,-0.00305856832971807,922,Will Ostrogothic's treasury drop below 50% of its turn-60 level at any point up to turn 150?,Ostrogothic had at least four more cities at turn 90 than at turn 60.
112,seed7014:b1742|seed7014:r52,seed7014,6,seed7014:b1742,seed7014:r52,150,B,EX_government_at,civ_techs_K,True,False,0.369,0.3594890510948905,-0.009510948905109506,548,Will Chinese's government be Anarchy at turn 150?,Chinese knew at least 25 technologies at turn 90.
113,seed7011:b1441|seed7011:r5,seed7011,5,seed7011:b1441,seed7011:r5,150,B,W1_wonder_race,pair_ceasefire,True,False,0.169,0.18157543391188252,0.012575433911882511,749,Will Ohlone complete Michelangelo's Chapel by turn 150?,Ohlone and American reached a cease-fire or armistice.
114,seed7011:b1378|seed7011:r18,seed7011,5,seed7011:b1378,seed7011:r18,150,B,EX_comparative,pair_peace,True,False,0.532,0.5191256830601093,-0.012874316939890718,366,Will Libyan have a higher population than Equatoguinean at turn 150?,Equatoguinean and American signed a peace treaty.
115,seed7011:b1741|seed7011:r47,seed7011,5,seed7011:b1741,seed7011:r47,150,B,NB1_value_threshold,civ_cities_grew4,True,False,0.052,0.05327868852459016,0.001278688524590163,976,Will Equatoguinean's population be at least 124 at turn 150?,Equatoguinean had at least four more cities at turn 90 than at turn 60.
116,seed7005:b1262|seed7005:r22,seed7005,2,seed7005:b1262,seed7005:r22,150,B,NW2_diplo,civ_anarchy,True,True,0.425,0.42034943473792397,-0.004650565262076023,973,Will Saka and Otomí be at formal Peace at any point between turns 61 and 150?,Otomí fell into anarchy at some point.
117,seed7003:b1517|seed7003:r3,seed7003,1,seed7003:b1517,seed7003:r3,150,B,W5_tech_lead,pair_ceasefire,True,True,0.094,0.094,0.0,1000,Will Crimean Tatar know strictly more technologies than every other civilization at turn 150?,Crimean Tatar and Sammarinese reached a cease-fire or armistice.
118,seed7003:b1658|seed7003:r26,seed7003,1,seed7003:b1658,seed7003:r26,150,C1,NB1_value_threshold,civ_lost3,True,False,0.764,0.6680161943319838,-0.09598380566801623,247,Will Rhenish's number of cities be at least 27 at turn 150?,Rhenish lost at least three cities.
119,seed7005:b1292|seed7005:r15,seed7005,2,seed7005:b1292,seed7005:r15,150,C1,EX_comparative,civ_cities_fell2,False,True,0.608,0.7666666666666667,0.15866666666666673,150,Will Cañari have a higher number of cities than Saka at turn 150?,Saka had at least two fewer cities at turn 90 than at turn 60.
120,seed7005:b1828|seed7005:r35,seed7005,2,seed7005:b1828,seed7005:r35,150,C1,NB4_drawdown,civ_lost3,True,False,0.315,0.46646341463414637,0.15146341463414636,328,Will Cañari's number of cities drop below 99% of its turn-60 level at any point up to turn 150?,Cañari lost at least three cities.
121,seed7003:b1549|seed7003:r18,seed7003,1,seed7003:b1549,seed7003:r18,150,C1,NB1_value_threshold,civ_lost3,False,False,0.531,0.135,-0.396,200,Will Crimean Tatar's number of cities be at least 43 at turn 150?,Crimean Tatar lost at least three cities.
122,seed7008:b1371|seed7008:r18,seed7008,3,seed7008:b1371,seed7008:r18,150,C1,EX_comparative,civ_lost3,False,True,0.118,0.08947368421052632,-0.028526315789473677,190,Will Latvian have a higher number of cities than Somali at turn 150?,Latvian lost at least three cities.
123,seed7008:b1713|seed7008:r25,seed7008,3,seed7008:b1713,seed7008:r25,150,C1,NB4_drawdown,civ_lost3,False,False,0.072,0.15611814345991562,0.08411814345991563,237,Will Belgian's number of cities drop below 70% of its turn-60 level at any point up to turn 150?,Belgian lost at least three cities.
124,seed7008:b2032|seed7008:r47,seed7008,3,seed7008:b2032,seed7008:r47,150,C1,NB1_value_threshold,civ_lost3,False,False,0.113,0.021739130434782608,-0.0912608695652174,184,Will Somali's number of cities be at least 52 at turn 150?,Somali lost at least three cities.
125,seed7003:b1343|seed7003:r42,seed7003,1,seed7003:b1343,seed7003:r42,150,C1,EX_comparative,civ_lost3,False,True,0.783,0.8251748251748252,0.04217482517482518,286,Will Crimean Tatar have a higher number of cities than Sammarinese at turn 150?,Sammarinese lost at least three cities.
126,seed7005:b1505|seed7005:r14,seed7005,2,seed7005:b1505,seed7005:r14,150,C1,NB4_drawdown,civ_lost3,False,False,0.136,0.17759562841530055,0.04159562841530054,732,Will Saka's number of cities drop below 70% of its turn-60 level at any point up to turn 150?,Saka lost at least three cities.
127,seed7022:b1194|seed7022:r43,seed7022,7,seed7022:b1194,seed7022:r43,150,C1,NB1_value_threshold,civ_lost3,False,False,0.924,0.8869565217391304,-0.03704347826086962,345,Will Hunnic's number of cities be at least 8 at turn 150?,Hunnic lost at least three cities.
128,seed7010:b1377|seed7010:r23,seed7010,4,seed7010:b1377,seed7010:r23,150,C1,EX_comparative,civ_lost3,False,False,0.249,0.31601731601731603,0.06701731601731603,231,Will Spanish have a higher number of cities than American at turn 150?,American lost at least three cities.
129,seed7008:b1595|seed7008:r18,seed7008,3,seed7008:b1595,seed7008:r18,150,C1,NB4_drawdown,civ_lost3,False,True,0.097,0.22631578947368422,0.12931578947368422,190,Will Latvian's number of cities drop below 99% of its turn-60 level at any point up to turn 150?,Latvian lost at least three cities.
130,seed7008:b1574|seed7008:r18,seed7008,3,seed7008:b1574,seed7008:r18,150,C1,NB1_value_threshold,civ_lost3,False,False,0.286,0.21578947368421053,-0.07021052631578945,190,Will Latvian's number of cities be at least 26 at turn 150?,Latvian lost at least three cities.
131,seed7011:b1406|seed7011:r44,seed7011,5,seed7011:b1406,seed7011:r44,150,C1,EX_comparative,civ_lost3,False,False,0.697,0.5179063360881543,-0.17909366391184567,363,Will Equatoguinean have a higher number of cities than American at turn 150?,Equatoguinean lost at least three cities.
132,seed7003:b1682|seed7003:r26,seed7003,1,seed7003:b1682,seed7003:r26,150,C1,NB4_drawdown,civ_lost3,False,True,0.051,0.06477732793522267,0.013777327935222676,247,Will Rhenish's number of cities drop below 70% of its turn-60 level at any point up to turn 150?,Rhenish lost at least three cities.
133,seed7005:b1495|seed7005:r15,seed7005,2,seed7005:b1495,seed7005:r15,150,C2,NB1_value_threshold,civ_cities_fell2,True,True,0.757,0.34,-0.417,150,Will Saka's number of military units be at least 20 at turn 150?,Saka had at least two fewer cities at turn 90 than at turn 60.
134,seed7008:b1592|seed7008:r18,seed7008,3,seed7008:b1592,seed7008:r18,150,C2,NB4_drawdown,civ_lost3,True,False,0.427,0.5052631578947369,0.07826315789473687,190,Will Latvian's treasury drop below 25% of its turn-60 level at any point up to turn 150?,Latvian lost at least three cities.
135,seed7008:b1370|seed7008:r18,seed7008,3,seed7008:b1370,seed7008:r18,150,C2,EX_comparative,civ_lost3,True,False,0.655,0.7157894736842105,0.060789473684210504,190,Will Somali have a higher population than Latvian at turn 150?,Latvian lost at least three cities.
136,seed7005:b1495|seed7005:r14,seed7005,2,seed7005:b1495,seed7005:r14,150,C2,NB1_value_threshold,civ_lost3,True,False,0.757,0.7076502732240437,-0.04934972677595628,732,Will Saka's number of military units be at least 20 at turn 150?,Saka lost at least three cities.
137,seed7014:b1618|seed7014:r24,seed7014,6,seed7014:b1618,seed7014:r24,150,C2,NB4_drawdown,civ_lost3,True,True,0.292,0.390990990990991,0.09899099099099101,555,Will Trinidadian and Tobagonian's territory size drop below 90% of its turn-60 level at any point up to turn 150?,Trinidadian and Tobagonian lost at least three cities.
138,seed7008:b1443|seed7008:r47,seed7008,3,seed7008:b1443,seed7008:r47,150,C2,EX_comparative,civ_lost3,True,True,0.833,0.75,-0.08299999999999996,184,Will Somali have a higher territory size than Spanish at turn 150?,Somali lost at least three cities.
139,seed7014:b1585|seed7014:r24,seed7014,6,seed7014:b1585,seed7014:r24,150,C2,NB1_value_threshold,civ_lost3,True,False,0.25,0.18198198198198198,-0.06801801801801802,555,Will Trinidadian and Tobagonian's treasury be at least 1262 at turn 150?,Trinidadian and Tobagonian lost at least three cities.
140,seed7005:b1500|seed7005:r15,seed7005,2,seed7005:b1500,seed7005:r15,150,C2,NB4_drawdown,civ_cities_fell2,True,False,0.743,0.8466666666666667,0.10366666666666668,150,Will Saka's treasury drop below 50% of its turn-60 level at any point up to turn 150?,Saka had at least two fewer cities at turn 90 than at turn 60.
141,seed7003:b1428|seed7003:r42,seed7003,1,seed7003:b1428,seed7003:r42,150,C2,EX_comparative,civ_lost3,True,True,0.363,0.32517482517482516,-0.037825174825174834,286,Will Sammarinese have a higher score than Corsican at turn 150?,Sammarinese lost at least three cities.
142,seed7003:b1874|seed7003:r42,seed7003,1,seed7003:b1874,seed7003:r42,150,C2,NB1_value_threshold,civ_lost3,True,False,0.06,0.03146853146853147,-0.028531468531468526,286,Will Sammarinese's population be at least 99 at turn 150?,Sammarinese lost at least three cities.
143,seed7010:b1854|seed7010:r47,seed7010,4,seed7010:b1854,seed7010:r47,150,C2,NB4_drawdown,civ_lost3,True,False,0.863,0.916256157635468,0.05325615763546798,203,Will Fijian's treasury drop below 50% of its turn-60 level at any point up to turn 150?,Fijian lost at least three cities.
144,seed7011:b1378|seed7011:r44,seed7011,5,seed7011:b1378,seed7011:r44,150,C2,EX_comparative,civ_lost3,True,False,0.532,0.6721763085399449,0.1401763085399449,363,Will Libyan have a higher population than Equatoguinean at turn 150?,Equatoguinean lost at least three cities.
145,seed7003:b1995|seed7003:r50,seed7003,1,seed7003:b1995,seed7003:r50,150,C2,NB1_value_threshold,civ_lost3,True,False,0.901,0.8413597733711048,-0.05964022662889523,353,Will Corsican's territory size be at least 225 at turn 150?,Corsican lost at least three cities.
146,seed7005:b1500|seed7005:r14,seed7005,2,seed7005:b1500,seed7005:r14,150,C2,NB4_drawdown,civ_lost3,True,False,0.743,0.7581967213114754,0.015196721311475425,732,Will Saka's treasury drop below 50% of its turn-60 level at any point up to turn 150?,Saka lost at least three cities.
147,seed7003:b1332|seed7003:r18,seed7003,1,seed7003:b1332,seed7003:r18,150,C2,EX_comparative,civ_lost3,True,True,0.086,0.335,0.24900000000000003,200,Will Ghana have a higher territory size than Crimean Tatar at turn 150?,Crimean Tatar lost at least three cities.
148,seed7011:b1846|seed7011:r52,seed7011,5,seed7011:b1846,seed7011:r52,150,C2,NB1_value_threshold,civ_lost3,True,False,0.904,0.8403361344537815,-0.0636638655462185,357,Will American's population be at least 46 at turn 150?,American lost at least three cities.
149,seed7008:b1933|seed7008:r39,seed7008,3,seed7008:b1933,seed7008:r39,150,C2,NB4_drawdown,civ_lost3,True,False,0.502,0.6242038216560509,0.12220382165605093,157,Will Peruvian's treasury drop below 50% of its turn-60 level at any point up to turn 150?,Peruvian lost at least three cities.
150,seed7005:b1266|seed7005:r14,seed7005,2,seed7005:b1266,seed7005:r14,150,C2,EX_comparative,civ_lost3,True,True,0.652,0.6024590163934426,-0.049540983606557454,732,Will Saka have a higher population than Otomí at turn 150?,Saka lost at least three cities.
151,seed7005:b1475|seed7005:r14,seed7005,2,seed7005:b1475,seed7005:r14,150,C2,NB1_value_threshold,civ_lost3,False,True,0.525,0.45901639344262296,-0.06598360655737706,732,Will Saka's population be at least 66 at turn 150?,Saka lost at least three cities.
152,seed7003:b1896|seed7003:r42,seed7003,1,seed7003:b1896,seed7003:r42,150,C2,NB4_drawdown,civ_lost3,True,False,0.617,0.6258741258741258,0.008874125874125838,286,Will Sammarinese's treasury drop below 50% of its turn-60 level at any point up to turn 150?,Sammarinese lost at least three cities.
153,seed7003:b1404|seed7003:r42,seed7003,1,seed7003:b1404,seed7003:r42,150,C2,EX_comparative,civ_lost3,True,False,0.797,0.7762237762237763,-0.02077622377622379,286,Will Sammarinese have a higher territory size than Ghana at turn 150?,Sammarinese lost at least three cities.
154,seed7011:b1729|seed7011:r44,seed7011,5,seed7011:b1729,seed7011:r44,150,C2,NB1_value_threshold,civ_lost3,False,True,0.9,0.8181818181818182,-0.08181818181818179,363,Will Equatoguinean's treasury be at least 238 at turn 150?,Equatoguinean lost at least three cities.
155,seed7011:b1765|seed7011:r44,seed7011,5,seed7011:b1765,seed7011:r44,150,C2,NB4_drawdown,civ_lost3,False,True,0.291,0.4903581267217631,0.19935812672176312,363,Will Equatoguinean's territory size drop below 90% of its turn-60 level at any point up to turn 150?,Equatoguinean lost at least three cities.
156,seed7003:b1359|seed7003:r50,seed7003,1,seed7003:b1359,seed7003:r50,150,C2,EX_comparative,civ_lost3,True,False,0.203,0.14730878186968838,-0.05569121813031164,353,Will Corsican have a higher score than Crimean Tatar at turn 150?,Corsican lost at least three cities.
157,seed7003:b2007|seed7003:r50,seed7003,1,seed7003:b2007,seed7003:r50,150,C2,NB1_value_threshold,civ_lost3,False,False,0.054,0.0764872521246459,0.022487252124645897,353,Will Corsican's number of military units be at least 45 at turn 150?,Corsican lost at least three cities.
158,seed7008:b1593|seed7008:r18,seed7008,3,seed7008:b1593,seed7008:r18,150,C2,NB4_drawdown,civ_lost3,False,True,0.087,0.22105263157894736,0.13405263157894737,190,Will Latvian's territory size drop below 90% of its turn-60 level at any point up to turn 150?,Latvian lost at least three cities.
159,seed7005:b1266|seed7005:r15,seed7005,2,seed7005:b1266,seed7005:r15,150,C2,EX_comparative,civ_cities_fell2,True,True,0.652,0.3,-0.35200000000000004,150,Will Saka have a higher population than Otomí at turn 150?,Saka had at least two fewer cities at turn 90 than at turn 60.
160,seed7003:b1564|seed7003:r18,seed7003,1,seed7003:b1564,seed7003:r18,150,C2,NB1_value_threshold,civ_lost3,False,False,0.251,0.26,0.009000000000000008,200,Will Crimean Tatar's number of military units be at least 35 at turn 150?,Crimean Tatar lost at least three cities.
161,seed7010:b1855|seed7010:r47,seed7010,4,seed7010:b1855,seed7010:r47,150,C2,NB4_drawdown,civ_lost3,False,False,0.415,0.47783251231527096,0.06283251231527098,203,Will Fijian's treasury drop below 25% of its turn-60 level at any point up to turn 150?,Fijian lost at least three cities.
162,seed7001:b1368|seed7001:r22,seed7001,0,seed7001:b1368,seed7001:r22,150,C2,EX_comparative,civ_lost3,True,False,0.486,0.625,0.139,200,Will Sahrawi have a higher territory size than Brazzaville-Congolese at turn 150?,Brazzaville-Congolese lost at least three cities.
163,seed7005:b1794|seed7005:r35,seed7005,2,seed7005:b1794,seed7005:r35,150,C2,NB1_value_threshold,civ_lost3,False,True,0.101,0.08536585365853659,-0.015634146341463415,328,Will Cañari's treasury be at least 663 at turn 150?,Cañari lost at least three cities.
164,seed7003:b2010|seed7003:r50,seed7003,1,seed7003:b2010,seed7003:r50,150,C2,NB4_drawdown,civ_lost3,False,True,0.087,0.14730878186968838,0.06030878186968838,353,Will Corsican's territory size drop below 90% of its turn-60 level at any point up to turn 150?,Corsican lost at least three cities.
165,seed7022:b880|seed7022:r27,seed7022,7,seed7022:b880,seed7022:r27,150,C2,EX_comparative,civ_lost3,False,False,0.927,0.887240356083086,-0.039759643916914,337,Will Pelasgian have a higher territory size than Hunnic at turn 150?,Pelasgian lost at least three cities.
166,seed7003:b1971|seed7003:r50,seed7003,1,seed7003:b1971,seed7003:r50,150,C2,NB1_value_threshold,civ_lost3,False,True,0.107,0.042492917847025496,-0.0645070821529745,353,Will Corsican's score be at least 208 at turn 150?,Corsican lost at least three cities.
167,seed7022:b1094|seed7022:r27,seed7022,7,seed7022:b1094,seed7022:r27,150,C2,NB4_drawdown,civ_lost3,False,True,0.116,0.2522255192878338,0.13622551928783383,337,Will Pelasgian's territory size drop below 90% of its turn-60 level at any point up to turn 150?,Pelasgian lost at least three cities.
168,seed7001:b1354|seed7001:r36,seed7001,0,seed7001:b1354,seed7001:r36,150,C2,EX_comparative,civ_lost3,False,False,0.397,0.48,0.08299999999999996,100,Will Brazzaville-Congolese have a higher score than Estonian at turn 150?,Estonian lost at least three cities.
169,seed7001:b1470|seed7001:r22,seed7001,0,seed7001:b1470,seed7001:r22,150,C2,NB1_value_threshold,civ_lost3,False,False,0.95,0.91,-0.039999999999999925,200,Will Brazzaville-Congolese's treasury be at least 119 at turn 150?,Brazzaville-Congolese lost at least three cities.
170,seed7003:b2009|seed7003:r50,seed7003,1,seed7003:b2009,seed7003:r50,150,C2,NB4_drawdown,civ_lost3,False,False,0.262,0.28895184135977336,0.026951841359773354,353,Will Corsican's treasury drop below 25% of its turn-60 level at any point up to turn 150?,Corsican lost at least three cities.
171,seed7011:b1363|seed7011:r44,seed7011,5,seed7011:b1363,seed7011:r44,150,C2,EX_comparative,civ_lost3,False,True,0.334,0.22589531680440772,-0.1081046831955923,363,Will Equatoguinean have a higher score than Ohlone at turn 150?,Equatoguinean lost at least three cities.
172,seed7010:b1599|seed7010:r23,seed7010,4,seed7010:b1599,seed7010:r23,150,C2,NB1_value_threshold,civ_lost3,False,False,0.051,0.021645021645021644,-0.029354978354978353,231,Will American's score be at least 242 at turn 150?,American lost at least three cities.
173,seed7011:b1873|seed7011:r52,seed7011,5,seed7011:b1873,seed7011:r52,150,C2,NB4_drawdown,civ_lost3,False,False,0.474,0.5154061624649859,0.04140616246498596,357,Will American's treasury drop below 50% of its turn-60 level at any point up to turn 150?,American lost at least three cities.
174,seed7001:b1369|seed7001:r22,seed7001,0,seed7001:b1369,seed7001:r22,150,C2,EX_comparative,civ_lost3,False,True,0.544,0.41,-0.13400000000000006,200,Will Brazzaville-Congolese have a higher score than Sahrawi at turn 150?,Brazzaville-Congolese lost at least three cities.
175,seed7008:b2066|seed7008:r11,seed7008,3,seed7008:b2066,seed7008:r11,150,D,W4_lose_k,pair_war_began,True,True,0.891,0.8795336787564767,-0.011466321243523314,772,Will Somali lose at least 3 cities by turn 150?,Belgian and Somali went to war.
176,seed7001:b1525|seed7001:r22,seed7001,0,seed7001:b1525,seed7001:r22,150,D,NEW_civil_war,civ_lost3,True,False,0.129,0.245,0.11599999999999999,200,Will Brazzaville-Congolese suffer a civil war (a breakaway civilization splitting off) by turn 150?,Brazzaville-Congolese lost at least three cities.
177,seed7008:b1432|seed7008:r47,seed7008,3,seed7008:b1432,seed7008:r47,150,D,NW1_war_at,civ_lost3,True,False,0.333,0.33152173913043476,-0.0014782608695652621,184,Will Spanish and Somali be at war at turn 150?,Somali lost at least three cities.
178,seed7011:b1400|seed7011:r16,seed7011,5,seed7011:b1400,seed7011:r16,150,D,NW2_diplo,pair_war_began,True,False,0.381,0.09370424597364568,-0.2872957540263543,683,Will Equatoguinean and American be at formal Peace at any point between turns 61 and 150?,Equatoguinean and American went to war.
179,seed7008:b1409|seed7008:r0,seed7008,3,seed7008:b1409,seed7008:r0,150,D,W2_directed_conquest,pair_war_began,True,True,0.307,0.307,0.0,1000,Will Somali capture at least one city from Belgian by turn 150?,Latvian and Belgian went to war.
180,seed7003:b1803|seed7003:r0,seed7003,1,seed7003:b1803,seed7003:r0,150,D,W4_lose_k,pair_war_began,True,False,0.42,0.42,0.0,1000,Will Ghana lose at least 5 cities by turn 150?,Crimean Tatar and Ghana went to war.
181,seed7014:b1527|seed7014:r2,seed7014,6,seed7014:b1527,seed7014:r2,150,D,NEW_civil_war,pair_war_began,True,False,0.08,0.08,0.0,1000,Will Bissau-Guinean suffer a civil war (a breakaway civilization splitting off) by turn 150?,Bissau-Guinean and Tajik went to war.
182,seed7014:b1368|seed7014:r47,seed7014,6,seed7014:b1368,seed7014:r47,150,D,NW1_war_at,civ_lost3,True,False,0.056,0.072,0.015999999999999993,125,Will Tajik and Chinese be at war at turn 150?,Chinese lost at least three cities.
183,seed7011:b1365|seed7011:r9,seed7011,5,seed7011:b1365,seed7011:r9,150,D,NW2_diplo,pair_war_began,True,False,0.75,0.8156565656565656,0.06565656565656564,396,Will Ohlone and American reach a cease-fire or armistice at any point between turns 61 and 150?,Libyan and American went to war.
184,seed7005:b1312|seed7005:r9,seed7005,2,seed7005:b1312,seed7005:r9,150,D,W2_directed_conquest,pair_war_began,True,False,0.696,0.696,0.0,1000,Will Otomí capture at least one city from Greek by turn 150?,Greek and Cañari went to war.
185,seed7008:b1835|seed7008:r14,seed7008,3,seed7008:b1835,seed7008:r14,150,D,W4_lose_k,pair_war_began,True,False,0.722,0.68,-0.041999999999999926,200,Will Spanish lose at least 3 cities by turn 150?,Spanish and Peruvian went to war.
186,seed7011:b1668|seed7011:r36,seed7011,5,seed7011:b1668,seed7011:r36,150,D,NEW_civil_war,civ_lost3,True,False,0.237,0.2742857142857143,0.03728571428571431,175,Will Guyanese suffer a civil war (a breakaway civilization splitting off) by turn 150?,Guyanese lost at least three cities.
187,seed7010:b1368|seed7010:r8,seed7010,4,seed7010:b1368,seed7010:r8,150,D,NW1_war_at,pair_war_began,True,False,0.658,0.6583166332665331,0.000316633266533084,998,Will American and Spanish be at war at turn 150?,American and Beninese went to war.
188,seed7010:b1384|seed7010:r8,seed7010,4,seed7010:b1384,seed7010:r8,150,D,NW2_diplo,pair_war_began,True,False,0.597,0.5981963927855711,0.0011963927855711542,998,Will American and Fijian form an Alliance at any point between turns 61 and 150?,American and Beninese went to war.
189,seed7011:b1402|seed7011:r16,seed7011,5,seed7011:b1402,seed7011:r16,150,D,W2_directed_conquest,pair_war_began,True,False,0.463,0.5109809663250366,0.04798096632503662,683,Will Equatoguinean capture at least one city from American by turn 150?,Equatoguinean and American went to war.
190,seed7001:b1748|seed7001:r9,seed7001,0,seed7001:b1748,seed7001:r9,150,D,W4_lose_k,pair_war_began,True,False,0.406,0.383199079401611,-0.022800920598389007,869,Will Sahrawi lose at least 5 cities by turn 150?,Santomean and Sahrawi went to war.
191,seed7011:b1668|seed7011:r3,seed7011,5,seed7011:b1668,seed7011:r3,150,D,NEW_civil_war,pair_war_began,True,False,0.237,0.237,0.0,1000,Will Guyanese suffer a civil war (a breakaway civilization splitting off) by turn 150?,Ohlone and Guyanese went to war.
192,seed7003:b1370|seed7003:r26,seed7003,1,seed7003:b1370,seed7003:r26,150,D,NW1_war_at,civ_lost3,True,True,0.868,0.8623481781376519,-0.005651821862348139,247,Will Rhenish and Sammarinese be at war at turn 150?,Rhenish lost at least three cities.
193,seed7010:b1345|seed7010:r0,seed7010,4,seed7010:b1345,seed7010:r0,150,D,NW2_diplo,pair_war_began,True,True,0.168,0.10253456221198157,-0.06546543778801844,868,Will Central American and Spanish form an Alliance at any point between turns 61 and 150?,Central American and Spanish went to war.
194,seed7011:b1367|seed7011:r21,seed7011,5,seed7011:b1367,seed7011:r21,150,D,W2_directed_conquest,civ_lost3,True,True,0.916,0.9090909090909091,-0.006909090909090976,143,Will American capture at least one city from Ohlone by turn 150?,Ohlone lost at least three cities.
195,seed7014:b1841|seed7014:r14,seed7014,6,seed7014:b1841,seed7014:r14,150,D,W4_lose_k,pair_war_began,True,False,0.947,0.9413629160063391,-0.0056370839936608075,631,Will Chinese lose at least 3 cities by turn 150?,Swazi and Chinese went to war.
196,seed7001:b1525|seed7001:r0,seed7001,0,seed7001:b1525,seed7001:r0,150,D,NEW_civil_war,pair_war_began,True,False,0.129,0.12854251012145748,-0.0004574898785425219,988,Will Brazzaville-Congolese suffer a civil war (a breakaway civilization splitting off) by turn 150?,Brazzaville-Congolese and Estonian went to war.
197,seed7008:b1432|seed7008:r4,seed7008,3,seed7008:b1432,seed7008:r4,150,D,NW1_war_at,pair_war_began,True,False,0.333,0.8620689655172413,0.5290689655172414,116,Will Spanish and Somali be at war at turn 150?,Latvian and Somali went to war.
198,seed7014:b1357|seed7014:r0,seed7014,6,seed7014:b1357,seed7014:r0,150,D,NW2_diplo,pair_war_began,True,False,0.777,0.777,0.0,1000,Will Trinidadian and Tobagonian and Chinese reach a cease-fire or armistice at any point between turns 61 and 150?,Bissau-Guinean and Trinidadian and Tobagonian went to war.
199,seed7010:b1373|seed7010:r10,seed7010,4,seed7010:b1373,seed7010:r10,150,D,W2_directed_conquest,pair_war_began,True,True,0.111,0.15517241379310345,0.04417241379310345,174,Will Spanish capture at least one city from American by turn 150?,American and Fijian went to war.
200,seed7008:b2178|seed7008:r39,seed7008,3,seed7008:b2178,seed7008:r39,180,A,NW2_diplo,civ_lost3,True,False,0.368,0.3057324840764331,-0.062267515923566885,157,Will Spanish and Somali reach a cease-fire or armistice at any point between turns 61 and 180?,Peruvian lost at least three cities.
201,seed7010:b1923|seed7010:r16,seed7010,4,seed7010:b1923,seed7010:r16,180,A,NW1_war_at,civ_lost,True,False,0.488,0.47327044025157233,-0.014729559748427656,636,Will American and Fijian be at war at turn 180?,Central American lost a city.
202,seed7008:b2585|seed7008:r11,seed7008,3,seed7008:b2585,seed7008:r11,180,A,S5_civ_wonders,pair_war_began,True,False,0.626,0.6282383419689119,0.0022383419689119277,772,Will Spanish complete at least 1 wonder by turn 180?,Belgian and Somali went to war.
203,seed7011:b2343|seed7011:r40,seed7011,5,seed7011:b2343,seed7011:r40,180,A,W3_capture_k,civ_cities_grew4,True,True,0.457,0.455188679245283,-0.0018113207547170163,848,Will Equatoguinean capture at least 5 cities by turn 180?,Guyanese had at least four more cities at turn 90 than at turn 60.
204,seed7010:b1874|seed7010:r44,seed7010,4,seed7010:b1874,seed7010:r44,180,A,W2_directed_conquest,civ_techs_K,True,False,0.877,0.8734567901234568,-0.0035432098765432185,648,Will American capture at least one city from Central American by turn 180?,Beninese knew at least 23 technologies at turn 90.
205,seed7008:b2572|seed7008:r51,seed7008,3,seed7008:b2572,seed7008:r51,180,A,NB1_value_threshold,civ_cities_grew4,True,False,0.755,0.7553083923154702,0.0003083923154701962,989,Will Spanish's number of military units be at least 15 at turn 180?,Somali had at least four more cities at turn 90 than at turn 60.
206,seed7005:b2427|seed7005:r16,seed7005,2,seed7005:b2427,seed7005:r16,180,A,S6_city_founding,civ_govchange,True,True,0.596,0.5894495412844036,-0.006550458715596341,872,Will Greek found at least 8 new cities by turn 180?,Saka changed its form of government (not counting a spell of anarchy).
207,seed7010:b2219|seed7010:r28,seed7010,4,seed7010:b2219,seed7010:r28,180,A,EX_tech_discovered,civ_score_leader,True,True,0.105,0.10392902408111533,-0.0010709759188846646,789,Will Spanish have discovered Explosives by turn 180?,American had the highest score of any civilization at turn 90.
208,seed7022:b1258|seed7022:r5,seed7022,7,seed7022:b1258,seed7022:r5,180,A,NW5_wonder,pair_peace,True,False,0.343,0.3433433433433433,0.0003433433433432942,999,Will the Great Wall be completed by any civilization by turn 180?,Boian and Hunnic signed a peace treaty.
209,seed7005:b2091|seed7005:r21,seed7005,2,seed7005:b2091,seed7005:r21,180,B,W1_wonder_race,civ_govchange,True,True,0.058,0.058,0.0,1000,Will Otomí complete the Great Wall by turn 180?,Otomí changed its form of government (not counting a spell of anarchy).
210,seed7005:b1975|seed7005:r33,seed7005,2,seed7005:b1975,seed7005:r33,180,B,NW1_war_at,civ_captured,True,False,0.864,0.8647830474268415,0.0007830474268415433,991,Will Saka and Cañari be at war at turn 180?,Cañari captured a city.
211,seed7003:b2635|seed7003:r9,seed7003,1,seed7003:b2635,seed7003:r9,180,B,NB4_drawdown,pair_ceasefire,True,True,0.798,0.7993951612903226,0.0013951612903225774,992,Will Sammarinese's treasury drop below 50% of its turn-60 level at any point up to turn 180?,Rhenish and Sammarinese reached a cease-fire or armistice.
212,seed7001:b1784|seed7001:r23,seed7001,0,seed7001:b1784,seed7001:r23,180,B,EX_government_at,civ_govchange,True,False,0.858,0.858,0.0,1000,Will Brazzaville-Congolese's government be Democracy at turn 180?,Brazzaville-Congolese changed its form of government (not counting a spell of anarchy).
213,seed7003:b2748|seed7003:r15,seed7003,1,seed7003:b2748,seed7003:r15,180,B,NB1_value_threshold,pair_ceasefire,True,False,0.271,0.3346613545816733,0.06366135458167327,251,Will Corsican's number of military units be at least 33 at turn 180?,Sammarinese and Corsican reached a cease-fire or armistice.
214,seed7008:b2645|seed7008:r42,seed7008,3,seed7008:b2645,seed7008:r42,180,B,W5_tech_lead,civ_wonder,True,True,0.125,0.19072164948453607,0.06572164948453607,194,Will Peruvian know strictly more technologies than every other civilization at turn 180?,Peruvian completed a wonder.
215,seed7011:b1950|seed7011:r15,seed7011,5,seed7011:b1950,seed7011:r15,180,B,EX_comparative,pair_peace,True,False,0.184,0.184,0.0,1000,Will American have a higher territory size than Libyan at turn 180?,Guyanese and American signed a peace treaty.
216,seed7010:b1925|seed7010:r21,seed7010,4,seed7010:b1925,seed7010:r21,180,B,NW2_diplo,civ_captured,True,False,0.599,0.683982683982684,0.08498268398268405,462,Will American and Fijian form an Alliance at any point between turns 61 and 180?,American captured a city.
217,seed7003:b2158|seed7003:r35,seed7003,1,seed7003:b2158,seed7003:r35,180,B,W1_wonder_race,civ_govchange,True,False,0.926,0.926,0.0,1000,Will Ghana complete the Great Library by turn 180?,Ghana changed its form of government (not counting a spell of anarchy).
218,seed7005:b2502|seed7005:r35,seed7005,2,seed7005:b2502,seed7005:r35,180,C1,NB1_value_threshold,civ_lost3,False,False,0.753,0.7042682926829268,-0.048731707317073214,328,Will Cañari's number of cities be at least 14 at turn 180?,Cañari lost at least three cities.
219,seed7008:b2143|seed7008:r25,seed7008,3,seed7008:b2143,seed7008:r25,180,C1,EX_comparative,civ_lost3,True,False,0.723,0.8607594936708861,0.13775949367088614,237,Will Peruvian have a higher number of cities than Belgian at turn 180?,Belgian lost at least three cities.
220,seed7022:b1368|seed7022:r20,seed7022,7,seed7022:b1368,seed7022:r20,180,C1,NB4_drawdown,civ_lost3,True,False,0.338,0.4678362573099415,0.12983625730994147,342,Will Boian's number of cities drop below 99% of its turn-60 level at any point up to turn 180?,Boian lost at least three cities.
221,seed7008:b2796|seed7008:r47,seed7008,3,seed7008:b2796,seed7008:r47,180,C1,NB1_value_threshold,civ_lost3,False,False,0.513,0.32065217391304346,-0.19234782608695655,184,Will Somali's number of cities be at least 37 at turn 180?,Somali lost at least three cities.
222,seed7010:b1946|seed7010:r47,seed7010,4,seed7010:b1946,seed7010:r47,180,C1,EX_comparative,civ_lost3,True,True,0.446,0.3891625615763547,-0.0568374384236453,203,Will Fijian have a higher number of cities than Spanish at turn 180?,Fijian lost at least three cities.
223,seed7011:b2453|seed7011:r52,seed7011,5,seed7011:b2453,seed7011:r52,180,C1,NB4_drawdown,civ_lost3,False,False,0.091,0.1568627450980392,0.06586274509803922,357,Will American's number of cities drop below 70% of its turn-60 level at any point up to turn 180?,American lost at least three cities.
224,seed7010:b2164|seed7010:r23,seed7010,4,seed7010:b2164,seed7010:r23,180,C1,NB1_value_threshold,civ_lost3,False,False,0.901,0.8874458874458875,-0.01355411255411254,231,Will American's number of cities be at least 23 at turn 180?,American lost at least three cities.
225,seed7008:b2197|seed7008:r47,seed7008,3,seed7008:b2197,seed7008:r47,180,C1,EX_comparative,civ_lost3,False,True,0.428,0.6032608695652174,0.17526086956521741,184,Will Peruvian have a higher number of cities than Somali at turn 180?,Somali lost at least three cities.
226,seed7005:b2525|seed7005:r35,seed7005,2,seed7005:b2525,seed7005:r35,180,C1,NB4_drawdown,civ_lost3,False,True,0.366,0.49390243902439024,0.12790243902439025,328,Will Cañari's number of cities drop below 99% of its turn-60 level at any point up to turn 180?,Cañari lost at least three cities.
227,seed7022:b1346|seed7022:r20,seed7022,7,seed7022:b1346,seed7022:r20,180,C1,NB1_value_threshold,civ_lost3,False,False,0.504,0.347953216374269,-0.156046783625731,342,Will Boian's number of cities be at least 27 at turn 180?,Boian lost at least three cities.
228,seed7003:b2033|seed7003:r18,seed7003,1,seed7003:b2033,seed7003:r18,180,C1,EX_comparative,civ_lost3,False,True,0.167,0.435,0.268,200,Will Rhenish have a higher number of cities than Crimean Tatar at turn 180?,Crimean Tatar lost at least three cities.
229,seed7001:b1884|seed7001:r22,seed7001,0,seed7001:b1884,seed7001:r22,180,C1,NB4_drawdown,civ_lost3,False,False,0.107,0.245,0.138,200,Will Brazzaville-Congolese's number of cities drop below 70% of its turn-60 level at any point up to turn 180?,Brazzaville-Congolese lost at least three cities.
230,seed7001:b1971|seed7001:r36,seed7001,0,seed7001:b1971,seed7001:r36,180,C1,NB1_value_threshold,civ_lost3,False,False,0.751,0.61,-0.14100000000000001,100,Will Estonian's number of cities be at least 31 at turn 180?,Estonian lost at least three cities.
231,seed7010:b1877|seed7010:r23,seed7010,4,seed7010:b1877,seed7010:r23,180,C1,EX_comparative,civ_lost3,False,False,0.251,0.27705627705627706,0.026056277056277055,231,Will Central American have a higher number of cities than American at turn 180?,American lost at least three cities.
232,seed7003:b2410|seed7003:r26,seed7003,1,seed7003:b2410,seed7003:r26,180,C1,NB4_drawdown,civ_lost3,False,False,0.119,0.15789473684210525,0.03889473684210526,247,Will Rhenish's number of cities drop below 70% of its turn-60 level at any point up to turn 180?,Rhenish lost at least three cities.
233,seed7014:b1919|seed7014:r47,seed7014,6,seed7014:b1919,seed7014:r47,180,C2,EX_comparative,civ_lost3,True,True,0.44,0.488,0.04799999999999999,125,Will Tajik have a higher territory size than Chinese at turn 180?,Chinese lost at least three cities.
234,seed7022:b1462|seed7022:r27,seed7022,7,seed7022:b1462,seed7022:r27,180,C2,NB4_drawdown,civ_lost3,True,True,0.246,0.2997032640949555,0.053703264094955516,337,Will Pelasgian's treasury drop below 25% of its turn-60 level at any point up to turn 180?,Pelasgian lost at least three cities.
235,seed7005:b2483|seed7005:r35,seed7005,2,seed7005:b2483,seed7005:r35,180,C2,NB1_value_threshold,civ_lost3,True,True,0.266,0.2073170731707317,-0.05868292682926832,328,Will Cañari's score be at least 193 at turn 180?,Cañari lost at least three cities.
236,seed7008:b2172|seed7008:r39,seed7008,3,seed7008:b2172,seed7008:r39,180,C2,EX_comparative,civ_lost3,True,False,0.661,0.5159235668789809,-0.14507643312101914,157,Will Peruvian have a higher territory size than Spanish at turn 180?,Peruvian lost at least three cities.
237,seed7001:b1880|seed7001:r22,seed7001,0,seed7001:b1880,seed7001:r22,180,C2,NB4_drawdown,civ_lost3,True,True,0.322,0.48,0.15799999999999997,200,Will Brazzaville-Congolese's treasury drop below 25% of its turn-60 level at any point up to turn 180?,Brazzaville-Congolese lost at least three cities.
238,seed7005:b2168|seed7005:r15,seed7005,2,seed7005:b2168,seed7005:r15,180,C2,NB1_value_threshold,civ_cities_fell2,True,False,0.101,0.11333333333333333,0.012333333333333321,150,Will Saka's treasury be at least 439 at turn 180?,Saka had at least two fewer cities at turn 90 than at turn 60.
239,seed7010:b1880|seed7010:r17,seed7010,4,seed7010:b1880,seed7010:r17,180,C2,EX_comparative,civ_lost3,True,True,0.799,0.7864077669902912,-0.012592233009708798,103,Will American have a higher territory size than Central American at turn 180?,Central American lost at least three cities.
240,seed7008:b2465|seed7008:r25,seed7008,3,seed7008:b2465,seed7008:r25,180,C2,NB4_drawdown,civ_lost3,False,True,0.288,0.4050632911392405,0.11706329113924052,237,Will Belgian's treasury drop below 25% of its turn-60 level at any point up to turn 180?,Belgian lost at least three cities.
241,seed7014:b2135|seed7014:r24,seed7014,6,seed7014:b2135,seed7014:r24,180,C2,NB1_value_threshold,civ_lost3,True,True,0.25,0.1963963963963964,-0.05360360360360361,555,Will Trinidadian and Tobagonian's treasury be at least 928 at turn 180?,Trinidadian and Tobagonian lost at least three cities.
242,seed7011:b1930|seed7011:r21,seed7011,5,seed7011:b1930,seed7011:r21,180,C2,EX_comparative,civ_lost3,True,True,0.261,0.4195804195804196,0.15858041958041957,143,Will American have a higher score than Ohlone at turn 180?,Ohlone lost at least three cities.
243,seed7010:b2075|seed7010:r17,seed7010,4,seed7010:b2075,seed7010:r17,180,C2,NB4_drawdown,civ_lost3,False,True,0.909,0.9514563106796117,0.04245631067961164,103,Will Central American's treasury drop below 50% of its turn-60 level at any point up to turn 180?,Central American lost at least three cities.
244,seed7014:b2345|seed7014:r47,seed7014,6,seed7014:b2345,seed7014:r47,180,C2,NB1_value_threshold,civ_lost3,True,False,0.501,0.496,-0.0050000000000000044,125,Will Chinese's treasury be at least 338 at turn 180?,Chinese lost at least three cities.
245,seed7003:b2063|seed7003:r18,seed7003,1,seed7003:b2063,seed7003:r18,180,C2,EX_comparative,civ_lost3,True,False,0.169,0.385,0.216,200,Will Sammarinese have a higher score than Crimean Tatar at turn 180?,Crimean Tatar lost at least three cities.
246,seed7011:b2098|seed7011:r21,seed7011,5,seed7011:b2098,seed7011:r21,180,C2,NB4_drawdown,civ_lost3,False,False,0.119,0.2937062937062937,0.1747062937062937,143,Will Ohlone's territory size drop below 90% of its turn-60 level at any point up to turn 180?,Ohlone lost at least three cities.
247,seed7010:b2155|seed7010:r23,seed7010,4,seed7010:b2155,seed7010:r23,180,C2,NB1_value_threshold,civ_lost3,True,True,0.051,0.030303030303030304,-0.020696969696969693,231,Will American's treasury be at least 2102 at turn 180?,American lost at least three cities.
248,seed7008:b2196|seed7008:r39,seed7008,3,seed7008:b2196,seed7008:r39,180,C2,EX_comparative,civ_lost3,False,False,0.536,0.6050955414012739,0.06909554140127383,157,Will Somali have a higher population than Peruvian at turn 180?,Peruvian lost at least three cities.
249,seed7014:b2168|seed7014:r24,seed7014,6,seed7014:b2168,seed7014:r24,180,C2,NB4_drawdown,civ_lost3,False,False,0.374,0.4846846846846847,0.11068468468468468,555,Will Trinidadian and Tobagonian's territory size drop below 90% of its turn-60 level at any point up to turn 180?,Trinidadian and Tobagonian lost at least three cities.
250,seed7014:b2376|seed7014:r47,seed7014,6,seed7014:b2376,seed7014:r47,180,C2,NB1_value_threshold,civ_lost3,False,False,0.052,0.024,-0.027999999999999997,125,Will Chinese's number of military units be at least 42 at turn 180?,Chinese lost at least three cities.
251,seed7005:b1988|seed7005:r15,seed7005,2,seed7005:b1988,seed7005:r15,180,C2,EX_comparative,civ_cities_fell2,False,False,0.547,0.7,0.1529999999999999,150,Will Cañari have a higher score than Saka at turn 180?,Saka had at least two fewer cities at turn 90 than at turn 60.
252,seed7005:b2523|seed7005:r35,seed7005,2,seed7005:b2523,seed7005:r35,180,C2,NB4_drawdown,civ_lost3,False,False,0.322,0.4268292682926829,0.10482926829268291,328,Will Cañari's territory size drop below 90% of its turn-60 level at any point up to turn 180?,Cañari lost at least three cities.
253,seed7003:b2253|seed7003:r18,seed7003,1,seed7003:b2253,seed7003:r18,180,C2,NB1_value_threshold,civ_lost3,False,False,0.517,0.23,-0.28700000000000003,200,Will Crimean Tatar's score be at least 231 at turn 180?,Crimean Tatar lost at least three cities.
254,seed7003:b2037|seed7003:r18,seed7003,1,seed7003:b2037,seed7003:r18,180,C2,EX_comparative,civ_lost3,False,True,0.169,0.38,0.211,200,Will Rhenish have a higher score than Crimean Tatar at turn 180?,Crimean Tatar lost at least three cities.
255,seed7014:b2380|seed7014:r47,seed7014,6,seed7014:b2380,seed7014:r47,180,C2,NB4_drawdown,civ_lost3,False,False,0.057,0.072,0.014999999999999993,125,Will Chinese's territory size drop below 70% of its turn-60 level at any point up to turn 180?,Chinese lost at least three cities.
256,seed7001:b1985|seed7001:r36,seed7001,0,seed7001:b1985,seed7001:r36,180,C2,NB1_value_threshold,civ_lost3,False,False,0.76,0.66,-0.09999999999999998,100,Will Estonian's number of military units be at least 17 at turn 180?,Estonian lost at least three cities.
257,seed7014:b1902|seed7014:r47,seed7014,6,seed7014:b1902,seed7014:r47,180,C2,EX_comparative,civ_lost3,False,False,0.476,0.384,-0.09199999999999997,125,Will Chinese have a higher population than Trinidadian and Tobagonian at turn 180?,Chinese lost at least three cities.
258,seed7001:b1882|seed7001:r22,seed7001,0,seed7001:b1882,seed7001:r22,180,C2,NB4_drawdown,civ_lost3,False,False,0.173,0.33,0.15700000000000003,200,Will Brazzaville-Congolese's territory size drop below 70% of its turn-60 level at any point up to turn 180?,Brazzaville-Congolese lost at least three cities.
259,seed7001:b1957|seed7001:r36,seed7001,0,seed7001:b1957,seed7001:r36,180,C2,NB1_value_threshold,civ_lost3,False,False,0.751,0.67,-0.08099999999999996,100,Will Estonian's treasury be at least 325 at turn 180?,Estonian lost at least three cities.
260,seed7011:b1912|seed7011:r21,seed7011,5,seed7011:b1912,seed7011:r21,180,C2,EX_comparative,civ_lost3,False,False,0.351,0.46153846153846156,0.11053846153846159,143,Will Equatoguinean have a higher population than Ohlone at turn 180?,Ohlone lost at least three cities.
261,seed7014:b2378|seed7014:r47,seed7014,6,seed7014:b2378,seed7014:r47,180,C2,NB4_drawdown,civ_lost3,False,False,0.328,0.384,0.055999999999999994,125,Will Chinese's treasury drop below 25% of its turn-60 level at any point up to turn 180?,Chinese lost at least three cities.
262,seed7022:b1324|seed7022:r20,seed7022,7,seed7022:b1324,seed7022:r20,180,C2,NB1_value_threshold,civ_lost3,False,False,0.754,0.7076023391812866,-0.04639766081871344,342,Will Boian's score be at least 174 at turn 180?,Boian lost at least three cities.
263,seed7008:b2158|seed7008:r25,seed7008,3,seed7008:b2158,seed7008:r25,180,C2,EX_comparative,civ_lost3,False,False,0.767,0.8227848101265823,0.05578481012658232,237,Will Somali have a higher territory size than Belgian at turn 180?,Belgian lost at least three cities.
264,seed7008:b2467|seed7008:r25,seed7008,3,seed7008:b2467,seed7008:r25,180,C2,NB4_drawdown,civ_lost3,False,True,0.159,0.29957805907172996,0.14057805907172996,237,Will Belgian's territory size drop below 70% of its turn-60 level at any point up to turn 180?,Belgian lost at least three cities.
265,seed7008:b2671|seed7008:r39,seed7008,3,seed7008:b2671,seed7008:r39,180,C2,NB1_value_threshold,civ_lost3,False,False,0.262,0.1464968152866242,-0.11550318471337581,157,Will Peruvian's population be at least 101 at turn 180?,Peruvian lost at least three cities.
266,seed7005:b2070|seed7005:r35,seed7005,2,seed7005:b2070,seed7005:r35,180,C2,EX_comparative,civ_lost3,False,True,0.453,0.551829268292683,0.09882926829268296,328,Will Ostrogothic have a higher territory size than Cañari at turn 180?,Cañari lost at least three cities.
267,seed7005:b2204|seed7005:r15,seed7005,2,seed7005:b2204,seed7005:r15,180,C2,NB4_drawdown,civ_cities_fell2,False,True,0.073,0.4,0.327,150,Will Saka's population drop below 90% of its turn-60 level at any point up to turn 180?,Saka had at least two fewer cities at turn 90 than at turn 60.
268,seed7010:b2067|seed7010:r17,seed7010,4,seed7010:b2067,seed7010:r17,180,C2,NB1_value_threshold,civ_lost3,False,False,0.052,0.038834951456310676,-0.013165048543689321,103,Will Central American's territory size be at least 377 at turn 180?,Central American lost at least three cities.
269,seed7010:b1933|seed7010:r23,seed7010,4,seed7010:b1933,seed7010:r23,180,C2,EX_comparative,civ_lost3,False,False,0.687,0.6190476190476191,-0.06795238095238099,231,Will American have a higher territory size than Fijian at turn 180?,American lost at least three cities.
270,seed7008:b2696|seed7008:r39,seed7008,3,seed7008:b2696,seed7008:r39,180,C2,NB4_drawdown,civ_lost3,False,False,0.319,0.43312101910828027,0.11412101910828026,157,Will Peruvian's treasury drop below 25% of its turn-60 level at any point up to turn 180?,Peruvian lost at least three cities.
271,seed7022:b1437|seed7022:r27,seed7022,7,seed7022:b1437,seed7022:r27,180,C2,NB1_value_threshold,civ_lost3,False,True,0.256,0.22255192878338279,-0.03344807121661722,337,Will Pelasgian's population be at least 94 at turn 180?,Pelasgian lost at least three cities.
272,seed7003:b2049|seed7003:r18,seed7003,1,seed7003:b2049,seed7003:r18,180,C2,EX_comparative,civ_lost3,False,False,0.152,0.35,0.19799999999999998,200,Will Ghana have a higher score than Crimean Tatar at turn 180?,Crimean Tatar lost at least three cities.
273,seed7022:b1370|seed7022:r20,seed7022,7,seed7022:b1370,seed7022:r20,180,C2,NB4_drawdown,civ_lost3,False,False,0.079,0.1023391812865497,0.0233391812865497,342,Will Boian's population drop below 90% of its turn-60 level at any point up to turn 180?,Boian lost at least three cities.
274,seed7008:b2670|seed7008:r39,seed7008,3,seed7008:b2670,seed7008:r39,180,C2,NB1_value_threshold,civ_lost3,False,False,0.512,0.31210191082802546,-0.19989808917197455,157,Will Peruvian's population be at least 85 at turn 180?,Peruvian lost at least three cities.
275,seed7011:b2348|seed7011:r16,seed7011,5,seed7011:b2348,seed7011:r16,180,D,NEW_civil_war,pair_war_began,True,True,0.26,0.2781844802342606,0.018184480234260614,683,Will Equatoguinean suffer a civil war (a breakaway civilization splitting off) by turn 180?,Equatoguinean and American went to war.
276,seed7014:b1912|seed7014:r7,seed7014,6,seed7014:b1912,seed7014:r7,180,D,NW2_diplo,pair_war_began,True,False,0.117,0.11334120425029516,-0.0036587957497048462,847,Will Tajik and Chinese reach a cease-fire or armistice at any point between turns 61 and 180?,Bissau-Guinean and Chinese went to war.
277,seed7008:b2106|seed7008:r15,seed7008,3,seed7008:b2106,seed7008:r15,180,D,NW1_war_at,pair_war_began,True,False,0.518,0.696113074204947,0.17811307420494693,283,Will Latvian and Somali be at war at turn 180?,Peruvian and Somali went to war.
278,seed7010:b2421|seed7010:r10,seed7010,4,seed7010:b2421,seed7010:r10,180,D,W4_lose_k,pair_war_began,True,False,0.929,0.9770114942528736,0.04801149425287354,174,Will Fijian lose at least 5 cities by turn 180?,American and Fijian went to war.
279,seed7010:b1887|seed7010:r11,seed7010,4,seed7010:b1887,seed7010:r11,180,D,W2_directed_conquest,pair_war_began,True,False,0.521,0.5557586837294333,0.03475868372943325,547,Will Central American capture at least one city from Spanish by turn 180?,Spanish and Beninese went to war.
280,seed7022:b1378|seed7022:r6,seed7022,7,seed7022:b1378,seed7022:r6,180,D,NEW_civil_war,pair_war_began,True,False,0.253,0.2619647355163728,0.00896473551637278,794,Will Boian suffer a civil war (a breakaway civilization splitting off) by turn 180?,Boian and Abyssinian went to war.
281,seed7011:b1896|seed7011:r6,seed7011,5,seed7011:b1896,seed7011:r6,180,D,NW2_diplo,pair_war_began,True,False,0.795,0.9621212121212122,0.16712121212121211,792,Will Ohlone and Libyan form an Alliance at any point between turns 61 and 180?,Libyan and Guyanese went to war.
282,seed7010:b1923|seed7010:r12,seed7010,4,seed7010:b1923,seed7010:r12,180,D,NW1_war_at,pair_war_began,True,False,0.488,0.07643312101910828,-0.4115668789808917,157,Will American and Fijian be at war at turn 180?,Spanish and Fijian went to war.
283,seed7005:b2643|seed7005:r2,seed7005,2,seed7005:b2643,seed7005:r2,180,D,W4_lose_k,pair_war_began,True,True,0.689,0.689,0.0,1000,Will Ostrogothic lose at least 5 cities by turn 180?,Saka and Ostrogothic went to war.
284,seed7008:b2072|seed7008:r4,seed7008,3,seed7008:b2072,seed7008:r4,180,D,W2_directed_conquest,pair_war_began,True,False,0.906,0.896551724137931,-0.009448275862068978,116,Will Belgian capture at least one city from Latvian by turn 180?,Latvian and Somali went to war.
285,seed7005:b2537|seed7005:r1,seed7005,2,seed7005:b2537,seed7005:r1,180,D,NEW_civil_war,pair_war_began,True,False,0.189,0.189,0.0,1000,Will Cañari suffer a civil war (a breakaway civilization splitting off) by turn 180?,Saka and Cañari went to war.
286,seed7010:b1940|seed7010:r12,seed7010,4,seed7010:b1940,seed7010:r12,180,D,NW2_diplo,pair_war_began,True,False,0.153,0.08917197452229299,-0.06382802547770701,157,Will Spanish and Fijian reach a cease-fire or armistice at any point between turns 61 and 180?,Spanish and Fijian went to war.
287,seed7011:b1893|seed7011:r6,seed7011,5,seed7011:b1893,seed7011:r6,180,D,NW1_war_at,pair_war_began,True,False,0.239,0.06439393939393939,-0.1746060606060606,792,Will Ohlone and Libyan be at war at turn 180?,Libyan and Guyanese went to war.
288,seed7008:b2595|seed7008:r14,seed7008,3,seed7008:b2595,seed7008:r14,180,D,W4_lose_k,pair_war_began,True,True,0.949,0.935,-0.013999999999999901,200,Will Spanish lose at least 2 cities by turn 180?,Spanish and Peruvian went to war.
289,seed7008:b2111|seed7008:r15,seed7008,3,seed7008:b2111,seed7008:r15,180,D,W2_directed_conquest,pair_war_began,True,True,0.405,0.5936395759717314,0.18863957597173142,283,Will Somali capture at least one city from Latvian by turn 180?,Peruvian and Somali went to war.
290,seed7022:b1378|seed7022:r20,seed7022,7,seed7022:b1378,seed7022:r20,180,D,NEW_civil_war,civ_lost3,True,True,0.253,0.2719298245614035,0.01892982456140352,342,Will Boian suffer a civil war (a breakaway civilization splitting off) by turn 180?,Boian lost at least three cities.
291,seed7011:b1920|seed7011:r9,seed7011,5,seed7011:b1920,seed7011:r9,180,D,NW2_diplo,pair_war_began,True,False,0.76,0.8232323232323232,0.0632323232323232,396,Will Ohlone and American reach a cease-fire or armistice at any point between turns 61 and 180?,Libyan and American went to war.
292,seed7011:b1941|seed7011:r6,seed7011,5,seed7011:b1941,seed7011:r6,180,D,NW1_war_at,pair_war_began,True,False,0.769,0.9406565656565656,0.17165656565656562,792,Will Libyan and American be at war at turn 180?,Libyan and Guyanese went to war.
293,seed7003:b2536|seed7003:r0,seed7003,1,seed7003:b2536,seed7003:r0,180,D,W4_lose_k,pair_war_began,True,False,0.634,0.634,0.0,1000,Will Ghana lose at least 5 cities by turn 180?,Crimean Tatar and Ghana went to war.
294,seed7010:b1874|seed7010:r17,seed7010,4,seed7010:b1874,seed7010:r17,180,D,W2_directed_conquest,civ_lost3,True,False,0.877,0.941747572815534,0.064747572815534,103,Will American capture at least one city from Central American by turn 180?,Central American lost at least three cities.
295,seed7001:b2011|seed7001:r18,seed7001,0,seed7001:b2011,seed7001:r18,180,D,NEW_civil_war,pair_war_began,True,False,0.469,0.469,0.0,1000,Will Guinean suffer a civil war (a breakaway civilization splitting off) by turn 180?,Guinean and Sahrawi went to war.
296,seed7008:b2178|seed7008:r11,seed7008,3,seed7008:b2178,seed7008:r11,180,D,NW2_diplo,pair_war_began,True,False,0.368,0.31476683937823835,-0.053233160621761644,772,Will Spanish and Somali reach a cease-fire or armistice at any point between turns 61 and 180?,Belgian and Somali went to war.
297,seed7010:b1937|seed7010:r11,seed7010,4,seed7010:b1937,seed7010:r11,180,D,NW1_war_at,pair_war_began,True,False,0.699,0.6288848263254113,-0.07011517367458864,547,Will Spanish and Fijian be at war at turn 180?,Spanish and Beninese went to war.
298,seed7005:b2435|seed7005:r4,seed7005,2,seed7005:b2435,seed7005:r4,180,D,W4_lose_k,pair_war_began,True,False,0.586,0.586,0.0,1000,Will Greek lose at least 5 cities by turn 180?,Otomí and Greek went to war.
299,seed7011:b1943|seed7011:r0,seed7011,5,seed7011:b1943,seed7011:r0,180,D,W2_directed_conquest,pair_war_began,True,False,0.768,0.05314009661835749,-0.7148599033816425,207,Will Libyan capture at least one city from American by turn 180?,Ohlone and Libyan went to war.
300,seed7008:b3238|seed7008:r32,seed7008,3,seed7008:b3238,seed7008:r32,210,A,NB4_drawdown,civ_govchange,True,False,0.775,0.7733050847457628,-0.0016949152542372614,472,Will Belgian's treasury drop below 50% of its turn-60 level at any point up to turn 210?,Spanish changed its form of government (not counting a spell of anarchy).
301,seed7014:b2519|seed7014:r28,seed7014,6,seed7014:b2519,seed7014:r28,210,A,S4_gov_change_count,civ_cities_grew4,True,True,0.917,0.919831223628692,0.0028312236286919257,948,"Will Bissau-Guinean's government change at least 3 times by turn 210? (Anarchy counts as a form of government, for this question.)",Trinidadian and Tobagonian had at least four more cities at turn 90 than at turn 60.
302,seed7008:b3364|seed7008:r12,seed7008,3,seed7008:b3364,seed7008:r12,210,A,S6_city_founding,pair_ceasefire,True,False,0.946,0.946,0.0,1000,Will Spanish found at least 8 new cities by turn 210?,Belgian and Somali reached a cease-fire or armistice.
303,seed7003:b2793|seed7003:r38,seed7003,1,seed7003:b2793,seed7003:r38,210,A,W6_peace_at,civ_cities_grew4,True,False,0.058,0.05344418052256532,-0.004555819477434685,842,Will Crimean Tatar and Sammarinese have a formal peace in effect at turn 210?,Ghana had at least four more cities at turn 90 than at turn 60.
304,seed7003:b2770|seed7003:r41,seed7003,1,seed7003:b2770,seed7003:r41,210,A,W2_directed_conquest,civ_lost,True,True,0.933,0.932527693856999,-0.00047230614300108886,993,Will Crimean Tatar capture at least one city from Rhenish by turn 210?,Sammarinese lost a city.
305,seed7011:b2589|seed7011:r17,seed7011,5,seed7011:b2589,seed7011:r17,210,A,EX_government_at,pair_ceasefire,True,False,0.235,0.235,0.0,1000,Will Ohlone's government be Communism at turn 210?,Equatoguinean and American reached a cease-fire or armistice.
306,seed7011:b2562|seed7011:r55,seed7011,5,seed7011:b2562,seed7011:r55,210,A,W1_wonder_race,civ_wonder,True,False,0.248,0.2222222222222222,-0.02577777777777779,261,Will Libyan complete the Great Wall by turn 210?,American completed a wonder.
307,seed7022:b1486|seed7022:r30,seed7022,7,seed7022:b1486,seed7022:r30,210,A,NW5_wonder,civ_cities_grew4,True,True,0.295,0.29509906152241916,9.906152241917487e-05,959,Will A.Smith's Trading Co. be completed by any civilization by turn 210?,Pelasgian had at least four more cities at turn 90 than at turn 60.
308,seed7008:b3213|seed7008:r42,seed7008,3,seed7008:b3213,seed7008:r42,210,A,NB1_value_threshold,civ_wonder,True,False,0.528,0.5257731958762887,-0.0022268041237113456,194,Will Belgian's population be at least 92 at turn 210?,Peruvian completed a wonder.
309,seed7003:b2793|seed7003:r44,seed7003,1,seed7003:b2793,seed7003:r44,210,B,W6_peace_at,civ_anarchy,True,False,0.058,0.06436781609195402,0.006367816091954019,435,Will Crimean Tatar and Sammarinese have a formal peace in effect at turn 210?,Sammarinese fell into anarchy at some point.
310,seed7008:b3424|seed7008:r3,seed7008,3,seed7008:b3424,seed7008:r3,210,B,W5_tech_lead,pair_peace,True,False,0.133,0.12976313079299692,-0.0032368692070030847,971,Will Peruvian know strictly more technologies than every other civilization at turn 210?,Latvian and Peruvian signed a peace treaty.
311,seed7010:b2476|seed7010:r51,seed7010,4,seed7010:b2476,seed7010:r51,210,B,NW2_diplo,civ_techs_K,True,False,0.166,0.15828677839851024,-0.007713221601489767,537,Will American and Fijian reach a cease-fire or armistice at any point between turns 61 and 210?,Fijian knew at least 20 technologies at turn 90.
312,seed7011:b2562|seed7011:r30,seed7011,5,seed7011:b2562,seed7011:r30,210,B,W1_wonder_race,civ_anarchy,True,False,0.248,0.248,0.0,1000,Will Libyan complete the Great Wall by turn 210?,Libyan fell into anarchy at some point.
313,seed7014:b2473|seed7014:r48,seed7014,6,seed7014:b2473,seed7014:r48,210,B,EX_comparative,civ_govchange,True,False,0.533,0.533,0.0,1000,Will Chinese have a higher territory size than Tajik at turn 210?,Chinese changed its form of government (not counting a spell of anarchy).
314,seed7011:b2902|seed7011:r45,seed7011,5,seed7011:b2902,seed7011:r45,210,B,NB1_value_threshold,civ_govchange,True,True,0.255,0.255,0.0,1000,Will Equatoguinean's population be at least 113 at turn 210?,Equatoguinean changed its form of government (not counting a spell of anarchy).
315,seed7010:b2473|seed7010:r5,seed7010,4,seed7010:b2473,seed7010:r5,210,B,NW1_war_at,pair_ceasefire,True,False,0.5,0.5,0.0,1000,Will American and Fijian be at war at turn 210?,Central American and Fijian reached a cease-fire or armistice.
316,seed7003:b3064|seed7003:r27,seed7003,1,seed7003:b3064,seed7003:r27,210,B,EX_government_at,civ_govchange,True,True,0.5,0.5021645021645021,0.0021645021645021467,924,Will Rhenish's government be Democracy at turn 210?,Rhenish changed its form of government (not counting a spell of anarchy).
317,seed7003:b3509|seed7003:r13,seed7003,1,seed7003:b3509,seed7003:r13,210,B,NB4_drawdown,pair_ceasefire,True,False,0.085,0.085,0.0,1000,Will Corsican's territory size drop below 70% of its turn-60 level at any point up to turn 210?,Ghana and Corsican reached a cease-fire or armistice.
318,seed7014:b2406|seed7014:r24,seed7014,6,seed7014:b2406,seed7014:r24,210,C1,EX_comparative,civ_lost3,False,False,0.481,0.42342342342342343,-0.057576576576576555,555,Will Trinidadian and Tobagonian have a higher number of cities than Bissau-Guinean at turn 210?,Trinidadian and Tobagonian lost at least three cities.
319,seed7022:b1595|seed7022:r20,seed7022,7,seed7022:b1595,seed7022:r20,210,C1,NB4_drawdown,civ_lost3,True,False,0.298,0.41228070175438597,0.11428070175438598,342,Will Boian's number of cities drop below 70% of its turn-60 level at any point up to turn 210?,Boian lost at least three cities.
320,seed7014:b2716|seed7014:r24,seed7014,6,seed7014:b2716,seed7014:r24,210,C1,NB1_value_threshold,civ_lost3,False,False,0.253,0.19099099099099098,-0.06200900900900902,555,Will Trinidadian and Tobagonian's number of cities be at least 44 at turn 210?,Trinidadian and Tobagonian lost at least three cities.
321,seed7010:b2496|seed7010:r47,seed7010,4,seed7010:b2496,seed7010:r47,210,C1,EX_comparative,civ_lost3,False,False,0.496,0.43842364532019706,-0.05757635467980293,203,Will Fijian have a higher number of cities than Spanish at turn 210?,Fijian lost at least three cities.
322,seed7010:b2637|seed7010:r17,seed7010,4,seed7010:b2637,seed7010:r17,210,C1,NB4_drawdown,civ_lost3,False,False,0.088,0.08737864077669903,-0.0006213592233009629,103,Will Central American's number of cities drop below 99% of its turn-60 level at any point up to turn 210?,Central American lost at least three cities.
323,seed7010:b2728|seed7010:r23,seed7010,4,seed7010:b2728,seed7010:r23,210,C1,NB1_value_threshold,civ_lost3,False,False,0.119,0.06493506493506493,-0.054064935064935066,231,Will American's number of cities be at least 44 at turn 210?,American lost at least three cities.
324,seed7010:b2427|seed7010:r17,seed7010,4,seed7010:b2427,seed7010:r17,210,C1,EX_comparative,civ_lost3,False,True,0.241,0.22330097087378642,-0.017699029126213572,103,Will Central American have a higher number of cities than American at turn 210?,Central American lost at least three cities.
325,seed7022:b1594|seed7022:r20,seed7022,7,seed7022:b1594,seed7022:r20,210,C1,NB4_drawdown,civ_lost3,False,False,0.449,0.5847953216374269,0.13579532163742686,342,Will Boian's number of cities drop below 99% of its turn-60 level at any point up to turn 210?,Boian lost at least three cities.
326,seed7010:b2954|seed7010:r47,seed7010,4,seed7010:b2954,seed7010:r47,210,C1,NB1_value_threshold,civ_lost3,False,False,0.781,0.7093596059113301,-0.07164039408866996,203,Will Fijian's number of cities be at least 22 at turn 210?,Fijian lost at least three cities.
327,seed7010:b2481|seed7010:r47,seed7010,4,seed7010:b2481,seed7010:r47,210,C1,EX_comparative,civ_lost3,False,False,0.704,0.7389162561576355,0.034916256157635495,203,Will American have a higher number of cities than Fijian at turn 210?,Fijian lost at least three cities.
328,seed7022:b1571|seed7022:r20,seed7022,7,seed7022:b1571,seed7022:r20,210,C1,NB1_value_threshold,civ_lost3,False,False,0.753,0.672514619883041,-0.08048538011695905,342,Will Boian's number of cities be at least 15 at turn 210?,Boian lost at least three cities.
329,seed7011:b2902|seed7011:r43,seed7011,5,seed7011:b2902,seed7011:r43,210,C2,NB1_value_threshold,civ_lost,True,False,0.255,0.19733333333333333,-0.05766666666666667,750,Will Equatoguinean's population be at least 113 at turn 210?,Equatoguinean lost a city.
330,seed7010:b2439|seed7010:r16,seed7010,4,seed7010:b2439,seed7010:r16,210,C2,EX_comparative,civ_lost,True,False,0.318,0.31446540880503143,-0.0035345911949685727,636,Will Central American have a higher population than Spanish at turn 210?,Central American lost a city.
331,seed7011:b2926|seed7011:r43,seed7011,5,seed7011:b2926,seed7011:r43,210,C2,NB4_drawdown,civ_lost,True,False,0.459,0.512,0.05299999999999999,750,Will Equatoguinean's treasury drop below 50% of its turn-60 level at any point up to turn 210?,Equatoguinean lost a city.
332,seed7011:b2660|seed7011:r25,seed7011,5,seed7011:b2660,seed7011:r25,210,C2,NB1_value_threshold,civ_score_leader,True,False,0.904,0.9066852367688022,0.0026852367688021683,718,Will Ohlone's population be at least 43 at turn 210?,Ohlone had the highest score of any civilization at turn 90.
333,seed7011:b2528|seed7011:r28,seed7011,5,seed7011:b2528,seed7011:r28,210,C2,EX_comparative,civ_lost,True,False,0.776,0.7755775577557755,-0.00042244224422449683,303,Will Libyan have a higher territory size than American at turn 210?,Libyan lost a city.
334,seed7003:b3270|seed7003:r34,seed7003,1,seed7003:b3270,seed7003:r34,210,C2,NB4_drawdown,civ_lost,True,False,0.701,0.7592592592592593,0.058259259259259344,216,Will Ghana's treasury drop below 50% of its turn-60 level at any point up to turn 210?,Ghana lost a city.
335,seed7011:b2660|seed7011:r20,seed7011,5,seed7011:b2660,seed7011:r20,210,C2,NB1_value_threshold,civ_lost,True,False,0.904,0.886021505376344,-0.01797849462365597,465,Will Ohlone's population be at least 43 at turn 210?,Ohlone lost a city.
336,seed7003:b2810|seed7003:r22,seed7003,1,seed7003:b2810,seed7003:r22,210,C2,EX_comparative,civ_score_leader,True,False,0.315,0.2782503037667072,-0.03674969623329283,823,Will Corsican have a higher population than Crimean Tatar at turn 210?,Crimean Tatar had the highest score of any civilization at turn 90.
337,seed7003:b3156|seed7003:r31,seed7003,1,seed7003:b3156,seed7003:r31,210,C2,NB4_drawdown,civ_score_leader,True,False,0.696,0.6915887850467289,-0.004411214953271014,107,Will Rhenish's treasury drop below 50% of its turn-60 level at any point up to turn 210?,Rhenish had the highest score of any civilization at turn 90.
338,seed7010:b2624|seed7010:r16,seed7010,4,seed7010:b2624,seed7010:r16,210,C2,NB1_value_threshold,civ_lost,True,True,0.102,0.10377358490566038,0.0017735849056603886,636,Will Central American's territory size be at least 351 at turn 210?,Central American lost a city.
339,seed7003:b2798|seed7003:r22,seed7003,1,seed7003:b2798,seed7003:r22,210,C2,EX_comparative,civ_score_leader,True,False,0.887,0.9173754556500607,0.030375455650060723,823,Will Crimean Tatar have a higher population than Sammarinese at turn 210?,Crimean Tatar had the highest score of any civilization at turn 90.
340,seed7005:b2930|seed7005:r20,seed7005,2,seed7005:b2930,seed7005:r20,210,C2,NB4_drawdown,civ_lost,True,False,0.919,0.9150090415913201,-0.003990958408679912,553,Will Otomí's treasury drop below 50% of its turn-60 level at any point up to turn 210?,Otomí lost a city.
341,seed7003:b3375|seed7003:r41,seed7003,1,seed7003:b3375,seed7003:r41,210,C2,NB1_value_threshold,civ_lost,True,True,0.268,0.2678751258811682,-0.0001248741188318303,993,Will Sammarinese's number of cities be at least 32 at turn 210?,Sammarinese lost a city.
342,seed7014:b2473|seed7014:r46,seed7014,6,seed7014:b2473,seed7014:r46,210,C2,EX_comparative,civ_lost,True,False,0.533,0.48742138364779874,-0.045578616352201284,318,Will Chinese have a higher territory size than Tajik at turn 210?,Chinese lost a city.
343,seed7022:b1595|seed7022:r19,seed7022,7,seed7022:b1595,seed7022:r19,210,C2,NB4_drawdown,civ_lost,True,False,0.298,0.32171581769436997,0.02371581769436998,746,Will Boian's number of cities drop below 70% of its turn-60 level at any point up to turn 210?,Boian lost a city.
344,seed7011:b3012|seed7011:r51,seed7011,5,seed7011:b3012,seed7011:r51,210,C2,NB1_value_threshold,civ_lost,True,False,0.101,0.09102564102564102,-0.009974358974358985,780,Will American's score be at least 254 at turn 210?,American lost a city.
345,seed7003:b2787|seed7003:r17,seed7003,1,seed7003:b2787,seed7003:r17,210,C2,EX_comparative,civ_lost,True,False,0.079,0.1715686274509804,0.09256862745098039,408,Will Ghana have a higher number of cities than Crimean Tatar at turn 210?,Crimean Tatar lost a city.
346,seed7008:b3475|seed7008:r38,seed7008,3,seed7008:b3475,seed7008:r38,210,C2,NB4_drawdown,civ_lost,True,False,0.439,0.49245283018867925,0.053452830188679246,530,Will Peruvian's treasury drop below 25% of its turn-60 level at any point up to turn 210?,Peruvian lost a city.
347,seed7003:b3486|seed7003:r49,seed7003,1,seed7003:b3486,seed7003:r49,210,C2,NB1_value_threshold,civ_lost,True,False,0.906,0.9030558482613277,-0.0029441517386723515,949,Will Corsican's number of cities be at least 17 at turn 210?,Corsican lost a city.
348,seed7001:b2020|seed7001:r21,seed7001,0,seed7001:b2020,seed7001:r21,210,C2,EX_comparative,civ_lost,True,True,0.656,0.6861598440545809,0.03015984405458083,513,Will Estonian have a higher population than Brazzaville-Congolese at turn 210?,Brazzaville-Congolese lost a city.
349,seed7005:b3045|seed7005:r39,seed7005,2,seed7005:b3045,seed7005:r39,210,C2,NB4_drawdown,civ_score_leader,True,False,0.376,0.30045871559633025,-0.07554128440366975,436,Will Cañari's territory size drop below 90% of its turn-60 level at any point up to turn 210?,Cañari had the highest score of any civilization at turn 90.
350,seed7008:b3432|seed7008:r38,seed7008,3,seed7008:b3432,seed7008:r38,210,C2,NB1_value_threshold,civ_lost,True,False,0.95,0.9415094339622642,-0.008490566037735792,530,Will Peruvian's score be at least 162 at turn 210?,Peruvian lost a city.
351,seed7014:b2410|seed7014:r29,seed7014,6,seed7014:b2410,seed7014:r29,210,C2,EX_comparative,civ_score_leader,True,False,0.594,0.6210892236384704,0.02708922363847044,863,Will Trinidadian and Tobagonian have a higher score than Bissau-Guinean at turn 210?,Trinidadian and Tobagonian had the highest score of any civilization at turn 90.
352,seed7005:b2835|seed7005:r13,seed7005,2,seed7005:b2835,seed7005:r13,210,C2,NB4_drawdown,civ_lost,True,False,0.155,0.15515515515515516,0.00015515515515515665,999,Will Saka's number of cities drop below 70% of its turn-60 level at any point up to turn 210?,Saka lost a city.
353,seed7008:b3213|seed7008:r24,seed7008,3,seed7008:b3213,seed7008:r24,210,C2,NB1_value_threshold,civ_lost,True,False,0.528,0.4982078853046595,-0.029792114695340544,837,Will Belgian's population be at least 92 at turn 210?,Belgian lost a city.
354,seed7003:b2787|seed7003:r22,seed7003,1,seed7003:b2787,seed7003:r22,210,C2,EX_comparative,civ_score_leader,True,False,0.079,0.0425273390036452,-0.0364726609963548,823,Will Ghana have a higher number of cities than Crimean Tatar at turn 210?,Crimean Tatar had the highest score of any civilization at turn 90.
355,seed7008:b3238|seed7008:r24,seed7008,3,seed7008:b3238,seed7008:r24,210,C2,NB4_drawdown,civ_lost,True,True,0.775,0.7897252090800478,0.014725209080047819,837,Will Belgian's treasury drop below 50% of its turn-60 level at any point up to turn 210?,Belgian lost a city.
356,seed7003:b3000|seed7003:r17,seed7003,1,seed7003:b3000,seed7003:r17,210,C2,NB1_value_threshold,civ_lost,True,False,0.762,0.6323529411764706,-0.12964705882352945,408,Will Crimean Tatar's score be at least 238 at turn 210?,Crimean Tatar lost a city.
357,seed7003:b2798|seed7003:r41,seed7003,1,seed7003:b2798,seed7003:r41,210,C2,EX_comparative,civ_lost,True,False,0.887,0.8862034239677744,-0.0007965760322256044,993,Will Crimean Tatar have a higher population than Sammarinese at turn 210?,Sammarinese lost a city.
358,seed7003:b3156|seed7003:r25,seed7003,1,seed7003:b3156,seed7003:r25,210,C2,NB4_drawdown,civ_lost,True,False,0.696,0.7337110481586402,0.03771104815864024,706,Will Rhenish's treasury drop below 50% of its turn-60 level at any point up to turn 210?,Rhenish lost a city.
359,seed7011:b2788|seed7011:r28,seed7011,5,seed7011:b2788,seed7011:r28,210,C2,NB1_value_threshold,civ_lost,True,False,0.752,0.735973597359736,-0.016026402640264004,303,Will Libyan's territory size be at least 310 at turn 210?,Libyan lost a city.
360,seed7014:b2410|seed7014:r23,seed7014,6,seed7014:b2410,seed7014:r23,210,C2,EX_comparative,civ_lost,True,False,0.594,0.5853920515574651,-0.008607948442534874,931,Will Trinidadian and Tobagonian have a higher score than Bissau-Guinean at turn 210?,Trinidadian and Tobagonian lost a city.
361,seed7008:b3352|seed7008:r31,seed7008,3,seed7008:b3352,seed7008:r31,210,C2,NB4_drawdown,civ_lost,True,False,0.782,0.8004926108374384,0.01849261083743836,406,Will Spanish's treasury drop below 50% of its turn-60 level at any point up to turn 210?,Spanish lost a city.
362,seed7003:b3000|seed7003:r22,seed7003,1,seed7003:b3000,seed7003:r22,210,C2,NB1_value_threshold,civ_score_leader,True,False,0.762,0.8153098420413123,0.05330984204131228,823,Will Crimean Tatar's score be at least 238 at turn 210?,Crimean Tatar had the highest score of any civilization at turn 90.
363,seed7010:b2485|seed7010:r28,seed7010,4,seed7010:b2485,seed7010:r28,210,C2,EX_comparative,civ_score_leader,True,False,0.79,0.8098859315589354,0.019885931558935366,789,Will American have a higher score than Fijian at turn 210?,American had the highest score of any civilization at turn 90.
364,seed7003:b3509|seed7003:r49,seed7003,1,seed7003:b3509,seed7003:r49,210,C2,NB4_drawdown,civ_lost,True,True,0.085,0.08535300316122234,0.00035300316122233166,949,Will Corsican's territory size drop below 70% of its turn-60 level at any point up to turn 210?,Corsican lost a city.
365,seed7005:b2807|seed7005:r13,seed7005,2,seed7005:b2807,seed7005:r13,210,C2,NB1_value_threshold,civ_lost,False,False,0.111,0.1111111111111111,0.0001111111111111035,999,Will Saka's population be at least 90 at turn 210?,Saka lost a city.
366,seed7011:b2504|seed7011:r25,seed7011,5,seed7011:b2504,seed7011:r25,210,C2,EX_comparative,civ_score_leader,True,False,0.203,0.18384401114206128,-0.019155988857938733,718,Will American have a higher number of cities than Ohlone at turn 210?,Ohlone had the highest score of any civilization at turn 90.
367,seed7005:b2930|seed7005:r24,seed7005,2,seed7005:b2930,seed7005:r24,210,C2,NB4_drawdown,civ_score_leader,True,False,0.919,0.9340277777777778,0.015027777777777751,288,Will Otomí's treasury drop below 50% of its turn-60 level at any point up to turn 210?,Otomí had the highest score of any civilization at turn 90.
368,seed7014:b2945|seed7014:r46,seed7014,6,seed7014:b2945,seed7014:r46,210,C2,NB1_value_threshold,civ_lost,False,False,0.766,0.7232704402515723,-0.04272955974842774,318,Will Chinese's number of military units be at least 19 at turn 210?,Chinese lost a city.
369,seed7014:b2431|seed7014:r46,seed7014,6,seed7014:b2431,seed7014:r46,210,C2,EX_comparative,civ_lost,True,False,0.454,0.5188679245283019,0.06486792452830187,318,Will Bissau-Guinean have a higher population than Chinese at turn 210?,Chinese lost a city.
370,seed7005:b3045|seed7005:r34,seed7005,2,seed7005:b3045,seed7005:r34,210,C2,NB4_drawdown,civ_lost,True,False,0.376,0.376,0.0,1000,Will Cañari's territory size drop below 90% of its turn-60 level at any point up to turn 210?,Cañari lost a city.
371,seed7011:b2510|seed7011:r0,seed7011,5,seed7011:b2510,seed7011:r0,210,D,W2_directed_conquest,pair_war_began,True,False,0.243,0.2995169082125604,0.05651690821256039,207,Will Equatoguinean capture at least one city from Libyan by turn 210?,Ohlone and Libyan went to war.
372,seed7008:b2871|seed7008:r15,seed7008,3,seed7008:b2871,seed7008:r15,210,D,NW1_war_at,pair_war_began,True,True,0.52,0.7031802120141343,0.18318021201413426,283,Will Latvian and Somali be at war at turn 210?,Peruvian and Somali went to war.
373,seed7011:b2820|seed7011:r9,seed7011,5,seed7011:b2820,seed7011:r9,210,D,W4_lose_k,pair_war_began,True,False,0.842,0.8611111111111112,0.01911111111111119,396,Will Libyan lose at least 5 cities by turn 210?,Libyan and American went to war.
374,seed7010:b2881|seed7010:r13,seed7010,4,seed7010:b2881,seed7010:r13,210,D,NEW_civil_war,pair_war_began,True,False,0.326,0.32558139534883723,-0.00041860465116277945,989,Will Beninese suffer a civil war (a breakaway civilization splitting off) by turn 210?,Beninese and Fijian went to war.
375,seed7014:b2428|seed7014:r4,seed7014,6,seed7014:b2428,seed7014:r4,210,D,NW2_diplo,pair_war_began,True,True,0.242,0.49122807017543857,0.24922807017543858,114,Will Bissau-Guinean and Chinese form an Alliance at any point between turns 61 and 210?,Bissau-Guinean and Swazi went to war.
376,seed7014:b2452|seed7014:r0,seed7014,6,seed7014:b2452,seed7014:r0,210,D,W2_directed_conquest,pair_war_began,True,False,0.594,0.594,0.0,1000,Will Trinidadian and Tobagonian capture at least one city from Chinese by turn 210?,Bissau-Guinean and Trinidadian and Tobagonian went to war.
377,seed7008:b2940|seed7008:r11,seed7008,3,seed7008:b2940,seed7008:r11,210,D,NW1_war_at,pair_war_began,True,False,0.389,0.29533678756476683,-0.09366321243523318,772,Will Spanish and Somali be at war at turn 210?,Belgian and Somali went to war.
378,seed7010:b2878|seed7010:r12,seed7010,4,seed7010:b2878,seed7010:r12,210,D,W4_lose_k,pair_war_began,True,False,0.924,0.9426751592356688,0.01867515923566876,157,Will Spanish lose at least 5 cities by turn 210?,Spanish and Fijian went to war.
379,seed7010:b2879|seed7010:r0,seed7010,4,seed7010:b2879,seed7010:r0,210,D,NEW_civil_war,pair_war_began,True,False,0.134,0.13709677419354838,0.0030967741935483684,868,Will Spanish suffer a civil war (a breakaway civilization splitting off) by turn 210?,Central American and Spanish went to war.
380,seed7010:b2489|seed7010:r11,seed7010,4,seed7010:b2489,seed7010:r11,210,D,NW2_diplo,pair_war_began,True,True,0.345,0.396709323583181,0.05170932358318103,547,Will Spanish and Fijian form an Alliance at any point between turns 61 and 210?,Spanish and Beninese went to war.
381,seed7008:b2917|seed7008:r8,seed7008,3,seed7008:b2917,seed7008:r8,210,D,W2_directed_conquest,pair_war_began,True,True,0.371,0.3642241379310345,-0.006775862068965521,464,Will Somali capture at least one city from Belgian by turn 210?,Belgian and Peruvian went to war.
382,seed7008:b2858|seed7008:r14,seed7008,3,seed7008:b2858,seed7008:r14,210,D,NW1_war_at,pair_war_began,True,True,0.738,0.54,-0.19799999999999995,200,Will Latvian and Peruvian be at war at turn 210?,Spanish and Peruvian went to war.
383,seed7001:b2278|seed7001:r4,seed7001,0,seed7001:b2278,seed7001:r4,210,D,W4_lose_k,pair_war_began,True,False,0.948,0.9472934472934473,-0.0007065527065526211,702,Will Estonian lose at least 5 cities by turn 210?,Santomean and Estonian went to war.
384,seed7011:b2823|seed7011:r3,seed7011,5,seed7011:b2823,seed7011:r3,210,D,NEW_civil_war,pair_war_began,True,False,0.413,0.413,0.0,1000,Will Guyanese suffer a civil war (a breakaway civilization splitting off) by turn 210?,Ohlone and Guyanese went to war.
385,seed7010:b2476|seed7010:r13,seed7010,4,seed7010:b2476,seed7010:r13,210,D,NW2_diplo,pair_war_began,True,False,0.166,0.16683518705763398,0.0008351870576339682,989,Will American and Fijian reach a cease-fire or armistice at any point between turns 61 and 210?,Beninese and Fijian went to war.
386,seed7003:b2770|seed7003:r0,seed7003,1,seed7003:b2770,seed7003:r0,210,D,W2_directed_conquest,pair_war_began,True,False,0.933,0.933,0.0,1000,Will Crimean Tatar capture at least one city from Rhenish by turn 210?,Crimean Tatar and Ghana went to war.
387,seed7010:b2487|seed7010:r11,seed7010,4,seed7010:b2487,seed7010:r11,210,D,NW1_war_at,pair_war_began,True,True,0.698,0.6343692870201096,-0.06363071297989031,547,Will Spanish and Fijian be at war at turn 210?,Spanish and Beninese went to war.
388,seed7003:b3058|seed7003:r4,seed7003,1,seed7003:b3058,seed7003:r4,210,D,W4_lose_k,pair_war_began,True,True,0.767,0.767,0.0,1000,Will Crimean Tatar lose at least 5 cities by turn 210?,Crimean Tatar and Corsican went to war.
389,seed7014:b2858|seed7014:r14,seed7014,6,seed7014:b2858,seed7014:r14,210,D,NEW_civil_war,pair_war_began,True,False,0.42,0.3898573692551506,-0.030142630744849408,631,Will Swazi suffer a civil war (a breakaway civilization splitting off) by turn 210?,Swazi and Chinese went to war.
390,seed7011:b2471|seed7011:r6,seed7011,5,seed7011:b2471,seed7011:r6,210,D,NW2_diplo,pair_war_began,True,False,0.796,0.9633838383838383,0.1673838383838383,792,Will Ohlone and Libyan form an Alliance at any point between turns 61 and 210?,Libyan and Guyanese went to war.
391,seed7010:b2437|seed7010:r0,seed7010,4,seed7010:b2437,seed7010:r0,210,D,W2_directed_conquest,pair_war_began,True,False,0.547,0.5783410138248848,0.031341013824884745,868,Will Central American capture at least one city from Spanish by turn 210?,Central American and Spanish went to war.
392,seed7010:b2473|seed7010:r13,seed7010,4,seed7010:b2473,seed7010:r13,210,D,NW1_war_at,pair_war_began,True,False,0.5,0.49646107178968657,-0.00353892821031343,989,Will American and Fijian be at war at turn 210?,Beninese and Fijian went to war.
393,seed7003:b3291|seed7003:r0,seed7003,1,seed7003:b3291,seed7003:r0,210,D,W4_lose_k,pair_war_began,True,True,0.736,0.736,0.0,1000,Will Ghana lose at least 5 cities by turn 210?,Crimean Tatar and Ghana went to war.
394,seed7011:b2823|seed7011:r36,seed7011,5,seed7011:b2823,seed7011:r36,210,D,NEW_civil_war,civ_lost3,True,False,0.413,0.4114285714285714,-0.001571428571428557,175,Will Guyanese suffer a civil war (a breakaway civilization splitting off) by turn 210?,Guyanese lost at least three cities.
395,seed7010:b2461|seed7010:r11,seed7010,4,seed7010:b2461,seed7010:r11,210,D,NW2_diplo,pair_war_began,True,False,0.509,0.7129798903107861,0.20397989031078612,547,Will American and Spanish be at formal Peace at any point between turns 61 and 210?,Spanish and Beninese went to war.
396,seed7003:b3008|seed7003:r17,seed7003,1,seed7003:b3008,seed7003:r17,210,C2,NB1_value_threshold,civ_lost,False,False,0.501,0.37745098039215685,-0.12354901960784315,408,Will Crimean Tatar's treasury be at least 450 at turn 210?,Crimean Tatar lost a city.
397,seed7011:b2926|seed7011:r48,seed7011,5,seed7011:b2926,seed7011:r48,210,C2,NB4_drawdown,civ_score_leader,True,False,0.459,0.35269709543568467,-0.10630290456431535,241,Will Equatoguinean's treasury drop below 50% of its turn-60 level at any point up to turn 210?,Equatoguinean had the highest score of any civilization at turn 90.
398,seed7003:b2810|seed7003:r17,seed7003,1,seed7003:b2810,seed7003:r17,210,C2,EX_comparative,civ_lost,True,True,0.315,0.40441176470588236,0.08941176470588236,408,Will Corsican have a higher population than Crimean Tatar at turn 210?,Crimean Tatar lost a city.
399,seed7008:b3435|seed7008:r38,seed7008,3,seed7008:b3435,seed7008:r38,210,C2,NB1_value_threshold,civ_lost,False,True,0.511,0.469811320754717,-0.04118867924528302,530,Will Peruvian's score be at least 235 at turn 210?,Peruvian lost a city.
