world,column,replay_tag,half
seed7001,0,rng5001,reserved
seed7001,1,rng5002,A
seed7001,2,rng5003,B
seed7001,3,rng5004,A
seed7001,4,rng5005,B
seed7001,5,rng5006,A
seed7001,6,rng5007,B
seed7001,7,rng5008,A
seed7001,8,rng5009,B
seed7001,9,rng5010,A
seed7001,10,rng5011,B
seed7001,11,rng5012,A
seed7001,12,rng5013,B
seed7001,13,rng5015,A
seed7001,14,rng5016,B
seed7001,15,rng5017,A
seed7001,16,rng5018,B
seed7001,17,rng5019,A
seed7001,18,rng5020,B
seed7001,19,rng5021,A
seed7001,20,rng5022,B
seed7001,21,rng5023,A
seed7001,22,rng5024,B
seed7001,23,rng5025,A
seed7001,24,rng5026,B
seed7001,25,rng5027,A
seed7001,26,rng5028,B
seed7001,27,rng5029,A
seed7001,28,rng5030,B
seed7001,29,rng5031,A
seed7001,30,rng5032,B
seed7001,31,rng5033,A
seed7001,32,rng5034,B
seed7001,33,rng5035,A
seed7001,34,rng5036,B
seed7001,35,rng5037,A
seed7001,36,rng5038,B
seed7001,37,rng5039,A
seed7001,38,rng5040,B
seed7001,39,rng5041,A
seed7001,40,rng5042,B
seed7001,41,rng5043,A
seed7001,42,rng5044,B
seed7001,43,rng5045,A
seed7001,44,rng5046,B
seed7001,45,rng5047,A
seed7001,46,rng5048,B
seed7001,47,rng5049,A
seed7001,48,rng5050,B
seed7001,49,rng5051,A
seed7001,50,rng5052,B
seed7001,51,rng5053,A
seed7001,52,rng5054,B
seed7001,53,rng5055,A
seed7001,54,rng5056,B
seed7001,55,rng5057,A
seed7001,56,rng5058,B
seed7001,57,rng5059,A
seed7001,58,rng5060,B
seed7001,59,rng5061,A
seed7001,60,rng5062,B
seed7001,61,rng5063,A
seed7001,62,rng5064,B
seed7001,63,rng5065,A
seed7001,64,rng5066,B
seed7001,65,rng5067,A
seed7001,66,rng5068,B
seed7001,67,rng5069,A
seed7001,68,rng5070,B
seed7001,69,rng5071,A
seed7001,70,rng5072,B
seed7001,71,rng5073,A
seed7001,72,rng5074,B
seed7001,73,rng5075,A
seed7001,74,rng5076,B
seed7001,75,rng5077,A
seed7001,76,rng5078,B
seed7001,77,rng5079,A
seed7001,78,rng5080,B
seed7001,79,rng5081,A
seed7001,80,rng5082,B
seed7001,81,rng5083,A
seed7001,82,rng5084,B
seed7001,83,rng5085,A
seed7001,84,rng5086,B
seed7001,85,rng5087,A
seed7001,86,rng5088,B
seed7001,87,rng5089,A
seed7001,88,rng5090,B
seed7001,89,rng5091,A
seed7001,90,rng5092,B
seed7001,91,rng5093,A
seed7001,92,rng5094,B
seed7001,93,rng5095,A
seed7001,94,rng5096,B
seed7001,95,rng5097,A
seed7001,96,rng5098,B
seed7001,97,rng5099,A
seed7001,98,rng5100,B
seed7001,99,rng5101,A
seed7001,100,rng5102,B
seed7001,101,rng5103,A
seed7001,102,rng5104,B
seed7001,103,rng5105,A
seed7001,104,rng5106,B
seed7001,105,rng5107,A
seed7001,106,rng5108,B
seed7001,107,rng5109,A
seed7001,108,rng5110,B
seed7001,109,rng5111,A
seed7001,110,rng5112,B
seed7001,111,rng5113,A
seed7001,112,rng5114,B
seed7001,113,rng5115,A
seed7001,114,rng5116,B
seed7001,115,rng5117,A
seed7001,116,rng5118,B
seed7001,117,rng5119,A
seed7001,118,rng5120,B
seed7001,119,rng5121,A
seed7001,120,rng5122,B
seed7001,121,rng5123,A
seed7001,122,rng5124,B
seed7001,123,rng5125,A
seed7001,124,rng5126,B
seed7001,125,rng5127,A
seed7001,126,rng5128,B
seed7001,127,rng5129,A
seed7001,128,rng5130,B
seed7001,129,rng5131,A
seed7001,130,rng5132,B
seed7001,131,rng5133,A
seed7001,132,rng5134,B
seed7001,133,rng5135,A
seed7001,134,rng5136,B
seed7001,135,rng5137,A
seed7001,136,rng5138,B
seed7001,137,rng5139,A
seed7001,138,rng5140,B
seed7001,139,rng5141,A
seed7001,140,rng5142,B
seed7001,141,rng5143,A
seed7001,142,rng5144,B
seed7001,143,rng5145,A
seed7001,144,rng5146,B
seed7001,145,rng5147,A
seed7001,146,rng5148,B
seed7001,147,rng5149,A
seed7001,148,rng5150,B
seed7001,149,rng5151,A
seed7001,150,rng5152,B
seed7001,151,rng5153,A
seed7001,152,rng5154,B
seed7001,153,rng5155,A
seed7001,154,rng5156,B
seed7001,155,rng5157,A
seed7001,156,rng5158,B
seed7001,157,rng5159,A
seed7001,158,rng5160,B
seed7001,159,rng5161,A
seed7001,160,rng5162,B
seed7001,161,rng5163,A
seed7001,162,rng5164,B
seed7001,163,rng5165,A
seed7001,164,rng5166,B
seed7001,165,rng5167,A
seed7001,166,rng5168,B
seed7001,167,rng5169,A
seed7001,168,rng5170,B
seed7001,169,rng5171,A
seed7001,170,rng5172,B
seed7001,171,rng5173,A
seed7001,172,rng5174,B
seed7001,173,rng5175,A
seed7001,174,rng5176,B
seed7001,175,rng5177,A
seed7001,176,rng5178,B
seed7001,177,rng5179,A
seed7001,178,rng5180,B
seed7001,179,rng5181,A
seed7001,180,rng5182,B
seed7001,181,rng5183,A
seed7001,182,rng5184,B
seed7001,183,rng5185,A
seed7001,184,rng5186,B
seed7001,185,rng5187,A
seed7001,186,rng5188,B
seed7001,187,rng5189,A
seed7001,188,rng5190,B
seed7001,189,rng5191,A
seed7001,190,rng5192,B
seed7001,191,rng5193,A
seed7001,192,rng5194,B
seed7001,193,rng5195,A
seed7001,194,rng5196,B
seed7001,195,rng5197,A
seed7001,196,rng5198,B
seed7001,197,rng5199,A
seed7001,198,rng5200,B
seed7001,199,rng5201,A
seed7001,200,rng5202,B
seed7001,201,rng5203,A
seed7001,202,rng5204,B
seed7001,203,rng5205,A
seed7001,204,rng5206,B
seed7001,205,rng5207,A
seed7001,206,rng5208,B
seed7001,207,rng5209,A
seed7001,208,rng5210,B
seed7001,209,rng5211,A
seed7001,210,rng5212,B
seed7001,211,rng5213,A
seed7001,212,rng5214,B
seed7001,213,rng5215,A
seed7001,214,rng5216,B
seed7001,215,rng5217,A
seed7001,216,rng5218,B
seed7001,217,rng5219,A
seed7001,218,rng5220,B
seed7001,219,rng5221,A
seed7001,220,rng5222,B
seed7001,221,rng5223,A
seed7001,222,rng5224,B
seed7001,223,rng5225,A
seed7001,224,rng5226,B
seed7001,225,rng5227,A
seed7001,226,rng5228,B
seed7001,227,rng5229,A
seed7001,228,rng5230,B
seed7001,229,rng5231,A
seed7001,230,rng5232,B
seed7001,231,rng5233,A
seed7001,232,rng5234,B
seed7001,233,rng5235,A
seed7001,234,rng5236,B
seed7001,235,rng5237,A
seed7001,236,rng5238,B
seed7001,237,rng5239,A
seed7001,238,rng5240,B
seed7001,239,rng5241,A
seed7001,240,rng5242,B
seed7001,241,rng5243,A
seed7001,242,rng5244,B
seed7001,243,rng5245,A
seed7001,244,rng5246,B
seed7001,245,rng5247,A
seed7001,246,rng5248,B
seed7001,247,rng5249,A
seed7001,248,rng5250,B
seed7001,249,rng5251,A
seed7001,250,rng5252,B
seed7001,251,rng5253,A
seed7001,252,rng5254,B
seed7001,253,rng5255,A
seed7001,254,rng5256,B
seed7001,255,rng5257,A
seed7001,256,rng5258,B
seed7001,257,rng5259,A
seed7001,258,rng5260,B
seed7001,259,rng5261,A
seed7001,260,rng5262,B
seed7001,261,rng5263,A
seed7001,262,rng5264,B
seed7001,263,rng5265,A
seed7001,264,rng5266,B
seed7001,265,rng5267,A
seed7001,266,rng5268,B
seed7001,267,rng5269,A
seed7001,268,rng5270,B
seed7001,269,rng5271,A
seed7001,270,rng5272,B
seed7001,271,rng5273,A
seed7001,272,rng5274,B
seed7001,273,rng5275,A
seed7001,274,rng5276,B
seed7001,275,rng5277,A
seed7001,276,rng5278,B
seed7001,277,rng5279,A
seed7001,278,rng5280,B
seed7001,279,rng5281,A
seed7001,280,rng5282,B
seed7001,281,rng5283,A
seed7001,282,rng5284,B
seed7001,283,rng5285,A
seed7001,284,rng5286,B
seed7001,285,rng5287,A
seed7001,286,rng5288,B
seed7001,287,rng5289,A
seed7001,288,rng5290,B
seed7001,289,rng5291,A
seed7001,290,rng5292,B
seed7001,291,rng5293,A
seed7001,292,rng5294,B
seed7001,293,rng5295,A
seed7001,294,rng5296,B
seed7001,295,rng5297,A
seed7001,296,rng5298,B
seed7001,297,rng5299,A
seed7001,298,rng5300,B
seed7001,299,rng5301,A
seed7001,300,rng5302,B
seed7001,301,rng5303,A
seed7001,302,rng5304,B
seed7001,303,rng5305,A
seed7001,304,rng5306,B
seed7001,305,rng5307,A
seed7001,306,rng5308,B
seed7001,307,rng5309,A
seed7001,308,rng5310,B
seed7001,309,rng5311,A
seed7001,310,rng5312,B
seed7001,311,rng5313,A
seed7001,312,rng5314,B
seed7001,313,rng5315,A
seed7001,314,rng5316,B
seed7001,315,rng5317,A
seed7001,316,rng5318,B
seed7001,317,rng5319,A
seed7001,318,rng5320,B
seed7001,319,rng5321,A
seed7001,320,rng5322,B
seed7001,321,rng5323,A
seed7001,322,rng5324,B
seed7001,323,rng5325,A
seed7001,324,rng5326,B
seed7001,325,rng5327,A
seed7001,326,rng5328,B
seed7001,327,rng5329,A
seed7001,328,rng5330,B
seed7001,329,rng5331,A
seed7001,330,rng5332,B
seed7001,331,rng5333,A
seed7001,332,rng5334,B
seed7001,333,rng5335,A
seed7001,334,rng5336,B
seed7001,335,rng5337,A
seed7001,336,rng5338,B
seed7001,337,rng5339,A
seed7001,338,rng5340,B
seed7001,339,rng5341,A
seed7001,340,rng5342,B
seed7001,341,rng5343,A
seed7001,342,rng5344,B
seed7001,343,rng5345,A
seed7001,344,rng5346,B
seed7001,345,rng5347,A
seed7001,346,rng5348,B
seed7001,347,rng5349,A
seed7001,348,rng5350,B
seed7001,349,rng5351,A
seed7001,350,rng5352,B
seed7001,351,rng5353,A
seed7001,352,rng5354,B
seed7001,353,rng5355,A
seed7001,354,rng5356,B
seed7001,355,rng5357,A
seed7001,356,rng5358,B
seed7001,357,rng5359,A
seed7001,358,rng5360,B
seed7001,359,rng5361,A
seed7001,360,rng5362,B
seed7001,361,rng5363,A
seed7001,362,rng5364,B
seed7001,363,rng5365,A
seed7001,364,rng5366,B
seed7001,365,rng5367,A
seed7001,366,rng5368,B
seed7001,367,rng5369,A
seed7001,368,rng5370,B
seed7001,369,rng5371,A
seed7001,370,rng5372,B
seed7001,371,rng5373,A
seed7001,372,rng5374,B
seed7001,373,rng5375,A
seed7001,374,rng5376,B
seed7001,375,rng5377,A
seed7001,376,rng5378,B
seed7001,377,rng5379,A
seed7001,378,rng5380,B
seed7001,379,rng5381,A
seed7001,380,rng5382,B
seed7001,381,rng5383,A
seed7001,382,rng5384,B
seed7001,383,rng5385,A
seed7001,384,rng5386,B
seed7001,385,rng5387,A
seed7001,386,rng5388,B
seed7001,387,rng5389,A
seed7001,388,rng5390,B
seed7001,389,rng5391,A
seed7001,390,rng5392,B
seed7001,391,rng5393,A
seed7001,392,rng5394,B
seed7001,393,rng5395,A
seed7001,394,rng5396,B
seed7001,395,rng5397,A
seed7001,396,rng5398,B
seed7001,397,rng5399,A
seed7001,398,rng5400,B
seed7001,399,rng5401,A
seed7001,400,rng5402,B
seed7001,401,rng5403,A
seed7001,402,rng5404,B
seed7001,403,rng5405,A
seed7001,404,rng5406,B
seed7001,405,rng5407,A
seed7001,406,rng5408,B
seed7001,407,rng5409,A
seed7001,408,rng5410,B
seed7001,409,rng5411,A
seed7001,410,rng5412,B
seed7001,411,rng5413,A
seed7001,412,rng5414,B
seed7001,413,rng5415,A
seed7001,414,rng5416,B
seed7001,415,rng5417,A
seed7001,416,rng5418,B
seed7001,417,rng5419,A
seed7001,418,rng5420,B
seed7001,419,rng5421,A
seed7001,420,rng5422,B
seed7001,421,rng5423,A
seed7001,422,rng5424,B
seed7001,423,rng5425,A
seed7001,424,rng5426,B
seed7001,425,rng5427,A
seed7001,426,rng5428,B
seed7001,427,rng5429,A
seed7001,428,rng5430,B
seed7001,429,rng5431,A
seed7001,430,rng5432,B
seed7001,431,rng5433,A
seed7001,432,rng5434,B
seed7001,433,rng5435,A
seed7001,434,rng5436,B
seed7001,435,rng5437,A
seed7001,436,rng5438,B
seed7001,437,rng5439,A
seed7001,438,rng5440,B
seed7001,439,rng5441,A
seed7001,440,rng5442,B
seed7001,441,rng5443,A
seed7001,442,rng5444,B
seed7001,443,rng5445,A
seed7001,444,rng5446,B
seed7001,445,rng5447,A
seed7001,446,rng5448,B
seed7001,447,rng5449,A
seed7001,448,rng5450,B
seed7001,449,rng5451,A
seed7001,450,rng5452,B
seed7001,451,rng5453,A
seed7001,452,rng5454,B
seed7001,453,rng5455,A
seed7001,454,rng5456,B
seed7001,455,rng5457,A
seed7001,456,rng5458,B
seed7001,457,rng5459,A
seed7001,458,rng5460,B
seed7001,459,rng5461,A
seed7001,460,rng5462,B
seed7001,461,rng5463,A
seed7001,462,rng5464,B
seed7001,463,rng5465,A
seed7001,464,rng5466,B
seed7001,465,rng5467,A
seed7001,466,rng5468,B
seed7001,467,rng5469,A
seed7001,468,rng5470,B
seed7001,469,rng5471,A
seed7001,470,rng5472,B
seed7001,471,rng5473,A
seed7001,472,rng5474,B
seed7001,473,rng5475,A
seed7001,474,rng5476,B
seed7001,475,rng5477,A
seed7001,476,rng5478,B
seed7001,477,rng5479,A
seed7001,478,rng5480,B
seed7001,479,rng5481,A
seed7001,480,rng5483,B
seed7001,481,rng5484,A
seed7001,482,rng5485,B
seed7001,483,rng5486,A
seed7001,484,rng5487,B
seed7001,485,rng5488,A
seed7001,486,rng5489,B
seed7001,487,rng5490,A
seed7001,488,rng5491,B
seed7001,489,rng5492,A
seed7001,490,rng5493,B
seed7001,491,rng5494,A
seed7001,492,rng5495,B
seed7001,493,rng5496,A
seed7001,494,rng5497,B
seed7001,495,rng5498,A
seed7001,496,rng5499,B
seed7001,497,rng5500,A
seed7001,498,rng5501,B
seed7001,499,rng5502,A
seed7001,500,rng5503,B
seed7001,501,rng5504,A
seed7001,502,rng5505,B
seed7001,503,rng5506,A
seed7001,504,rng5507,B
seed7001,505,rng5508,A
seed7001,506,rng5509,B
seed7001,507,rng5510,A
seed7001,508,rng5511,B
seed7001,509,rng5512,A
seed7001,510,rng5513,B
seed7001,511,rng5514,A
seed7001,512,rng5515,B
seed7001,513,rng5516,A
seed7001,514,rng5517,B
seed7001,515,rng5518,A
seed7001,516,rng5519,B
seed7001,517,rng5520,A
seed7001,518,rng5521,B
seed7001,519,rng5522,A
seed7001,520,rng5523,B
seed7001,521,rng5524,A
seed7001,522,rng5525,B
seed7001,523,rng5526,A
seed7001,524,rng5527,B
seed7001,525,rng5528,A
seed7001,526,rng5529,B
seed7001,527,rng5530,A
seed7001,528,rng5531,B
seed7001,529,rng5532,A
seed7001,530,rng5533,B
seed7001,531,rng5534,A
seed7001,532,rng5535,B
seed7001,533,rng5536,A
seed7001,534,rng5537,B
seed7001,535,rng5538,A
seed7001,536,rng5539,B
seed7001,537,rng5540,A
seed7001,538,rng5541,B
seed7001,539,rng5542,A
seed7001,540,rng5543,B
seed7001,541,rng5544,A
seed7001,542,rng5545,B
seed7001,543,rng5546,A
seed7001,544,rng5547,B
seed7001,545,rng5548,A
seed7001,546,rng5549,B
seed7001,547,rng5550,A
seed7001,548,rng5551,B
seed7001,549,rng5552,A
seed7001,550,rng5553,B
seed7001,551,rng5554,A
seed7001,552,rng5555,B
seed7001,553,rng5556,A
seed7001,554,rng5557,B
seed7001,555,rng5558,A
seed7001,556,rng5559,B
seed7001,557,rng5560,A
seed7001,558,rng5561,B
seed7001,559,rng5562,A
seed7001,560,rng5563,B
seed7001,561,rng5564,A
seed7001,562,rng5565,B
seed7001,563,rng5566,A
seed7001,564,rng5567,B
seed7001,565,rng5568,A
seed7001,566,rng5569,B
seed7001,567,rng5570,A
seed7001,568,rng5571,B
seed7001,569,rng5572,A
seed7001,570,rng5573,B
seed7001,571,rng5574,A
seed7001,572,rng5575,B
seed7001,573,rng5576,A
seed7001,574,rng5577,B
seed7001,575,rng5578,A
seed7001,576,rng5579,B
seed7001,577,rng5580,A
seed7001,578,rng5581,B
seed7001,579,rng5582,A
seed7001,580,rng5583,B
seed7001,581,rng5584,A
seed7001,582,rng5585,B
seed7001,583,rng5586,A
seed7001,584,rng5587,B
seed7001,585,rng5588,A
seed7001,586,rng5589,B
seed7001,587,rng5590,A
seed7001,588,rng5591,B
seed7001,589,rng5592,A
seed7001,590,rng5593,B
seed7001,591,rng5594,A
seed7001,592,rng5595,B
seed7001,593,rng5596,A
seed7001,594,rng5597,B
seed7001,595,rng5598,A
seed7001,596,rng5599,B
seed7001,597,rng5600,A
seed7001,598,rng5601,B
seed7001,599,rng5602,A
seed7001,600,rng5603,B
seed7001,601,rng5604,A
seed7001,602,rng5605,B
seed7001,603,rng5606,A
seed7001,604,rng5607,B
seed7001,605,rng5608,A
seed7001,606,rng5609,B
seed7001,607,rng5610,A
seed7001,608,rng5611,B
seed7001,609,rng5612,A
seed7001,610,rng5613,B
seed7001,611,rng5614,A
seed7001,612,rng5615,B
seed7001,613,rng5616,A
seed7001,614,rng5617,B
seed7001,615,rng5618,A
seed7001,616,rng5619,B
seed7001,617,rng5620,A
seed7001,618,rng5621,B
seed7001,619,rng5622,A
seed7001,620,rng5623,B
seed7001,621,rng5624,A
seed7001,622,rng5625,B
seed7001,623,rng5626,A
seed7001,624,rng5627,B
seed7001,625,rng5628,A
seed7001,626,rng5629,B
seed7001,627,rng5630,A
seed7001,628,rng5631,B
seed7001,629,rng5632,A
seed7001,630,rng5633,B
seed7001,631,rng5634,A
seed7001,632,rng5635,B
seed7001,633,rng5636,A
seed7001,634,rng5637,B
seed7001,635,rng5638,A
seed7001,636,rng5639,B
seed7001,637,rng5640,A
seed7001,638,rng5641,B
seed7001,639,rng5642,A
seed7001,640,rng5643,B
seed7001,641,rng5644,A
seed7001,642,rng5645,B
seed7001,643,rng5646,A
seed7001,644,rng5647,B
seed7001,645,rng5648,A
seed7001,646,rng5649,B
seed7001,647,rng5650,A
seed7001,648,rng5651,B
seed7001,649,rng5652,A
seed7001,650,rng5653,B
seed7001,651,rng5654,A
seed7001,652,rng5655,B
seed7001,653,rng5656,A
seed7001,654,rng5657,B
seed7001,655,rng5658,A
seed7001,656,rng5659,B
seed7001,657,rng5660,A
seed7001,658,rng5661,B
seed7001,659,rng5662,A
seed7001,660,rng5663,B
seed7001,661,rng5664,A
seed7001,662,rng5665,B
seed7001,663,rng5666,A
seed7001,664,rng5667,B
seed7001,665,rng5668,A
seed7001,666,rng5669,B
seed7001,667,rng5670,A
seed7001,668,rng5671,B
seed7001,669,rng5672,A
seed7001,670,rng5673,B
seed7001,671,rng5674,A
seed7001,672,rng5675,B
seed7001,673,rng5676,A
seed7001,674,rng5677,B
seed7001,675,rng5678,A
seed7001,676,rng5679,B
seed7001,677,rng5680,A
seed7001,678,rng5681,B
seed7001,679,rng5682,A
seed7001,680,rng5683,B
seed7001,681,rng5684,A
seed7001,682,rng5685,B
seed7001,683,rng5686,A
seed7001,684,rng5687,B
seed7001,685,rng5688,A
seed7001,686,rng5689,B
seed7001,687,rng5690,A
seed7001,688,rng5691,B
seed7001,689,rng5692,A
seed7001,690,rng5693,B
seed7001,691,rng5694,A
seed7001,692,rng5695,B
seed7001,693,rng5696,A
seed7001,694,rng5697,B
seed7001,695,rng5698,A
seed7001,696,rng5699,B
seed7001,697,rng5700,A
seed7001,698,rng5701,B
seed7001,699,rng5702,A
seed7001,700,rng5703,B
seed7001,701,rng5704,A
seed7001,702,rng5705,B
seed7001,703,rng5706,A
seed7001,704,rng5707,B
seed7001,705,rng5708,A
seed7001,706,rng5709,B
seed7001,707,rng5710,A
seed7001,708,rng5711,B
seed7001,709,rng5712,A
seed7001,710,rng5713,B
seed7001,711,rng5714,A
seed7001,712,rng5715,B
seed7001,713,rng5716,A
seed7001,714,rng5717,B
seed7001,715,rng5718,A
seed7001,716,rng5719,B
seed7001,717,rng5720,A
seed7001,718,rng5721,B
seed7001,719,rng5722,A
seed7001,720,rng5723,B
seed7001,721,rng5724,A
seed7001,722,rng5725,B
seed7001,723,rng5726,A
seed7001,724,rng5727,B
seed7001,725,rng5728,A
seed7001,726,rng5729,B
seed7001,727,rng5730,A
seed7001,728,rng5731,B
seed7001,729,rng5732,A
seed7001,730,rng5733,B
seed7001,731,rng5734,A
seed7001,732,rng5735,B
seed7001,733,rng5736,A
seed7001,734,rng5737,B
seed7001,735,rng5738,A
seed7001,736,rng5739,B
seed7001,737,rng5740,A
seed7001,738,rng5741,B
seed7001,739,rng5742,A
seed7001,740,rng5743,B
seed7001,741,rng5744,A
seed7001,742,rng5745,B
seed7001,743,rng5746,A
seed7001,744,rng5747,B
seed7001,745,rng5748,A
seed7001,746,rng5749,B
seed7001,747,rng5750,A
seed7001,748,rng5751,B
seed7001,749,rng5752,A
seed7001,750,rng5753,B
seed7001,751,rng5754,A
seed7001,752,rng5755,B
seed7001,753,rng5756,A
seed7001,754,rng5757,B
seed7001,755,rng5758,A
seed7001,756,rng5759,B
seed7001,757,rng5760,A
seed7001,758,rng5761,B
seed7001,759,rng5762,A
seed7001,760,rng5763,B
seed7001,761,rng5764,A
seed7001,762,rng5765,B
seed7001,763,rng5766,A
seed7001,764,rng5767,B
seed7001,765,rng5768,A
seed7001,766,rng5769,B
seed7001,767,rng5770,A
seed7001,768,rng5771,B
seed7001,769,rng5772,A
seed7001,770,rng5773,B
seed7001,771,rng5774,A
seed7001,772,rng5775,B
seed7001,773,rng5776,A
seed7001,774,rng5777,B
seed7001,775,rng5778,A
seed7001,776,rng5779,B
seed7001,777,rng5780,A
seed7001,778,rng5781,B
seed7001,779,rng5782,A
seed7001,780,rng5783,B
seed7001,781,rng5784,A
seed7001,782,rng5785,B
seed7001,783,rng5786,A
seed7001,784,rng5787,B
seed7001,785,rng5788,A
seed7001,786,rng5789,B
seed7001,787,rng5790,A
seed7001,788,rng5791,B
seed7001,789,rng5792,A
seed7001,790,rng5793,B
seed7001,791,rng5794,A
seed7001,792,rng5795,B
seed7001,793,rng5796,A
seed7001,794,rng5797,B
seed7001,795,rng5798,A
seed7001,796,rng5799,B
seed7001,797,rng5800,A
seed7001,798,rng5801,B
seed7001,799,rng5802,A
seed7001,800,rng5803,B
seed7001,801,rng5804,A
seed7001,802,rng5805,B
seed7001,803,rng5806,A
seed7001,804,rng5807,B
seed7001,805,rng5808,A
seed7001,806,rng5809,B
seed7001,807,rng5810,A
seed7001,808,rng5811,B
seed7001,809,rng5812,A
seed7001,810,rng5813,B
seed7001,811,rng5814,A
seed7001,812,rng5815,B
seed7001,813,rng5816,A
seed7001,814,rng5817,B
seed7001,815,rng5818,A
seed7001,816,rng5819,B
seed7001,817,rng5820,A
seed7001,818,rng5821,B
seed7001,819,rng5822,A
seed7001,820,rng5823,B
seed7001,821,rng5824,A
seed7001,822,rng5825,B
seed7001,823,rng5826,A
seed7001,824,rng5827,B
seed7001,825,rng5828,A
seed7001,826,rng5829,B
seed7001,827,rng5830,A
seed7001,828,rng5831,B
seed7001,829,rng5832,A
seed7001,830,rng5833,B
seed7001,831,rng5834,A
seed7001,832,rng5835,B
seed7001,833,rng5836,A
seed7001,834,rng5837,B
seed7001,835,rng5838,A
seed7001,836,rng5839,B
seed7001,837,rng5840,A
seed7001,838,rng5842,B
seed7001,839,rng5843,A
seed7001,840,rng5844,B
seed7001,841,rng5845,A
seed7001,842,rng5846,B
seed7001,843,rng5847,A
seed7001,844,rng5848,B
seed7001,845,rng5849,A
seed7001,846,rng5850,B
seed7001,847,rng5851,A
seed7001,848,rng5852,B
seed7001,849,rng5853,A
seed7001,850,rng5854,B
seed7001,851,rng5855,A
seed7001,852,rng5856,B
seed7001,853,rng5857,A
seed7001,854,rng5858,B
seed7001,855,rng5859,A
seed7001,856,rng5860,B
seed7001,857,rng5861,A
seed7001,858,rng5862,B
seed7001,859,rng5863,A
seed7001,860,rng5864,B
seed7001,861,rng5865,A
seed7001,862,rng5866,B
seed7001,863,rng5867,A
seed7001,864,rng5868,B
seed7001,865,rng5869,A
seed7001,866,rng5870,B
seed7001,867,rng5871,A
seed7001,868,rng5872,B
seed7001,869,rng5873,A
seed7001,870,rng5874,B
seed7001,871,rng5875,A
seed7001,872,rng5876,B
seed7001,873,rng5877,A
seed7001,874,rng5878,B
seed7001,875,rng5879,A
seed7001,876,rng5880,B
seed7001,877,rng5881,A
seed7001,878,rng5882,B
seed7001,879,rng5883,A
seed7001,880,rng5884,B
seed7001,881,rng5885,A
seed7001,882,rng5886,B
seed7001,883,rng5887,A
seed7001,884,rng5888,B
seed7001,885,rng5889,A
seed7001,886,rng5890,B
seed7001,887,rng5891,A
seed7001,888,rng5892,B
seed7001,889,rng5893,A
seed7001,890,rng5894,B
seed7001,891,rng5895,A
seed7001,892,rng5896,B
seed7001,893,rng5897,A
seed7001,894,rng5898,B
seed7001,895,rng5899,A
seed7001,896,rng5900,B
seed7001,897,rng5901,A
seed7001,898,rng5902,B
seed7001,899,rng5903,A
seed7001,900,rng5904,B
seed7001,901,rng5905,A
seed7001,902,rng5906,B
seed7001,903,rng5907,A
seed7001,904,rng5908,B
seed7001,905,rng5909,A
seed7001,906,rng5910,B
seed7001,907,rng5911,A
seed7001,908,rng5912,B
seed7001,909,rng5913,A
seed7001,910,rng5914,B
seed7001,911,rng5915,A
seed7001,912,rng5916,B
seed7001,913,rng5917,A
seed7001,914,rng5918,B
seed7001,915,rng5919,A
seed7001,916,rng5920,B
seed7001,917,rng5921,A
seed7001,918,rng5922,B
seed7001,919,rng5923,A
seed7001,920,rng5924,B
seed7001,921,rng5925,A
seed7001,922,rng5926,B
seed7001,923,rng5927,A
seed7001,924,rng5928,B
seed7001,925,rng5929,A
seed7001,926,rng5930,B
seed7001,927,rng5931,A
seed7001,928,rng5932,B
seed7001,929,rng5933,A
seed7001,930,rng5934,B
seed7001,931,rng5935,A
seed7001,932,rng5936,B
seed7001,933,rng5937,A
seed7001,934,rng5938,B
seed7001,935,rng5939,A
seed7001,936,rng5940,B
seed7001,937,rng5941,A
seed7001,938,rng5942,B
seed7001,939,rng5943,A
seed7001,940,rng5944,B
seed7001,941,rng5945,A
seed7001,942,rng5946,B
seed7001,943,rng5947,A
seed7001,944,rng5948,B
seed7001,945,rng5949,A
seed7001,946,rng5950,B
seed7001,947,rng5951,A
seed7001,948,rng5952,B
seed7001,949,rng5953,A
seed7001,950,rng5954,B
seed7001,951,rng5955,A
seed7001,952,rng5956,B
seed7001,953,rng5957,A
seed7001,954,rng5958,B
seed7001,955,rng5959,A
seed7001,956,rng5960,B
seed7001,957,rng5961,A
seed7001,958,rng5962,B
seed7001,959,rng5963,A
seed7001,960,rng5964,B
seed7001,961,rng5965,A
seed7001,962,rng5966,B
seed7001,963,rng5967,A
seed7001,964,rng5968,B
seed7001,965,rng5969,A
seed7001,966,rng5970,B
seed7001,967,rng5971,A
seed7001,968,rng5972,B
seed7001,969,rng5973,A
seed7001,970,rng5974,B
seed7001,971,rng5975,A
seed7001,972,rng5976,B
seed7001,973,rng5977,A
seed7001,974,rng5978,B
seed7001,975,rng5979,A
seed7001,976,rng5980,B
seed7001,977,rng5981,A
seed7001,978,rng5982,B
seed7001,979,rng5983,A
seed7001,980,rng5984,B
seed7001,981,rng5985,A
seed7001,982,rng5986,B
seed7001,983,rng5987,A
seed7001,984,rng5988,B
seed7001,985,rng5989,A
seed7001,986,rng5990,B
seed7001,987,rng5991,A
seed7001,988,rng5992,B
seed7001,989,rng5993,A
seed7001,990,rng5994,B
seed7001,991,rng5995,A
seed7001,992,rng5996,B
seed7001,993,rng5997,A
seed7001,994,rng5998,B
seed7001,995,rng5999,A
seed7001,996,rng6000,B
seed7001,997,rng6001,A
seed7001,998,rng6002,B
seed7001,999,rng6003,A
seed7003,0,rng5001,reserved
seed7003,1,rng5002,A
seed7003,2,rng5003,B
seed7003,3,rng5004,A
seed7003,4,rng5005,B
seed7003,5,rng5006,A
seed7003,6,rng5007,B
seed7003,7,rng5008,A
seed7003,8,rng5009,B
seed7003,9,rng5010,A
seed7003,10,rng5011,B
seed7003,11,rng5012,A
seed7003,12,rng5013,B
seed7003,13,rng5014,A
seed7003,14,rng5015,B
seed7003,15,rng5016,A
seed7003,16,rng5017,B
seed7003,17,rng5018,A
seed7003,18,rng5019,B
seed7003,19,rng5020,A
seed7003,20,rng5021,B
seed7003,21,rng5022,A
seed7003,22,rng5023,B
seed7003,23,rng5024,A
seed7003,24,rng5025,B
seed7003,25,rng5026,A
seed7003,26,rng5027,B
seed7003,27,rng5028,A
seed7003,28,rng5029,B
seed7003,29,rng5030,A
seed7003,30,rng5031,B
seed7003,31,rng5032,A
seed7003,32,rng5033,B
seed7003,33,rng5034,A
seed7003,34,rng5035,B
seed7003,35,rng5036,A
seed7003,36,rng5037,B
seed7003,37,rng5038,A
seed7003,38,rng5039,B
seed7003,39,rng5040,A
seed7003,40,rng5041,B
seed7003,41,rng5042,A
seed7003,42,rng5043,B
seed7003,43,rng5044,A
seed7003,44,rng5045,B
seed7003,45,rng5046,A
seed7003,46,rng5047,B
seed7003,47,rng5048,A
seed7003,48,rng5049,B
seed7003,49,rng5050,A
seed7003,50,rng5051,B
seed7003,51,rng5052,A
seed7003,52,rng5053,B
seed7003,53,rng5054,A
seed7003,54,rng5055,B
seed7003,55,rng5056,A
seed7003,56,rng5057,B
seed7003,57,rng5058,A
seed7003,58,rng5059,B
seed7003,59,rng5060,A
seed7003,60,rng5061,B
seed7003,61,rng5062,A
seed7003,62,rng5063,B
seed7003,63,rng5064,A
seed7003,64,rng5065,B
seed7003,65,rng5066,A
seed7003,66,rng5067,B
seed7003,67,rng5068,A
seed7003,68,rng5069,B
seed7003,69,rng5070,A
seed7003,70,rng5071,B
seed7003,71,rng5072,A
seed7003,72,rng5073,B
seed7003,73,rng5074,A
seed7003,74,rng5075,B
seed7003,75,rng5076,A
seed7003,76,rng5077,B
seed7003,77,rng5078,A
seed7003,78,rng5079,B
seed7003,79,rng5080,A
seed7003,80,rng5081,B
seed7003,81,rng5082,A
seed7003,82,rng5083,B
seed7003,83,rng5084,A
seed7003,84,rng5085,B
seed7003,85,rng5086,A
seed7003,86,rng5087,B
seed7003,87,rng5088,A
seed7003,88,rng5089,B
seed7003,89,rng5090,A
seed7003,90,rng5091,B
seed7003,91,rng5092,A
seed7003,92,rng5093,B
seed7003,93,rng5094,A
seed7003,94,rng5095,B
seed7003,95,rng5096,A
seed7003,96,rng5097,B
seed7003,97,rng5098,A
seed7003,98,rng5099,B
seed7003,99,rng5100,A
seed7003,100,rng5101,B
seed7003,101,rng5102,A
seed7003,102,rng5103,B
seed7003,103,rng5104,A
seed7003,104,rng5105,B
seed7003,105,rng5106,A
seed7003,106,rng5107,B
seed7003,107,rng5108,A
seed7003,108,rng5109,B
seed7003,109,rng5110,A
seed7003,110,rng5111,B
seed7003,111,rng5112,A
seed7003,112,rng5113,B
seed7003,113,rng5114,A
seed7003,114,rng5115,B
seed7003,115,rng5116,A
seed7003,116,rng5117,B
seed7003,117,rng5118,A
seed7003,118,rng5119,B
seed7003,119,rng5120,A
seed7003,120,rng5121,B
seed7003,121,rng5122,A
seed7003,122,rng5123,B
seed7003,123,rng5124,A
seed7003,124,rng5125,B
seed7003,125,rng5126,A
seed7003,126,rng5127,B
seed7003,127,rng5128,A
seed7003,128,rng5129,B
seed7003,129,rng5130,A
seed7003,130,rng5131,B
seed7003,131,rng5132,A
seed7003,132,rng5133,B
seed7003,133,rng5134,A
seed7003,134,rng5135,B
seed7003,135,rng5136,A
seed7003,136,rng5137,B
seed7003,137,rng5138,A
seed7003,138,rng5139,B
seed7003,139,rng5140,A
seed7003,140,rng5141,B
seed7003,141,rng5142,A
seed7003,142,rng5143,B
seed7003,143,rng5144,A
seed7003,144,rng5145,B
seed7003,145,rng5146,A
seed7003,146,rng5147,B
seed7003,147,rng5148,A
seed7003,148,rng5149,B
seed7003,149,rng5150,A
seed7003,150,rng5151,B
seed7003,151,rng5152,A
seed7003,152,rng5153,B
seed7003,153,rng5154,A
seed7003,154,rng5155,B
seed7003,155,rng5156,A
seed7003,156,rng5157,B
seed7003,157,rng5158,A
seed7003,158,rng5159,B
seed7003,159,rng5160,A
seed7003,160,rng5161,B
seed7003,161,rng5162,A
seed7003,162,rng5163,B
seed7003,163,rng5164,A
seed7003,164,rng5165,B
seed7003,165,rng5166,A
seed7003,166,rng5167,B
seed7003,167,rng5168,A
seed7003,168,rng5169,B
seed7003,169,rng5170,A
seed7003,170,rng5171,B
seed7003,171,rng5172,A
seed7003,172,rng5173,B
seed7003,173,rng5174,A
seed7003,174,rng5175,B
seed7003,175,rng5176,A
seed7003,176,rng5177,B
seed7003,177,rng5178,A
seed7003,178,rng5179,B
seed7003,179,rng5180,A
seed7003,180,rng5181,B
seed7003,181,rng5182,A
seed7003,182,rng5183,B
seed7003,183,rng5184,A
seed7003,184,rng5185,B
seed7003,185,rng5186,A
seed7003,186,rng5187,B
seed7003,187,rng5188,A
seed7003,188,rng5189,B
seed7003,189,rng5190,A
seed7003,190,rng5191,B
seed7003,191,rng5192,A
seed7003,192,rng5193,B
seed7003,193,rng5194,A
seed7003,194,rng5195,B
seed7003,195,rng5196,A
seed7003,196,rng5197,B
seed7003,197,rng5198,A
seed7003,198,rng5199,B
seed7003,199,rng5200,A
seed7003,200,rng5201,B
seed7003,201,rng5202,A
seed7003,202,rng5203,B
seed7003,203,rng5204,A
seed7003,204,rng5205,B
seed7003,205,rng5206,A
seed7003,206,rng5207,B
seed7003,207,rng5208,A
seed7003,208,rng5209,B
seed7003,209,rng5210,A
seed7003,210,rng5211,B
seed7003,211,rng5212,A
seed7003,212,rng5213,B
seed7003,213,rng5214,A
seed7003,214,rng5215,B
seed7003,215,rng5216,A
seed7003,216,rng5217,B
seed7003,217,rng5218,A
seed7003,218,rng5219,B
seed7003,219,rng5220,A
seed7003,220,rng5221,B
seed7003,221,rng5222,A
seed7003,222,rng5223,B
seed7003,223,rng5224,A
seed7003,224,rng5225,B
seed7003,225,rng5226,A
seed7003,226,rng5227,B
seed7003,227,rng5228,A
seed7003,228,rng5229,B
seed7003,229,rng5230,A
seed7003,230,rng5231,B
seed7003,231,rng5232,A
seed7003,232,rng5233,B
seed7003,233,rng5234,A
seed7003,234,rng5235,B
seed7003,235,rng5236,A
seed7003,236,rng5237,B
seed7003,237,rng5238,A
seed7003,238,rng5239,B
seed7003,239,rng5240,A
seed7003,240,rng5241,B
seed7003,241,rng5242,A
seed7003,242,rng5243,B
seed7003,243,rng5244,A
seed7003,244,rng5245,B
seed7003,245,rng5246,A
seed7003,246,rng5247,B
seed7003,247,rng5248,A
seed7003,248,rng5249,B
seed7003,249,rng5250,A
seed7003,250,rng5251,B
seed7003,251,rng5252,A
seed7003,252,rng5253,B
seed7003,253,rng5254,A
seed7003,254,rng5255,B
seed7003,255,rng5256,A
seed7003,256,rng5257,B
seed7003,257,rng5258,A
seed7003,258,rng5259,B
seed7003,259,rng5260,A
seed7003,260,rng5261,B
seed7003,261,rng5262,A
seed7003,262,rng5263,B
seed7003,263,rng5264,A
seed7003,264,rng5265,B
seed7003,265,rng5266,A
seed7003,266,rng5267,B
seed7003,267,rng5268,A
seed7003,268,rng5269,B
seed7003,269,rng5270,A
seed7003,270,rng5271,B
seed7003,271,rng5272,A
seed7003,272,rng5273,B
seed7003,273,rng5274,A
seed7003,274,rng5275,B
seed7003,275,rng5276,A
seed7003,276,rng5277,B
seed7003,277,rng5278,A
seed7003,278,rng5279,B
seed7003,279,rng5280,A
seed7003,280,rng5281,B
seed7003,281,rng5282,A
seed7003,282,rng5283,B
seed7003,283,rng5284,A
seed7003,284,rng5285,B
seed7003,285,rng5286,A
seed7003,286,rng5287,B
seed7003,287,rng5288,A
seed7003,288,rng5289,B
seed7003,289,rng5290,A
seed7003,290,rng5291,B
seed7003,291,rng5292,A
seed7003,292,rng5293,B
seed7003,293,rng5294,A
seed7003,294,rng5295,B
seed7003,295,rng5296,A
seed7003,296,rng5297,B
seed7003,297,rng5298,A
seed7003,298,rng5299,B
seed7003,299,rng5300,A
seed7003,300,rng5301,B
seed7003,301,rng5302,A
seed7003,302,rng5303,B
seed7003,303,rng5304,A
seed7003,304,rng5305,B
seed7003,305,rng5306,A
seed7003,306,rng5307,B
seed7003,307,rng5308,A
seed7003,308,rng5309,B
seed7003,309,rng5310,A
seed7003,310,rng5311,B
seed7003,311,rng5312,A
seed7003,312,rng5313,B
seed7003,313,rng5314,A
seed7003,314,rng5315,B
seed7003,315,rng5316,A
seed7003,316,rng5317,B
seed7003,317,rng5318,A
seed7003,318,rng5319,B
seed7003,319,rng5320,A
seed7003,320,rng5321,B
seed7003,321,rng5322,A
seed7003,322,rng5323,B
seed7003,323,rng5324,A
seed7003,324,rng5325,B
seed7003,325,rng5326,A
seed7003,326,rng5327,B
seed7003,327,rng5328,A
seed7003,328,rng5329,B
seed7003,329,rng5330,A
seed7003,330,rng5331,B
seed7003,331,rng5332,A
seed7003,332,rng5333,B
seed7003,333,rng5334,A
seed7003,334,rng5335,B
seed7003,335,rng5336,A
seed7003,336,rng5337,B
seed7003,337,rng5338,A
seed7003,338,rng5339,B
seed7003,339,rng5340,A
seed7003,340,rng5341,B
seed7003,341,rng5342,A
seed7003,342,rng5343,B
seed7003,343,rng5344,A
seed7003,344,rng5345,B
seed7003,345,rng5346,A
seed7003,346,rng5347,B
seed7003,347,rng5348,A
seed7003,348,rng5349,B
seed7003,349,rng5350,A
seed7003,350,rng5351,B
seed7003,351,rng5352,A
seed7003,352,rng5353,B
seed7003,353,rng5354,A
seed7003,354,rng5355,B
seed7003,355,rng5356,A
seed7003,356,rng5357,B
seed7003,357,rng5358,A
seed7003,358,rng5359,B
seed7003,359,rng5360,A
seed7003,360,rng5361,B
seed7003,361,rng5362,A
seed7003,362,rng5363,B
seed7003,363,rng5364,A
seed7003,364,rng5365,B
seed7003,365,rng5366,A
seed7003,366,rng5367,B
seed7003,367,rng5368,A
seed7003,368,rng5369,B
seed7003,369,rng5370,A
seed7003,370,rng5371,B
seed7003,371,rng5372,A
seed7003,372,rng5373,B
seed7003,373,rng5374,A
seed7003,374,rng5375,B
seed7003,375,rng5376,A
seed7003,376,rng5377,B
seed7003,377,rng5378,A
seed7003,378,rng5379,B
seed7003,379,rng5380,A
seed7003,380,rng5381,B
seed7003,381,rng5382,A
seed7003,382,rng5383,B
seed7003,383,rng5384,A
seed7003,384,rng5385,B
seed7003,385,rng5386,A
seed7003,386,rng5387,B
seed7003,387,rng5388,A
seed7003,388,rng5389,B
seed7003,389,rng5390,A
seed7003,390,rng5391,B
seed7003,391,rng5392,A
seed7003,392,rng5393,B
seed7003,393,rng5394,A
seed7003,394,rng5395,B
seed7003,395,rng5396,A
seed7003,396,rng5397,B
seed7003,397,rng5398,A
seed7003,398,rng5399,B
seed7003,399,rng5400,A
seed7003,400,rng5401,B
seed7003,401,rng5402,A
seed7003,402,rng5403,B
seed7003,403,rng5404,A
seed7003,404,rng5405,B
seed7003,405,rng5406,A
seed7003,406,rng5407,B
seed7003,407,rng5408,A
seed7003,408,rng5409,B
seed7003,409,rng5410,A
seed7003,410,rng5411,B
seed7003,411,rng5412,A
seed7003,412,rng5413,B
seed7003,413,rng5414,A
seed7003,414,rng5415,B
seed7003,415,rng5416,A
seed7003,416,rng5417,B
seed7003,417,rng5418,A
seed7003,418,rng5419,B
seed7003,419,rng5420,A
seed7003,420,rng5421,B
seed7003,421,rng5422,A
seed7003,422,rng5423,B
seed7003,423,rng5424,A
seed7003,424,rng5425,B
seed7003,425,rng5426,A
seed7003,426,rng5427,B
seed7003,427,rng5428,A
seed7003,428,rng5429,B
seed7003,429,rng5430,A
seed7003,430,rng5431,B
seed7003,431,rng5432,A
seed7003,432,rng5433,B
seed7003,433,rng5434,A
seed7003,434,rng5435,B
seed7003,435,rng5436,A
seed7003,436,rng5437,B
seed7003,437,rng5438,A
seed7003,438,rng5439,B
seed7003,439,rng5440,A
seed7003,440,rng5441,B
seed7003,441,rng5442,A
seed7003,442,rng5443,B
seed7003,443,rng5444,A
seed7003,444,rng5445,B
seed7003,445,rng5446,A
seed7003,446,rng5447,B
seed7003,447,rng5448,A
seed7003,448,rng5449,B
seed7003,449,rng5450,A
seed7003,450,rng5451,B
seed7003,451,rng5452,A
seed7003,452,rng5453,B
seed7003,453,rng5454,A
seed7003,454,rng5455,B
seed7003,455,rng5456,A
seed7003,456,rng5457,B
seed7003,457,rng5458,A
seed7003,458,rng5459,B
seed7003,459,rng5460,A
seed7003,460,rng5461,B
seed7003,461,rng5462,A
seed7003,462,rng5463,B
seed7003,463,rng5464,A
seed7003,464,rng5465,B
seed7003,465,rng5466,A
seed7003,466,rng5467,B
seed7003,467,rng5468,A
seed7003,468,rng5469,B
seed7003,469,rng5470,A
seed7003,470,rng5471,B
seed7003,471,rng5472,A
seed7003,472,rng5473,B
seed7003,473,rng5474,A
seed7003,474,rng5475,B
seed7003,475,rng5476,A
seed7003,476,rng5477,B
seed7003,477,rng5478,A
seed7003,478,rng5479,B
seed7003,479,rng5480,A
seed7003,480,rng5481,B
seed7003,481,rng5482,A
seed7003,482,rng5483,B
seed7003,483,rng5484,A
seed7003,484,rng5485,B
seed7003,485,rng5486,A
seed7003,486,rng5487,B
seed7003,487,rng5488,A
seed7003,488,rng5489,B
seed7003,489,rng5490,A
seed7003,490,rng5491,B
seed7003,491,rng5492,A
seed7003,492,rng5493,B
seed7003,493,rng5494,A
seed7003,494,rng5495,B
seed7003,495,rng5496,A
seed7003,496,rng5497,B
seed7003,497,rng5498,A
seed7003,498,rng5499,B
seed7003,499,rng5500,A
seed7003,500,rng5501,B
seed7003,501,rng5502,A
seed7003,502,rng5503,B
seed7003,503,rng5504,A
seed7003,504,rng5505,B
seed7003,505,rng5506,A
seed7003,506,rng5507,B
seed7003,507,rng5508,A
seed7003,508,rng5509,B
seed7003,509,rng5510,A
seed7003,510,rng5511,B
seed7003,511,rng5512,A
seed7003,512,rng5513,B
seed7003,513,rng5514,A
seed7003,514,rng5515,B
seed7003,515,rng5516,A
seed7003,516,rng5517,B
seed7003,517,rng5518,A
seed7003,518,rng5519,B
seed7003,519,rng5520,A
seed7003,520,rng5521,B
seed7003,521,rng5522,A
seed7003,522,rng5523,B
seed7003,523,rng5524,A
seed7003,524,rng5525,B
seed7003,525,rng5526,A
seed7003,526,rng5527,B
seed7003,527,rng5528,A
seed7003,528,rng5529,B
seed7003,529,rng5530,A
seed7003,530,rng5531,B
seed7003,531,rng5532,A
seed7003,532,rng5533,B
seed7003,533,rng5534,A
seed7003,534,rng5535,B
seed7003,535,rng5536,A
seed7003,536,rng5537,B
seed7003,537,rng5538,A
seed7003,538,rng5539,B
seed7003,539,rng5540,A
seed7003,540,rng5541,B
seed7003,541,rng5542,A
seed7003,542,rng5543,B
seed7003,543,rng5544,A
seed7003,544,rng5545,B
seed7003,545,rng5546,A
seed7003,546,rng5547,B
seed7003,547,rng5548,A
seed7003,548,rng5549,B
seed7003,549,rng5550,A
seed7003,550,rng5551,B
seed7003,551,rng5552,A
seed7003,552,rng5553,B
seed7003,553,rng5554,A
seed7003,554,rng5555,B
seed7003,555,rng5556,A
seed7003,556,rng5557,B
seed7003,557,rng5558,A
seed7003,558,rng5559,B
seed7003,559,rng5560,A
seed7003,560,rng5561,B
seed7003,561,rng5562,A
seed7003,562,rng5563,B
seed7003,563,rng5564,A
seed7003,564,rng5565,B
seed7003,565,rng5566,A
seed7003,566,rng5567,B
seed7003,567,rng5568,A
seed7003,568,rng5569,B
seed7003,569,rng5570,A
seed7003,570,rng5571,B
seed7003,571,rng5572,A
seed7003,572,rng5573,B
seed7003,573,rng5574,A
seed7003,574,rng5575,B
seed7003,575,rng5576,A
seed7003,576,rng5577,B
seed7003,577,rng5578,A
seed7003,578,rng5579,B
seed7003,579,rng5580,A
seed7003,580,rng5581,B
seed7003,581,rng5582,A
seed7003,582,rng5583,B
seed7003,583,rng5584,A
seed7003,584,rng5585,B
seed7003,585,rng5586,A
seed7003,586,rng5587,B
seed7003,587,rng5588,A
seed7003,588,rng5589,B
seed7003,589,rng5590,A
seed7003,590,rng5591,B
seed7003,591,rng5592,A
seed7003,592,rng5593,B
seed7003,593,rng5594,A
seed7003,594,rng5595,B
seed7003,595,rng5596,A
seed7003,596,rng5597,B
seed7003,597,rng5598,A
seed7003,598,rng5599,B
seed7003,599,rng5600,A
seed7003,600,rng5601,B
seed7003,601,rng5602,A
seed7003,602,rng5603,B
seed7003,603,rng5604,A
seed7003,604,rng5605,B
seed7003,605,rng5606,A
seed7003,606,rng5607,B
seed7003,607,rng5608,A
seed7003,608,rng5609,B
seed7003,609,rng5610,A
seed7003,610,rng5611,B
seed7003,611,rng5612,A
seed7003,612,rng5613,B
seed7003,613,rng5614,A
seed7003,614,rng5615,B
seed7003,615,rng5616,A
seed7003,616,rng5617,B
seed7003,617,rng5618,A
seed7003,618,rng5619,B
seed7003,619,rng5620,A
seed7003,620,rng5621,B
seed7003,621,rng5622,A
seed7003,622,rng5623,B
seed7003,623,rng5624,A
seed7003,624,rng5625,B
seed7003,625,rng5626,A
seed7003,626,rng5627,B
seed7003,627,rng5628,A
seed7003,628,rng5629,B
seed7003,629,rng5630,A
seed7003,630,rng5631,B
seed7003,631,rng5632,A
seed7003,632,rng5633,B
seed7003,633,rng5634,A
seed7003,634,rng5635,B
seed7003,635,rng5636,A
seed7003,636,rng5637,B
seed7003,637,rng5638,A
seed7003,638,rng5639,B
seed7003,639,rng5640,A
seed7003,640,rng5641,B
seed7003,641,rng5642,A
seed7003,642,rng5643,B
seed7003,643,rng5644,A
seed7003,644,rng5645,B
seed7003,645,rng5646,A
seed7003,646,rng5647,B
seed7003,647,rng5648,A
seed7003,648,rng5649,B
seed7003,649,rng5650,A
seed7003,650,rng5651,B
seed7003,651,rng5652,A
seed7003,652,rng5653,B
seed7003,653,rng5654,A
seed7003,654,rng5655,B
seed7003,655,rng5656,A
seed7003,656,rng5657,B
seed7003,657,rng5658,A
seed7003,658,rng5659,B
seed7003,659,rng5660,A
seed7003,660,rng5661,B
seed7003,661,rng5662,A
seed7003,662,rng5663,B
seed7003,663,rng5664,A
seed7003,664,rng5665,B
seed7003,665,rng5666,A
seed7003,666,rng5667,B
seed7003,667,rng5668,A
seed7003,668,rng5669,B
seed7003,669,rng5670,A
seed7003,670,rng5671,B
seed7003,671,rng5672,A
seed7003,672,rng5673,B
seed7003,673,rng5674,A
seed7003,674,rng5675,B
seed7003,675,rng5676,A
seed7003,676,rng5677,B
seed7003,677,rng5678,A
seed7003,678,rng5679,B
seed7003,679,rng5680,A
seed7003,680,rng5681,B
seed7003,681,rng5682,A
seed7003,682,rng5683,B
seed7003,683,rng5684,A
seed7003,684,rng5685,B
seed7003,685,rng5686,A
seed7003,686,rng5687,B
seed7003,687,rng5688,A
seed7003,688,rng5689,B
seed7003,689,rng5690,A
seed7003,690,rng5691,B
seed7003,691,rng5692,A
seed7003,692,rng5693,B
seed7003,693,rng5694,A
seed7003,694,rng5695,B
seed7003,695,rng5696,A
seed7003,696,rng5697,B
seed7003,697,rng5698,A
seed7003,698,rng5699,B
seed7003,699,rng5700,A
seed7003,700,rng5701,B
seed7003,701,rng5702,A
seed7003,702,rng5703,B
seed7003,703,rng5704,A
seed7003,704,rng5705,B
seed7003,705,rng5706,A
seed7003,706,rng5707,B
seed7003,707,rng5708,A
seed7003,708,rng5709,B
seed7003,709,rng5710,A
seed7003,710,rng5711,B
seed7003,711,rng5712,A
seed7003,712,rng5713,B
seed7003,713,rng5714,A
seed7003,714,rng5715,B
seed7003,715,rng5716,A
seed7003,716,rng5717,B
seed7003,717,rng5718,A
seed7003,718,rng5719,B
seed7003,719,rng5720,A
seed7003,720,rng5721,B
seed7003,721,rng5722,A
seed7003,722,rng5723,B
seed7003,723,rng5724,A
seed7003,724,rng5725,B
seed7003,725,rng5726,A
seed7003,726,rng5727,B
seed7003,727,rng5728,A
seed7003,728,rng5729,B
seed7003,729,rng5730,A
seed7003,730,rng5731,B
seed7003,731,rng5732,A
seed7003,732,rng5733,B
seed7003,733,rng5734,A
seed7003,734,rng5735,B
seed7003,735,rng5736,A
seed7003,736,rng5737,B
seed7003,737,rng5738,A
seed7003,738,rng5739,B
seed7003,739,rng5740,A
seed7003,740,rng5741,B
seed7003,741,rng5742,A
seed7003,742,rng5743,B
seed7003,743,rng5744,A
seed7003,744,rng5745,B
seed7003,745,rng5746,A
seed7003,746,rng5747,B
seed7003,747,rng5748,A
seed7003,748,rng5749,B
seed7003,749,rng5750,A
seed7003,750,rng5751,B
seed7003,751,rng5752,A
seed7003,752,rng5753,B
seed7003,753,rng5754,A
seed7003,754,rng5755,B
seed7003,755,rng5756,A
seed7003,756,rng5757,B
seed7003,757,rng5758,A
seed7003,758,rng5759,B
seed7003,759,rng5760,A
seed7003,760,rng5761,B
seed7003,761,rng5762,A
seed7003,762,rng5763,B
seed7003,763,rng5764,A
seed7003,764,rng5765,B
seed7003,765,rng5766,A
seed7003,766,rng5767,B
seed7003,767,rng5768,A
seed7003,768,rng5769,B
seed7003,769,rng5770,A
seed7003,770,rng5771,B
seed7003,771,rng5772,A
seed7003,772,rng5773,B
seed7003,773,rng5774,A
seed7003,774,rng5775,B
seed7003,775,rng5776,A
seed7003,776,rng5777,B
seed7003,777,rng5778,A
seed7003,778,rng5779,B
seed7003,779,rng5780,A
seed7003,780,rng5781,B
seed7003,781,rng5782,A
seed7003,782,rng5783,B
seed7003,783,rng5784,A
seed7003,784,rng5785,B
seed7003,785,rng5786,A
seed7003,786,rng5787,B
seed7003,787,rng5788,A
seed7003,788,rng5789,B
seed7003,789,rng5790,A
seed7003,790,rng5791,B
seed7003,791,rng5792,A
seed7003,792,rng5793,B
seed7003,793,rng5794,A
seed7003,794,rng5795,B
seed7003,795,rng5796,A
seed7003,796,rng5797,B
seed7003,797,rng5798,A
seed7003,798,rng5799,B
seed7003,799,rng5800,A
seed7003,800,rng5801,B
seed7003,801,rng5802,A
seed7003,802,rng5803,B
seed7003,803,rng5804,A
seed7003,804,rng5805,B
seed7003,805,rng5806,A
seed7003,806,rng5807,B
seed7003,807,rng5808,A
seed7003,808,rng5809,B
seed7003,809,rng5810,A
seed7003,810,rng5811,B
seed7003,811,rng5812,A
seed7003,812,rng5813,B
seed7003,813,rng5814,A
seed7003,814,rng5815,B
seed7003,815,rng5816,A
seed7003,816,rng5817,B
seed7003,817,rng5818,A
seed7003,818,rng5819,B
seed7003,819,rng5820,A
seed7003,820,rng5821,B
seed7003,821,rng5822,A
seed7003,822,rng5823,B
seed7003,823,rng5824,A
seed7003,824,rng5825,B
seed7003,825,rng5826,A
seed7003,826,rng5827,B
seed7003,827,rng5828,A
seed7003,828,rng5829,B
seed7003,829,rng5830,A
seed7003,830,rng5831,B
seed7003,831,rng5832,A
seed7003,832,rng5833,B
seed7003,833,rng5834,A
seed7003,834,rng5835,B
seed7003,835,rng5836,A
seed7003,836,rng5837,B
seed7003,837,rng5838,A
seed7003,838,rng5839,B
seed7003,839,rng5840,A
seed7003,840,rng5841,B
seed7003,841,rng5842,A
seed7003,842,rng5843,B
seed7003,843,rng5844,A
seed7003,844,rng5845,B
seed7003,845,rng5846,A
seed7003,846,rng5847,B
seed7003,847,rng5848,A
seed7003,848,rng5849,B
seed7003,849,rng5850,A
seed7003,850,rng5851,B
seed7003,851,rng5852,A
seed7003,852,rng5853,B
seed7003,853,rng5854,A
seed7003,854,rng5855,B
seed7003,855,rng5856,A
seed7003,856,rng5857,B
seed7003,857,rng5858,A
seed7003,858,rng5859,B
seed7003,859,rng5860,A
seed7003,860,rng5861,B
seed7003,861,rng5862,A
seed7003,862,rng5863,B
seed7003,863,rng5864,A
seed7003,864,rng5865,B
seed7003,865,rng5866,A
seed7003,866,rng5867,B
seed7003,867,rng5868,A
seed7003,868,rng5869,B
seed7003,869,rng5870,A
seed7003,870,rng5871,B
seed7003,871,rng5872,A
seed7003,872,rng5873,B
seed7003,873,rng5874,A
seed7003,874,rng5875,B
seed7003,875,rng5876,A
seed7003,876,rng5877,B
seed7003,877,rng5878,A
seed7003,878,rng5879,B
seed7003,879,rng5880,A
seed7003,880,rng5881,B
seed7003,881,rng5882,A
seed7003,882,rng5883,B
seed7003,883,rng5884,A
seed7003,884,rng5885,B
seed7003,885,rng5886,A
seed7003,886,rng5887,B
seed7003,887,rng5888,A
seed7003,888,rng5889,B
seed7003,889,rng5890,A
seed7003,890,rng5891,B
seed7003,891,rng5892,A
seed7003,892,rng5893,B
seed7003,893,rng5894,A
seed7003,894,rng5895,B
seed7003,895,rng5896,A
seed7003,896,rng5897,B
seed7003,897,rng5898,A
seed7003,898,rng5899,B
seed7003,899,rng5900,A
seed7003,900,rng5901,B
seed7003,901,rng5902,A
seed7003,902,rng5903,B
seed7003,903,rng5904,A
seed7003,904,rng5905,B
seed7003,905,rng5906,A
seed7003,906,rng5907,B
seed7003,907,rng5908,A
seed7003,908,rng5909,B
seed7003,909,rng5910,A
seed7003,910,rng5911,B
seed7003,911,rng5912,A
seed7003,912,rng5913,B
seed7003,913,rng5914,A
seed7003,914,rng5915,B
seed7003,915,rng5916,A
seed7003,916,rng5917,B
seed7003,917,rng5918,A
seed7003,918,rng5919,B
seed7003,919,rng5920,A
seed7003,920,rng5921,B
seed7003,921,rng5922,A
seed7003,922,rng5923,B
seed7003,923,rng5924,A
seed7003,924,rng5925,B
seed7003,925,rng5926,A
seed7003,926,rng5927,B
seed7003,927,rng5928,A
seed7003,928,rng5929,B
seed7003,929,rng5930,A
seed7003,930,rng5931,B
seed7003,931,rng5932,A
seed7003,932,rng5933,B
seed7003,933,rng5934,A
seed7003,934,rng5935,B
seed7003,935,rng5936,A
seed7003,936,rng5937,B
seed7003,937,rng5938,A
seed7003,938,rng5939,B
seed7003,939,rng5940,A
seed7003,940,rng5941,B
seed7003,941,rng5942,A
seed7003,942,rng5943,B
seed7003,943,rng5944,A
seed7003,944,rng5945,B
seed7003,945,rng5946,A
seed7003,946,rng5947,B
seed7003,947,rng5948,A
seed7003,948,rng5949,B
seed7003,949,rng5950,A
seed7003,950,rng5951,B
seed7003,951,rng5952,A
seed7003,952,rng5953,B
seed7003,953,rng5954,A
seed7003,954,rng5955,B
seed7003,955,rng5956,A
seed7003,956,rng5957,B
seed7003,957,rng5958,A
seed7003,958,rng5959,B
seed7003,959,rng5960,A
seed7003,960,rng5961,B
seed7003,961,rng5962,A
seed7003,962,rng5963,B
seed7003,963,rng5964,A
seed7003,964,rng5965,B
seed7003,965,rng5966,A
seed7003,966,rng5967,B
seed7003,967,rng5968,A
seed7003,968,rng5969,B
seed7003,969,rng5970,A
seed7003,970,rng5971,B
seed7003,971,rng5972,A
seed7003,972,rng5973,B
seed7003,973,rng5974,A
seed7003,974,rng5975,B
seed7003,975,rng5976,A
seed7003,976,rng5977,B
seed7003,977,rng5978,A
seed7003,978,rng5979,B
seed7003,979,rng5980,A
seed7003,980,rng5981,B
seed7003,981,rng5982,A
seed7003,982,rng5983,B
seed7003,983,rng5984,A
seed7003,984,rng5985,B
seed7003,985,rng5986,A
seed7003,986,rng5987,B
seed7003,987,rng5988,A
seed7003,988,rng5989,B
seed7003,989,rng5990,A
seed7003,990,rng5991,B
seed7003,991,rng5992,A
seed7003,992,rng5993,B
seed7003,993,rng5994,A
seed7003,994,rng5995,B
seed7003,995,rng5996,A
seed7003,996,rng5997,B
seed7003,997,rng5998,A
seed7003,998,rng5999,B
seed7003,999,rng6000,A
seed7005,0,rng5001,reserved
seed7005,1,rng5002,A
seed7005,2,rng5003,B
seed7005,3,rng5004,A
seed7005,4,rng5005,B
seed7005,5,rng5006,A
seed7005,6,rng5007,B
seed7005,7,rng5008,A
seed7005,8,rng5009,B
seed7005,9,rng5010,A
seed7005,10,rng5011,B
seed7005,11,rng5012,A
seed7005,12,rng5013,B
seed7005,13,rng5014,A
seed7005,14,rng5015,B
seed7005,15,rng5016,A
seed7005,16,rng5017,B
seed7005,17,rng5018,A
seed7005,18,rng5019,B
seed7005,19,rng5020,A
seed7005,20,rng5021,B
seed7005,21,rng5022,A
seed7005,22,rng5023,B
seed7005,23,rng5024,A
seed7005,24,rng5025,B
seed7005,25,rng5026,A
seed7005,26,rng5027,B
seed7005,27,rng5028,A
seed7005,28,rng5029,B
seed7005,29,rng5030,A
seed7005,30,rng5031,B
seed7005,31,rng5032,A
seed7005,32,rng5033,B
seed7005,33,rng5034,A
seed7005,34,rng5035,B
seed7005,35,rng5036,A
seed7005,36,rng5037,B
seed7005,37,rng5038,A
seed7005,38,rng5039,B
seed7005,39,rng5040,A
seed7005,40,rng5041,B
seed7005,41,rng5042,A
seed7005,42,rng5043,B
seed7005,43,rng5044,A
seed7005,44,rng5045,B
seed7005,45,rng5046,A
seed7005,46,rng5047,B
seed7005,47,rng5048,A
seed7005,48,rng5049,B
seed7005,49,rng5050,A
seed7005,50,rng5051,B
seed7005,51,rng5052,A
seed7005,52,rng5053,B
seed7005,53,rng5054,A
seed7005,54,rng5055,B
seed7005,55,rng5056,A
seed7005,56,rng5057,B
seed7005,57,rng5058,A
seed7005,58,rng5059,B
seed7005,59,rng5060,A
seed7005,60,rng5061,B
seed7005,61,rng5062,A
seed7005,62,rng5063,B
seed7005,63,rng5064,A
seed7005,64,rng5065,B
seed7005,65,rng5066,A
seed7005,66,rng5067,B
seed7005,67,rng5068,A
seed7005,68,rng5069,B
seed7005,69,rng5070,A
seed7005,70,rng5071,B
seed7005,71,rng5072,A
seed7005,72,rng5073,B
seed7005,73,rng5074,A
seed7005,74,rng5075,B
seed7005,75,rng5076,A
seed7005,76,rng5077,B
seed7005,77,rng5078,A
seed7005,78,rng5079,B
seed7005,79,rng5080,A
seed7005,80,rng5081,B
seed7005,81,rng5082,A
seed7005,82,rng5083,B
seed7005,83,rng5084,A
seed7005,84,rng5085,B
seed7005,85,rng5086,A
seed7005,86,rng5087,B
seed7005,87,rng5088,A
seed7005,88,rng5089,B
seed7005,89,rng5090,A
seed7005,90,rng5091,B
seed7005,91,rng5092,A
seed7005,92,rng5093,B
seed7005,93,rng5094,A
seed7005,94,rng5095,B
seed7005,95,rng5096,A
seed7005,96,rng5097,B
seed7005,97,rng5098,A
seed7005,98,rng5099,B
seed7005,99,rng5100,A
seed7005,100,rng5101,B
seed7005,101,rng5102,A
seed7005,102,rng5103,B
seed7005,103,rng5104,A
seed7005,104,rng5105,B
seed7005,105,rng5106,A
seed7005,106,rng5107,B
seed7005,107,rng5108,A
seed7005,108,rng5109,B
seed7005,109,rng5110,A
seed7005,110,rng5111,B
seed7005,111,rng5112,A
seed7005,112,rng5113,B
seed7005,113,rng5114,A
seed7005,114,rng5115,B
seed7005,115,rng5116,A
seed7005,116,rng5117,B
seed7005,117,rng5118,A
seed7005,118,rng5119,B
seed7005,119,rng5120,A
seed7005,120,rng5121,B
seed7005,121,rng5122,A
seed7005,122,rng5123,B
seed7005,123,rng5124,A
seed7005,124,rng5125,B
seed7005,125,rng5126,A
seed7005,126,rng5127,B
seed7005,127,rng5128,A
seed7005,128,rng5129,B
seed7005,129,rng5130,A
seed7005,130,rng5131,B
seed7005,131,rng5132,A
seed7005,132,rng5133,B
seed7005,133,rng5134,A
seed7005,134,rng5135,B
seed7005,135,rng5136,A
seed7005,136,rng5137,B
seed7005,137,rng5138,A
seed7005,138,rng5139,B
seed7005,139,rng5140,A
seed7005,140,rng5141,B
seed7005,141,rng5142,A
seed7005,142,rng5143,B
seed7005,143,rng5144,A
seed7005,144,rng5145,B
seed7005,145,rng5146,A
seed7005,146,rng5147,B
seed7005,147,rng5148,A
seed7005,148,rng5149,B
seed7005,149,rng5150,A
seed7005,150,rng5151,B
seed7005,151,rng5152,A
seed7005,152,rng5153,B
seed7005,153,rng5154,A
seed7005,154,rng5155,B
seed7005,155,rng5156,A
seed7005,156,rng5157,B
seed7005,157,rng5158,A
seed7005,158,rng5159,B
seed7005,159,rng5160,A
seed7005,160,rng5161,B
seed7005,161,rng5162,A
seed7005,162,rng5163,B
seed7005,163,rng5164,A
seed7005,164,rng5165,B
seed7005,165,rng5166,A
seed7005,166,rng5167,B
seed7005,167,rng5168,A
seed7005,168,rng5169,B
seed7005,169,rng5170,A
seed7005,170,rng5171,B
seed7005,171,rng5172,A
seed7005,172,rng5173,B
seed7005,173,rng5174,A
seed7005,174,rng5175,B
seed7005,175,rng5176,A
seed7005,176,rng5177,B
seed7005,177,rng5178,A
seed7005,178,rng5179,B
seed7005,179,rng5180,A
seed7005,180,rng5181,B
seed7005,181,rng5182,A
seed7005,182,rng5183,B
seed7005,183,rng5184,A
seed7005,184,rng5185,B
seed7005,185,rng5186,A
seed7005,186,rng5187,B
seed7005,187,rng5188,A
seed7005,188,rng5189,B
seed7005,189,rng5190,A
seed7005,190,rng5191,B
seed7005,191,rng5192,A
seed7005,192,rng5193,B
seed7005,193,rng5194,A
seed7005,194,rng5195,B
seed7005,195,rng5196,A
seed7005,196,rng5197,B
seed7005,197,rng5198,A
seed7005,198,rng5199,B
seed7005,199,rng5200,A
seed7005,200,rng5201,B
seed7005,201,rng5202,A
seed7005,202,rng5203,B
seed7005,203,rng5204,A
seed7005,204,rng5205,B
seed7005,205,rng5206,A
seed7005,206,rng5207,B
seed7005,207,rng5208,A
seed7005,208,rng5209,B
seed7005,209,rng5210,A
seed7005,210,rng5211,B
seed7005,211,rng5212,A
seed7005,212,rng5213,B
seed7005,213,rng5214,A
seed7005,214,rng5215,B
seed7005,215,rng5216,A
seed7005,216,rng5217,B
seed7005,217,rng5218,A
seed7005,218,rng5219,B
seed7005,219,rng5220,A
seed7005,220,rng5221,B
seed7005,221,rng5222,A
seed7005,222,rng5223,B
seed7005,223,rng5224,A
seed7005,224,rng5225,B
seed7005,225,rng5226,A
seed7005,226,rng5227,B
seed7005,227,rng5228,A
seed7005,228,rng5229,B
seed7005,229,rng5230,A
seed7005,230,rng5231,B
seed7005,231,rng5232,A
seed7005,232,rng5233,B
seed7005,233,rng5234,A
seed7005,234,rng5235,B
seed7005,235,rng5236,A
seed7005,236,rng5237,B
seed7005,237,rng5238,A
seed7005,238,rng5239,B
seed7005,239,rng5240,A
seed7005,240,rng5241,B
seed7005,241,rng5242,A
seed7005,242,rng5243,B
seed7005,243,rng5244,A
seed7005,244,rng5245,B
seed7005,245,rng5246,A
seed7005,246,rng5247,B
seed7005,247,rng5248,A
seed7005,248,rng5249,B
seed7005,249,rng5250,A
seed7005,250,rng5251,B
seed7005,251,rng5252,A
seed7005,252,rng5253,B
seed7005,253,rng5254,A
seed7005,254,rng5255,B
seed7005,255,rng5256,A
seed7005,256,rng5257,B
seed7005,257,rng5258,A
seed7005,258,rng5259,B
seed7005,259,rng5260,A
seed7005,260,rng5261,B
seed7005,261,rng5262,A
seed7005,262,rng5263,B
seed7005,263,rng5264,A
seed7005,264,rng5265,B
seed7005,265,rng5266,A
seed7005,266,rng5267,B
seed7005,267,rng5268,A
seed7005,268,rng5269,B
seed7005,269,rng5270,A
seed7005,270,rng5271,B
seed7005,271,rng5272,A
seed7005,272,rng5273,B
seed7005,273,rng5274,A
seed7005,274,rng5275,B
seed7005,275,rng5276,A
seed7005,276,rng5277,B
seed7005,277,rng5278,A
seed7005,278,rng5279,B
seed7005,279,rng5280,A
seed7005,280,rng5281,B
seed7005,281,rng5282,A
seed7005,282,rng5283,B
seed7005,283,rng5284,A
seed7005,284,rng5285,B
seed7005,285,rng5286,A
seed7005,286,rng5287,B
seed7005,287,rng5288,A
seed7005,288,rng5289,B
seed7005,289,rng5290,A
seed7005,290,rng5291,B
seed7005,291,rng5292,A
seed7005,292,rng5293,B
seed7005,293,rng5294,A
seed7005,294,rng5295,B
seed7005,295,rng5296,A
seed7005,296,rng5297,B
seed7005,297,rng5298,A
seed7005,298,rng5299,B
seed7005,299,rng5300,A
seed7005,300,rng5301,B
seed7005,301,rng5302,A
seed7005,302,rng5303,B
seed7005,303,rng5304,A
seed7005,304,rng5305,B
seed7005,305,rng5306,A
seed7005,306,rng5307,B
seed7005,307,rng5308,A
seed7005,308,rng5309,B
seed7005,309,rng5310,A
seed7005,310,rng5311,B
seed7005,311,rng5312,A
seed7005,312,rng5313,B
seed7005,313,rng5314,A
seed7005,314,rng5315,B
seed7005,315,rng5316,A
seed7005,316,rng5317,B
seed7005,317,rng5318,A
seed7005,318,rng5319,B
seed7005,319,rng5320,A
seed7005,320,rng5321,B
seed7005,321,rng5322,A
seed7005,322,rng5323,B
seed7005,323,rng5324,A
seed7005,324,rng5325,B
seed7005,325,rng5326,A
seed7005,326,rng5327,B
seed7005,327,rng5328,A
seed7005,328,rng5329,B
seed7005,329,rng5330,A
seed7005,330,rng5331,B
seed7005,331,rng5332,A
seed7005,332,rng5333,B
seed7005,333,rng5334,A
seed7005,334,rng5335,B
seed7005,335,rng5336,A
seed7005,336,rng5337,B
seed7005,337,rng5338,A
seed7005,338,rng5339,B
seed7005,339,rng5340,A
seed7005,340,rng5341,B
seed7005,341,rng5342,A
seed7005,342,rng5343,B
seed7005,343,rng5344,A
seed7005,344,rng5345,B
seed7005,345,rng5346,A
seed7005,346,rng5347,B
seed7005,347,rng5348,A
seed7005,348,rng5349,B
seed7005,349,rng5350,A
seed7005,350,rng5351,B
seed7005,351,rng5352,A
seed7005,352,rng5353,B
seed7005,353,rng5354,A
seed7005,354,rng5355,B
seed7005,355,rng5356,A
seed7005,356,rng5357,B
seed7005,357,rng5358,A
seed7005,358,rng5359,B
seed7005,359,rng5360,A
seed7005,360,rng5361,B
seed7005,361,rng5362,A
seed7005,362,rng5363,B
seed7005,363,rng5364,A
seed7005,364,rng5365,B
seed7005,365,rng5366,A
seed7005,366,rng5367,B
seed7005,367,rng5368,A
seed7005,368,rng5369,B
seed7005,369,rng5370,A
seed7005,370,rng5371,B
seed7005,371,rng5372,A
seed7005,372,rng5373,B
seed7005,373,rng5374,A
seed7005,374,rng5375,B
seed7005,375,rng5376,A
seed7005,376,rng5377,B
seed7005,377,rng5378,A
seed7005,378,rng5379,B
seed7005,379,rng5380,A
seed7005,380,rng5381,B
seed7005,381,rng5382,A
seed7005,382,rng5383,B
seed7005,383,rng5384,A
seed7005,384,rng5385,B
seed7005,385,rng5386,A
seed7005,386,rng5387,B
seed7005,387,rng5388,A
seed7005,388,rng5389,B
seed7005,389,rng5390,A
seed7005,390,rng5391,B
seed7005,391,rng5392,A
seed7005,392,rng5393,B
seed7005,393,rng5394,A
seed7005,394,rng5395,B
seed7005,395,rng5396,A
seed7005,396,rng5397,B
seed7005,397,rng5398,A
seed7005,398,rng5399,B
seed7005,399,rng5400,A
seed7005,400,rng5401,B
seed7005,401,rng5402,A
seed7005,402,rng5403,B
seed7005,403,rng5404,A
seed7005,404,rng5405,B
seed7005,405,rng5406,A
seed7005,406,rng5407,B
seed7005,407,rng5408,A
seed7005,408,rng5409,B
seed7005,409,rng5410,A
seed7005,410,rng5411,B
seed7005,411,rng5412,A
seed7005,412,rng5413,B
seed7005,413,rng5414,A
seed7005,414,rng5415,B
seed7005,415,rng5416,A
seed7005,416,rng5417,B
seed7005,417,rng5418,A
seed7005,418,rng5419,B
seed7005,419,rng5420,A
seed7005,420,rng5421,B
seed7005,421,rng5422,A
seed7005,422,rng5423,B
seed7005,423,rng5424,A
seed7005,424,rng5425,B
seed7005,425,rng5426,A
seed7005,426,rng5427,B
seed7005,427,rng5428,A
seed7005,428,rng5429,B
seed7005,429,rng5430,A
seed7005,430,rng5431,B
seed7005,431,rng5432,A
seed7005,432,rng5433,B
seed7005,433,rng5434,A
seed7005,434,rng5435,B
seed7005,435,rng5436,A
seed7005,436,rng5437,B
seed7005,437,rng5438,A
seed7005,438,rng5440,B
seed7005,439,rng5441,A
seed7005,440,rng5442,B
seed7005,441,rng5443,A
seed7005,442,rng5444,B
seed7005,443,rng5445,A
seed7005,444,rng5446,B
seed7005,445,rng5447,A
seed7005,446,rng5448,B
seed7005,447,rng5449,A
seed7005,448,rng5450,B
seed7005,449,rng5451,A
seed7005,450,rng5452,B
seed7005,451,rng5453,A
seed7005,452,rng5454,B
seed7005,453,rng5455,A
seed7005,454,rng5456,B
seed7005,455,rng5457,A
seed7005,456,rng5458,B
seed7005,457,rng5459,A
seed7005,458,rng5460,B
seed7005,459,rng5461,A
seed7005,460,rng5462,B
seed7005,461,rng5463,A
seed7005,462,rng5464,B
seed7005,463,rng5465,A
seed7005,464,rng5466,B
seed7005,465,rng5467,A
seed7005,466,rng5468,B
seed7005,467,rng5469,A
seed7005,468,rng5470,B
seed7005,469,rng5471,A
seed7005,470,rng5472,B
seed7005,471,rng5473,A
seed7005,472,rng5474,B
seed7005,473,rng5475,A
seed7005,474,rng5476,B
seed7005,475,rng5477,A
seed7005,476,rng5478,B
seed7005,477,rng5479,A
seed7005,478,rng5480,B
seed7005,479,rng5481,A
seed7005,480,rng5482,B
seed7005,481,rng5483,A
seed7005,482,rng5484,B
seed7005,483,rng5485,A
seed7005,484,rng5486,B
seed7005,485,rng5487,A
seed7005,486,rng5488,B
seed7005,487,rng5489,A
seed7005,488,rng5490,B
seed7005,489,rng5491,A
seed7005,490,rng5492,B
seed7005,491,rng5493,A
seed7005,492,rng5494,B
seed7005,493,rng5495,A
seed7005,494,rng5496,B
seed7005,495,rng5497,A
seed7005,496,rng5498,B
seed7005,497,rng5499,A
seed7005,498,rng5500,B
seed7005,499,rng5501,A
seed7005,500,rng5502,B
seed7005,501,rng5503,A
seed7005,502,rng5504,B
seed7005,503,rng5505,A
seed7005,504,rng5506,B
seed7005,505,rng5507,A
seed7005,506,rng5508,B
seed7005,507,rng5509,A
seed7005,508,rng5510,B
seed7005,509,rng5511,A
seed7005,510,rng5512,B
seed7005,511,rng5513,A
seed7005,512,rng5514,B
seed7005,513,rng5515,A
seed7005,514,rng5516,B
seed7005,515,rng5517,A
seed7005,516,rng5518,B
seed7005,517,rng5519,A
seed7005,518,rng5520,B
seed7005,519,rng5521,A
seed7005,520,rng5522,B
seed7005,521,rng5523,A
seed7005,522,rng5524,B
seed7005,523,rng5525,A
seed7005,524,rng5526,B
seed7005,525,rng5527,A
seed7005,526,rng5528,B
seed7005,527,rng5529,A
seed7005,528,rng5530,B
seed7005,529,rng5531,A
seed7005,530,rng5532,B
seed7005,531,rng5533,A
seed7005,532,rng5534,B
seed7005,533,rng5535,A
seed7005,534,rng5536,B
seed7005,535,rng5537,A
seed7005,536,rng5538,B
seed7005,537,rng5539,A
seed7005,538,rng5540,B
seed7005,539,rng5541,A
seed7005,540,rng5542,B
seed7005,541,rng5543,A
seed7005,542,rng5544,B
seed7005,543,rng5545,A
seed7005,544,rng5546,B
seed7005,545,rng5547,A
seed7005,546,rng5548,B
seed7005,547,rng5549,A
seed7005,548,rng5550,B
seed7005,549,rng5551,A
seed7005,550,rng5552,B
seed7005,551,rng5553,A
seed7005,552,rng5554,B
seed7005,553,rng5555,A
seed7005,554,rng5556,B
seed7005,555,rng5557,A
seed7005,556,rng5558,B
seed7005,557,rng5559,A
seed7005,558,rng5560,B
seed7005,559,rng5561,A
seed7005,560,rng5562,B
seed7005,561,rng5563,A
seed7005,562,rng5564,B
seed7005,563,rng5565,A
seed7005,564,rng5566,B
seed7005,565,rng5567,A
seed7005,566,rng5568,B
seed7005,567,rng5569,A
seed7005,568,rng5570,B
seed7005,569,rng5571,A
seed7005,570,rng5572,B
seed7005,571,rng5573,A
seed7005,572,rng5574,B
seed7005,573,rng5575,A
seed7005,574,rng5576,B
seed7005,575,rng5577,A
seed7005,576,rng5578,B
seed7005,577,rng5579,A
seed7005,578,rng5580,B
seed7005,579,rng5581,A
seed7005,580,rng5582,B
seed7005,581,rng5583,A
seed7005,582,rng5584,B
seed7005,583,rng5585,A
seed7005,584,rng5586,B
seed7005,585,rng5587,A
seed7005,586,rng5588,B
seed7005,587,rng5589,A
seed7005,588,rng5590,B
seed7005,589,rng5591,A
seed7005,590,rng5592,B
seed7005,591,rng5593,A
seed7005,592,rng5594,B
seed7005,593,rng5595,A
seed7005,594,rng5596,B
seed7005,595,rng5597,A
seed7005,596,rng5598,B
seed7005,597,rng5599,A
seed7005,598,rng5600,B
seed7005,599,rng5601,A
seed7005,600,rng5602,B
seed7005,601,rng5603,A
seed7005,602,rng5604,B
seed7005,603,rng5605,A
seed7005,604,rng5606,B
seed7005,605,rng5607,A
seed7005,606,rng5608,B
seed7005,607,rng5609,A
seed7005,608,rng5610,B
seed7005,609,rng5611,A
seed7005,610,rng5612,B
seed7005,611,rng5613,A
seed7005,612,rng5614,B
seed7005,613,rng5615,A
seed7005,614,rng5616,B
seed7005,615,rng5617,A
seed7005,616,rng5618,B
seed7005,617,rng5619,A
seed7005,618,rng5620,B
seed7005,619,rng5621,A
seed7005,620,rng5622,B
seed7005,621,rng5623,A
seed7005,622,rng5624,B
seed7005,623,rng5625,A
seed7005,624,rng5626,B
seed7005,625,rng5627,A
seed7005,626,rng5628,B
seed7005,627,rng5629,A
seed7005,628,rng5630,B
seed7005,629,rng5631,A
seed7005,630,rng5632,B
seed7005,631,rng5633,A
seed7005,632,rng5634,B
seed7005,633,rng5635,A
seed7005,634,rng5636,B
seed7005,635,rng5637,A
seed7005,636,rng5638,B
seed7005,637,rng5640,A
seed7005,638,rng5641,B
seed7005,639,rng5642,A
seed7005,640,rng5643,B
seed7005,641,rng5644,A
seed7005,642,rng5645,B
seed7005,643,rng5646,A
seed7005,644,rng5647,B
seed7005,645,rng5648,A
seed7005,646,rng5649,B
seed7005,647,rng5650,A
seed7005,648,rng5651,B
seed7005,649,rng5652,A
seed7005,650,rng5653,B
seed7005,651,rng5654,A
seed7005,652,rng5655,B
seed7005,653,rng5656,A
seed7005,654,rng5657,B
seed7005,655,rng5658,A
seed7005,656,rng5659,B
seed7005,657,rng5660,A
seed7005,658,rng5661,B
seed7005,659,rng5662,A
seed7005,660,rng5663,B
seed7005,661,rng5664,A
seed7005,662,rng5665,B
seed7005,663,rng5666,A
seed7005,664,rng5667,B
seed7005,665,rng5668,A
seed7005,666,rng5669,B
seed7005,667,rng5670,A
seed7005,668,rng5671,B
seed7005,669,rng5672,A
seed7005,670,rng5673,B
seed7005,671,rng5674,A
seed7005,672,rng5675,B
seed7005,673,rng5676,A
seed7005,674,rng5677,B
seed7005,675,rng5678,A
seed7005,676,rng5679,B
seed7005,677,rng5680,A
seed7005,678,rng5681,B
seed7005,679,rng5682,A
seed7005,680,rng5683,B
seed7005,681,rng5684,A
seed7005,682,rng5685,B
seed7005,683,rng5686,A
seed7005,684,rng5687,B
seed7005,685,rng5688,A
seed7005,686,rng5689,B
seed7005,687,rng5690,A
seed7005,688,rng5691,B
seed7005,689,rng5692,A
seed7005,690,rng5693,B
seed7005,691,rng5694,A
seed7005,692,rng5695,B
seed7005,693,rng5696,A
seed7005,694,rng5697,B
seed7005,695,rng5698,A
seed7005,696,rng5699,B
seed7005,697,rng5700,A
seed7005,698,rng5701,B
seed7005,699,rng5702,A
seed7005,700,rng5703,B
seed7005,701,rng5704,A
seed7005,702,rng5705,B
seed7005,703,rng5706,A
seed7005,704,rng5707,B
seed7005,705,rng5708,A
seed7005,706,rng5709,B
seed7005,707,rng5710,A
seed7005,708,rng5711,B
seed7005,709,rng5712,A
seed7005,710,rng5713,B
seed7005,711,rng5714,A
seed7005,712,rng5715,B
seed7005,713,rng5716,A
seed7005,714,rng5717,B
seed7005,715,rng5718,A
seed7005,716,rng5719,B
seed7005,717,rng5720,A
seed7005,718,rng5721,B
seed7005,719,rng5722,A
seed7005,720,rng5723,B
seed7005,721,rng5724,A
seed7005,722,rng5725,B
seed7005,723,rng5726,A
seed7005,724,rng5727,B
seed7005,725,rng5728,A
seed7005,726,rng5729,B
seed7005,727,rng5730,A
seed7005,728,rng5731,B
seed7005,729,rng5732,A
seed7005,730,rng5733,B
seed7005,731,rng5734,A
seed7005,732,rng5735,B
seed7005,733,rng5736,A
seed7005,734,rng5737,B
seed7005,735,rng5738,A
seed7005,736,rng5739,B
seed7005,737,rng5740,A
seed7005,738,rng5741,B
seed7005,739,rng5742,A
seed7005,740,rng5743,B
seed7005,741,rng5744,A
seed7005,742,rng5745,B
seed7005,743,rng5746,A
seed7005,744,rng5747,B
seed7005,745,rng5748,A
seed7005,746,rng5749,B
seed7005,747,rng5750,A
seed7005,748,rng5751,B
seed7005,749,rng5752,A
seed7005,750,rng5753,B
seed7005,751,rng5754,A
seed7005,752,rng5755,B
seed7005,753,rng5756,A
seed7005,754,rng5757,B
seed7005,755,rng5758,A
seed7005,756,rng5759,B
seed7005,757,rng5760,A
seed7005,758,rng5761,B
seed7005,759,rng5762,A
seed7005,760,rng5763,B
seed7005,761,rng5764,A
seed7005,762,rng5765,B
seed7005,763,rng5766,A
seed7005,764,rng5767,B
seed7005,765,rng5768,A
seed7005,766,rng5769,B
seed7005,767,rng5770,A
seed7005,768,rng5771,B
seed7005,769,rng5772,A
seed7005,770,rng5773,B
seed7005,771,rng5774,A
seed7005,772,rng5775,B
seed7005,773,rng5776,A
seed7005,774,rng5777,B
seed7005,775,rng5778,A
seed7005,776,rng5779,B
seed7005,777,rng5780,A
seed7005,778,rng5781,B
seed7005,779,rng5782,A
seed7005,780,rng5783,B
seed7005,781,rng5784,A
seed7005,782,rng5785,B
seed7005,783,rng5786,A
seed7005,784,rng5787,B
seed7005,785,rng5788,A
seed7005,786,rng5789,B
seed7005,787,rng5790,A
seed7005,788,rng5791,B
seed7005,789,rng5792,A
seed7005,790,rng5793,B
seed7005,791,rng5794,A
seed7005,792,rng5795,B
seed7005,793,rng5796,A
seed7005,794,rng5797,B
seed7005,795,rng5798,A
seed7005,796,rng5799,B
seed7005,797,rng5800,A
seed7005,798,rng5801,B
seed7005,799,rng5802,A
seed7005,800,rng5803,B
seed7005,801,rng5804,A
seed7005,802,rng5805,B
seed7005,803,rng5806,A
seed7005,804,rng5807,B
seed7005,805,rng5808,A
seed7005,806,rng5809,B
seed7005,807,rng5810,A
seed7005,808,rng5811,B
seed7005,809,rng5812,A
seed7005,810,rng5813,B
seed7005,811,rng5814,A
seed7005,812,rng5815,B
seed7005,813,rng5816,A
seed7005,814,rng5817,B
seed7005,815,rng5818,A
seed7005,816,rng5819,B
seed7005,817,rng5820,A
seed7005,818,rng5821,B
seed7005,819,rng5822,A
seed7005,820,rng5823,B
seed7005,821,rng5824,A
seed7005,822,rng5825,B
seed7005,823,rng5826,A
seed7005,824,rng5827,B
seed7005,825,rng5828,A
seed7005,826,rng5829,B
seed7005,827,rng5830,A
seed7005,828,rng5831,B
seed7005,829,rng5832,A
seed7005,830,rng5833,B
seed7005,831,rng5834,A
seed7005,832,rng5835,B
seed7005,833,rng5836,A
seed7005,834,rng5837,B
seed7005,835,rng5838,A
seed7005,836,rng5839,B
seed7005,837,rng5840,A
seed7005,838,rng5841,B
seed7005,839,rng5842,A
seed7005,840,rng5843,B
seed7005,841,rng5844,A
seed7005,842,rng5845,B
seed7005,843,rng5846,A
seed7005,844,rng5847,B
seed7005,845,rng5848,A
seed7005,846,rng5849,B
seed7005,847,rng5850,A
seed7005,848,rng5851,B
seed7005,849,rng5852,A
seed7005,850,rng5853,B
seed7005,851,rng5854,A
seed7005,852,rng5855,B
seed7005,853,rng5856,A
seed7005,854,rng5857,B
seed7005,855,rng5858,A
seed7005,856,rng5859,B
seed7005,857,rng5860,A
seed7005,858,rng5861,B
seed7005,859,rng5862,A
seed7005,860,rng5863,B
seed7005,861,rng5864,A
seed7005,862,rng5865,B
seed7005,863,rng5866,A
seed7005,864,rng5867,B
seed7005,865,rng5868,A
seed7005,866,rng5869,B
seed7005,867,rng5870,A
seed7005,868,rng5871,B
seed7005,869,rng5872,A
seed7005,870,rng5873,B
seed7005,871,rng5874,A
seed7005,872,rng5875,B
seed7005,873,rng5876,A
seed7005,874,rng5877,B
seed7005,875,rng5878,A
seed7005,876,rng5879,B
seed7005,877,rng5880,A
seed7005,878,rng5881,B
seed7005,879,rng5882,A
seed7005,880,rng5883,B
seed7005,881,rng5884,A
seed7005,882,rng5885,B
seed7005,883,rng5886,A
seed7005,884,rng5887,B
seed7005,885,rng5888,A
seed7005,886,rng5889,B
seed7005,887,rng5890,A
seed7005,888,rng5891,B
seed7005,889,rng5892,A
seed7005,890,rng5893,B
seed7005,891,rng5894,A
seed7005,892,rng5895,B
seed7005,893,rng5896,A
seed7005,894,rng5897,B
seed7005,895,rng5898,A
seed7005,896,rng5899,B
seed7005,897,rng5900,A
seed7005,898,rng5901,B
seed7005,899,rng5902,A
seed7005,900,rng5903,B
seed7005,901,rng5904,A
seed7005,902,rng5905,B
seed7005,903,rng5906,A
seed7005,904,rng5907,B
seed7005,905,rng5908,A
seed7005,906,rng5909,B
seed7005,907,rng5910,A
seed7005,908,rng5911,B
seed7005,909,rng5912,A
seed7005,910,rng5913,B
seed7005,911,rng5914,A
seed7005,912,rng5915,B
seed7005,913,rng5916,A
seed7005,914,rng5917,B
seed7005,915,rng5918,A
seed7005,916,rng5919,B
seed7005,917,rng5920,A
seed7005,918,rng5921,B
seed7005,919,rng5922,A
seed7005,920,rng5923,B
seed7005,921,rng5924,A
seed7005,922,rng5925,B
seed7005,923,rng5926,A
seed7005,924,rng5927,B
seed7005,925,rng5928,A
seed7005,926,rng5929,B
seed7005,927,rng5930,A
seed7005,928,rng5931,B
seed7005,929,rng5932,A
seed7005,930,rng5933,B
seed7005,931,rng5934,A
seed7005,932,rng5935,B
seed7005,933,rng5936,A
seed7005,934,rng5937,B
seed7005,935,rng5938,A
seed7005,936,rng5939,B
seed7005,937,rng5940,A
seed7005,938,rng5941,B
seed7005,939,rng5942,A
seed7005,940,rng5943,B
seed7005,941,rng5944,A
seed7005,942,rng5945,B
seed7005,943,rng5946,A
seed7005,944,rng5947,B
seed7005,945,rng5948,A
seed7005,946,rng5949,B
seed7005,947,rng5950,A
seed7005,948,rng5951,B
seed7005,949,rng5952,A
seed7005,950,rng5953,B
seed7005,951,rng5954,A
seed7005,952,rng5955,B
seed7005,953,rng5956,A
seed7005,954,rng5957,B
seed7005,955,rng5958,A
seed7005,956,rng5959,B
seed7005,957,rng5960,A
seed7005,958,rng5961,B
seed7005,959,rng5962,A
seed7005,960,rng5963,B
seed7005,961,rng5964,A
seed7005,962,rng5965,B
seed7005,963,rng5966,A
seed7005,964,rng5967,B
seed7005,965,rng5968,A
seed7005,966,rng5969,B
seed7005,967,rng5970,A
seed7005,968,rng5971,B
seed7005,969,rng5972,A
seed7005,970,rng5973,B
seed7005,971,rng5974,A
seed7005,972,rng5975,B
seed7005,973,rng5976,A
seed7005,974,rng5977,B
seed7005,975,rng5978,A
seed7005,976,rng5979,B
seed7005,977,rng5980,A
seed7005,978,rng5981,B
seed7005,979,rng5982,A
seed7005,980,rng5983,B
seed7005,981,rng5984,A
seed7005,982,rng5985,B
seed7005,983,rng5986,A
seed7005,984,rng5987,B
seed7005,985,rng5988,A
seed7005,986,rng5989,B
seed7005,987,rng5990,A
seed7005,988,rng5991,B
seed7005,989,rng5992,A
seed7005,990,rng5993,B
seed7005,991,rng5994,A
seed7005,992,rng5995,B
seed7005,993,rng5996,A
seed7005,994,rng5997,B
seed7005,995,rng5998,A
seed7005,996,rng5999,B
seed7005,997,rng6000,A
seed7005,998,rng6001,B
seed7005,999,rng6002,A
seed7008,0,rng5001,reserved
seed7008,1,rng5002,A
seed7008,2,rng5003,B
seed7008,3,rng5004,A
seed7008,4,rng5005,B
seed7008,5,rng5006,A
seed7008,6,rng5007,B
seed7008,7,rng5008,A
seed7008,8,rng5009,B
seed7008,9,rng5010,A
seed7008,10,rng5011,B
seed7008,11,rng5012,A
seed7008,12,rng5013,B
seed7008,13,rng5014,A
seed7008,14,rng5015,B
seed7008,15,rng5016,A
seed7008,16,rng5017,B
seed7008,17,rng5018,A
seed7008,18,rng5019,B
seed7008,19,rng5020,A
seed7008,20,rng5021,B
seed7008,21,rng5022,A
seed7008,22,rng5023,B
seed7008,23,rng5024,A
seed7008,24,rng5025,B
seed7008,25,rng5026,A
seed7008,26,rng5027,B
seed7008,27,rng5028,A
seed7008,28,rng5029,B
seed7008,29,rng5030,A
seed7008,30,rng5031,B
seed7008,31,rng5032,A
seed7008,32,rng5033,B
seed7008,33,rng5034,A
seed7008,34,rng5035,B
seed7008,35,rng5036,A
seed7008,36,rng5037,B
seed7008,37,rng5038,A
seed7008,38,rng5039,B
seed7008,39,rng5040,A
seed7008,40,rng5041,B
seed7008,41,rng5042,A
seed7008,42,rng5043,B
seed7008,43,rng5044,A
seed7008,44,rng5045,B
seed7008,45,rng5046,A
seed7008,46,rng5047,B
seed7008,47,rng5048,A
seed7008,48,rng5049,B
seed7008,49,rng5050,A
seed7008,50,rng5051,B
seed7008,51,rng5052,A
seed7008,52,rng5053,B
seed7008,53,rng5054,A
seed7008,54,rng5055,B
seed7008,55,rng5056,A
seed7008,56,rng5057,B
seed7008,57,rng5058,A
seed7008,58,rng5059,B
seed7008,59,rng5060,A
seed7008,60,rng5061,B
seed7008,61,rng5062,A
seed7008,62,rng5063,B
seed7008,63,rng5064,A
seed7008,64,rng5065,B
seed7008,65,rng5066,A
seed7008,66,rng5067,B
seed7008,67,rng5068,A
seed7008,68,rng5069,B
seed7008,69,rng5070,A
seed7008,70,rng5071,B
seed7008,71,rng5072,A
seed7008,72,rng5073,B
seed7008,73,rng5074,A
seed7008,74,rng5075,B
seed7008,75,rng5076,A
seed7008,76,rng5077,B
seed7008,77,rng5078,A
seed7008,78,rng5079,B
seed7008,79,rng5080,A
seed7008,80,rng5081,B
seed7008,81,rng5082,A
seed7008,82,rng5083,B
seed7008,83,rng5084,A
seed7008,84,rng5085,B
seed7008,85,rng5086,A
seed7008,86,rng5087,B
seed7008,87,rng5088,A
seed7008,88,rng5089,B
seed7008,89,rng5090,A
seed7008,90,rng5091,B
seed7008,91,rng5092,A
seed7008,92,rng5093,B
seed7008,93,rng5094,A
seed7008,94,rng5095,B
seed7008,95,rng5096,A
seed7008,96,rng5097,B
seed7008,97,rng5098,A
seed7008,98,rng5099,B
seed7008,99,rng5100,A
seed7008,100,rng5101,B
seed7008,101,rng5102,A
seed7008,102,rng5103,B
seed7008,103,rng5104,A
seed7008,104,rng5105,B
seed7008,105,rng5106,A
seed7008,106,rng5107,B
seed7008,107,rng5108,A
seed7008,108,rng5109,B
seed7008,109,rng5110,A
seed7008,110,rng5111,B
seed7008,111,rng5112,A
seed7008,112,rng5113,B
seed7008,113,rng5114,A
seed7008,114,rng5115,B
seed7008,115,rng5116,A
seed7008,116,rng5117,B
seed7008,117,rng5118,A
seed7008,118,rng5119,B
seed7008,119,rng5120,A
seed7008,120,rng5121,B
seed7008,121,rng5122,A
seed7008,122,rng5123,B
seed7008,123,rng5124,A
seed7008,124,rng5125,B
seed7008,125,rng5126,A
seed7008,126,rng5127,B
seed7008,127,rng5128,A
seed7008,128,rng5129,B
seed7008,129,rng5130,A
seed7008,130,rng5131,B
seed7008,131,rng5132,A
seed7008,132,rng5133,B
seed7008,133,rng5134,A
seed7008,134,rng5135,B
seed7008,135,rng5136,A
seed7008,136,rng5137,B
seed7008,137,rng5138,A
seed7008,138,rng5139,B
seed7008,139,rng5140,A
seed7008,140,rng5141,B
seed7008,141,rng5142,A
seed7008,142,rng5143,B
seed7008,143,rng5144,A
seed7008,144,rng5145,B
seed7008,145,rng5146,A
seed7008,146,rng5147,B
seed7008,147,rng5148,A
seed7008,148,rng5149,B
seed7008,149,rng5150,A
seed7008,150,rng5151,B
seed7008,151,rng5152,A
seed7008,152,rng5153,B
seed7008,153,rng5154,A
seed7008,154,rng5155,B
seed7008,155,rng5156,A
seed7008,156,rng5157,B
seed7008,157,rng5158,A
seed7008,158,rng5159,B
seed7008,159,rng5160,A
seed7008,160,rng5161,B
seed7008,161,rng5162,A
seed7008,162,rng5163,B
seed7008,163,rng5164,A
seed7008,164,rng5165,B
seed7008,165,rng5166,A
seed7008,166,rng5167,B
seed7008,167,rng5168,A
seed7008,168,rng5169,B
seed7008,169,rng5170,A
seed7008,170,rng5171,B
seed7008,171,rng5172,A
seed7008,172,rng5173,B
seed7008,173,rng5174,A
seed7008,174,rng5175,B
seed7008,175,rng5176,A
seed7008,176,rng5177,B
seed7008,177,rng5178,A
seed7008,178,rng5179,B
seed7008,179,rng5180,A
seed7008,180,rng5181,B
seed7008,181,rng5182,A
seed7008,182,rng5183,B
seed7008,183,rng5184,A
seed7008,184,rng5185,B
seed7008,185,rng5186,A
seed7008,186,rng5187,B
seed7008,187,rng5188,A
seed7008,188,rng5189,B
seed7008,189,rng5190,A
seed7008,190,rng5191,B
seed7008,191,rng5192,A
seed7008,192,rng5193,B
seed7008,193,rng5194,A
seed7008,194,rng5195,B
seed7008,195,rng5196,A
seed7008,196,rng5197,B
seed7008,197,rng5198,A
seed7008,198,rng5199,B
seed7008,199,rng5200,A
seed7008,200,rng5201,B
seed7008,201,rng5202,A
seed7008,202,rng5203,B
seed7008,203,rng5204,A
seed7008,204,rng5205,B
seed7008,205,rng5206,A
seed7008,206,rng5207,B
seed7008,207,rng5208,A
seed7008,208,rng5209,B
seed7008,209,rng5210,A
seed7008,210,rng5211,B
seed7008,211,rng5212,A
seed7008,212,rng5213,B
seed7008,213,rng5214,A
seed7008,214,rng5215,B
seed7008,215,rng5216,A
seed7008,216,rng5217,B
seed7008,217,rng5218,A
seed7008,218,rng5219,B
seed7008,219,rng5220,A
seed7008,220,rng5221,B
seed7008,221,rng5222,A
seed7008,222,rng5223,B
seed7008,223,rng5224,A
seed7008,224,rng5225,B
seed7008,225,rng5226,A
seed7008,226,rng5227,B
seed7008,227,rng5228,A
seed7008,228,rng5229,B
seed7008,229,rng5230,A
seed7008,230,rng5231,B
seed7008,231,rng5232,A
seed7008,232,rng5233,B
seed7008,233,rng5234,A
seed7008,234,rng5235,B
seed7008,235,rng5236,A
seed7008,236,rng5237,B
seed7008,237,rng5238,A
seed7008,238,rng5239,B
seed7008,239,rng5240,A
seed7008,240,rng5241,B
seed7008,241,rng5242,A
seed7008,242,rng5243,B
seed7008,243,rng5244,A
seed7008,244,rng5245,B
seed7008,245,rng5246,A
seed7008,246,rng5247,B
seed7008,247,rng5248,A
seed7008,248,rng5249,B
seed7008,249,rng5250,A
seed7008,250,rng5251,B
seed7008,251,rng5252,A
seed7008,252,rng5253,B
seed7008,253,rng5254,A
seed7008,254,rng5255,B
seed7008,255,rng5256,A
seed7008,256,rng5257,B
seed7008,257,rng5258,A
seed7008,258,rng5259,B
seed7008,259,rng5260,A
seed7008,260,rng5261,B
seed7008,261,rng5262,A
seed7008,262,rng5263,B
seed7008,263,rng5264,A
seed7008,264,rng5265,B
seed7008,265,rng5266,A
seed7008,266,rng5267,B
seed7008,267,rng5268,A
seed7008,268,rng5269,B
seed7008,269,rng5270,A
seed7008,270,rng5271,B
seed7008,271,rng5272,A
seed7008,272,rng5273,B
seed7008,273,rng5274,A
seed7008,274,rng5275,B
seed7008,275,rng5276,A
seed7008,276,rng5277,B
seed7008,277,rng5278,A
seed7008,278,rng5279,B
seed7008,279,rng5280,A
seed7008,280,rng5281,B
seed7008,281,rng5282,A
seed7008,282,rng5283,B
seed7008,283,rng5284,A
seed7008,284,rng5285,B
seed7008,285,rng5286,A
seed7008,286,rng5287,B
seed7008,287,rng5288,A
seed7008,288,rng5289,B
seed7008,289,rng5290,A
seed7008,290,rng5291,B
seed7008,291,rng5292,A
seed7008,292,rng5293,B
seed7008,293,rng5294,A
seed7008,294,rng5295,B
seed7008,295,rng5296,A
seed7008,296,rng5297,B
seed7008,297,rng5298,A
seed7008,298,rng5299,B
seed7008,299,rng5300,A
seed7008,300,rng5301,B
seed7008,301,rng5302,A
seed7008,302,rng5303,B
seed7008,303,rng5304,A
seed7008,304,rng5305,B
seed7008,305,rng5306,A
seed7008,306,rng5307,B
seed7008,307,rng5308,A
seed7008,308,rng5309,B
seed7008,309,rng5310,A
seed7008,310,rng5311,B
seed7008,311,rng5312,A
seed7008,312,rng5313,B
seed7008,313,rng5314,A
seed7008,314,rng5315,B
seed7008,315,rng5316,A
seed7008,316,rng5317,B
seed7008,317,rng5318,A
seed7008,318,rng5319,B
seed7008,319,rng5320,A
seed7008,320,rng5321,B
seed7008,321,rng5322,A
seed7008,322,rng5323,B
seed7008,323,rng5324,A
seed7008,324,rng5325,B
seed7008,325,rng5326,A
seed7008,326,rng5327,B
seed7008,327,rng5328,A
seed7008,328,rng5329,B
seed7008,329,rng5330,A
seed7008,330,rng5331,B
seed7008,331,rng5332,A
seed7008,332,rng5333,B
seed7008,333,rng5334,A
seed7008,334,rng5335,B
seed7008,335,rng5336,A
seed7008,336,rng5337,B
seed7008,337,rng5338,A
seed7008,338,rng5339,B
seed7008,339,rng5340,A
seed7008,340,rng5341,B
seed7008,341,rng5342,A
seed7008,342,rng5343,B
seed7008,343,rng5344,A
seed7008,344,rng5345,B
seed7008,345,rng5346,A
seed7008,346,rng5347,B
seed7008,347,rng5348,A
seed7008,348,rng5349,B
seed7008,349,rng5350,A
seed7008,350,rng5351,B
seed7008,351,rng5352,A
seed7008,352,rng5353,B
seed7008,353,rng5354,A
seed7008,354,rng5355,B
seed7008,355,rng5356,A
seed7008,356,rng5357,B
seed7008,357,rng5358,A
seed7008,358,rng5359,B
seed7008,359,rng5360,A
seed7008,360,rng5361,B
seed7008,361,rng5362,A
seed7008,362,rng5363,B
seed7008,363,rng5364,A
seed7008,364,rng5365,B
seed7008,365,rng5366,A
seed7008,366,rng5367,B
seed7008,367,rng5368,A
seed7008,368,rng5369,B
seed7008,369,rng5370,A
seed7008,370,rng5371,B
seed7008,371,rng5372,A
seed7008,372,rng5373,B
seed7008,373,rng5374,A
seed7008,374,rng5375,B
seed7008,375,rng5376,A
seed7008,376,rng5377,B
seed7008,377,rng5378,A
seed7008,378,rng5379,B
seed7008,379,rng5380,A
seed7008,380,rng5381,B
seed7008,381,rng5382,A
seed7008,382,rng5383,B
seed7008,383,rng5384,A
seed7008,384,rng5385,B
seed7008,385,rng5386,A
seed7008,386,rng5387,B
seed7008,387,rng5388,A
seed7008,388,rng5389,B
seed7008,389,rng5390,A
seed7008,390,rng5391,B
seed7008,391,rng5392,A
seed7008,392,rng5393,B
seed7008,393,rng5394,A
seed7008,394,rng5395,B
seed7008,395,rng5396,A
seed7008,396,rng5397,B
seed7008,397,rng5398,A
seed7008,398,rng5399,B
seed7008,399,rng5400,A
seed7008,400,rng5401,B
seed7008,401,rng5402,A
seed7008,402,rng5403,B
seed7008,403,rng5404,A
seed7008,404,rng5405,B
seed7008,405,rng5406,A
seed7008,406,rng5407,B
seed7008,407,rng5408,A
seed7008,408,rng5409,B
seed7008,409,rng5410,A
seed7008,410,rng5411,B
seed7008,411,rng5412,A
seed7008,412,rng5413,B
seed7008,413,rng5414,A
seed7008,414,rng5415,B
seed7008,415,rng5416,A
seed7008,416,rng5417,B
seed7008,417,rng5418,A
seed7008,418,rng5419,B
seed7008,419,rng5420,A
seed7008,420,rng5421,B
seed7008,421,rng5422,A
seed7008,422,rng5423,B
seed7008,423,rng5424,A
seed7008,424,rng5425,B
seed7008,425,rng5426,A
seed7008,426,rng5427,B
seed7008,427,rng5428,A
seed7008,428,rng5429,B
seed7008,429,rng5430,A
seed7008,430,rng5431,B
seed7008,431,rng5432,A
seed7008,432,rng5433,B
seed7008,433,rng5434,A
seed7008,434,rng5435,B
seed7008,435,rng5436,A
seed7008,436,rng5437,B
seed7008,437,rng5438,A
seed7008,438,rng5439,B
seed7008,439,rng5440,A
seed7008,440,rng5441,B
seed7008,441,rng5442,A
seed7008,442,rng5443,B
seed7008,443,rng5444,A
seed7008,444,rng5445,B
seed7008,445,rng5446,A
seed7008,446,rng5447,B
seed7008,447,rng5448,A
seed7008,448,rng5449,B
seed7008,449,rng5450,A
seed7008,450,rng5451,B
seed7008,451,rng5452,A
seed7008,452,rng5453,B
seed7008,453,rng5454,A
seed7008,454,rng5455,B
seed7008,455,rng5456,A
seed7008,456,rng5457,B
seed7008,457,rng5458,A
seed7008,458,rng5459,B
seed7008,459,rng5460,A
seed7008,460,rng5461,B
seed7008,461,rng5462,A
seed7008,462,rng5463,B
seed7008,463,rng5464,A
seed7008,464,rng5465,B
seed7008,465,rng5466,A
seed7008,466,rng5467,B
seed7008,467,rng5468,A
seed7008,468,rng5469,B
seed7008,469,rng5470,A
seed7008,470,rng5471,B
seed7008,471,rng5472,A
seed7008,472,rng5473,B
seed7008,473,rng5474,A
seed7008,474,rng5475,B
seed7008,475,rng5476,A
seed7008,476,rng5477,B
seed7008,477,rng5478,A
seed7008,478,rng5479,B
seed7008,479,rng5480,A
seed7008,480,rng5481,B
seed7008,481,rng5482,A
seed7008,482,rng5483,B
seed7008,483,rng5484,A
seed7008,484,rng5485,B
seed7008,485,rng5486,A
seed7008,486,rng5487,B
seed7008,487,rng5488,A
seed7008,488,rng5489,B
seed7008,489,rng5490,A
seed7008,490,rng5491,B
seed7008,491,rng5492,A
seed7008,492,rng5493,B
seed7008,493,rng5494,A
seed7008,494,rng5495,B
seed7008,495,rng5496,A
seed7008,496,rng5497,B
seed7008,497,rng5498,A
seed7008,498,rng5499,B
seed7008,499,rng5500,A
seed7008,500,rng5501,B
seed7008,501,rng5502,A
seed7008,502,rng5503,B
seed7008,503,rng5504,A
seed7008,504,rng5505,B
seed7008,505,rng5506,A
seed7008,506,rng5507,B
seed7008,507,rng5508,A
seed7008,508,rng5509,B
seed7008,509,rng5510,A
seed7008,510,rng5511,B
seed7008,511,rng5512,A
seed7008,512,rng5513,B
seed7008,513,rng5514,A
seed7008,514,rng5515,B
seed7008,515,rng5516,A
seed7008,516,rng5517,B
seed7008,517,rng5518,A
seed7008,518,rng5519,B
seed7008,519,rng5520,A
seed7008,520,rng5521,B
seed7008,521,rng5522,A
seed7008,522,rng5523,B
seed7008,523,rng5524,A
seed7008,524,rng5525,B
seed7008,525,rng5526,A
seed7008,526,rng5527,B
seed7008,527,rng5528,A
seed7008,528,rng5529,B
seed7008,529,rng5530,A
seed7008,530,rng5531,B
seed7008,531,rng5532,A
seed7008,532,rng5533,B
seed7008,533,rng5534,A
seed7008,534,rng5535,B
seed7008,535,rng5536,A
seed7008,536,rng5537,B
seed7008,537,rng5538,A
seed7008,538,rng5539,B
seed7008,539,rng5540,A
seed7008,540,rng5541,B
seed7008,541,rng5542,A
seed7008,542,rng5543,B
seed7008,543,rng5544,A
seed7008,544,rng5545,B
seed7008,545,rng5546,A
seed7008,546,rng5547,B
seed7008,547,rng5548,A
seed7008,548,rng5549,B
seed7008,549,rng5550,A
seed7008,550,rng5551,B
seed7008,551,rng5552,A
seed7008,552,rng5553,B
seed7008,553,rng5554,A
seed7008,554,rng5555,B
seed7008,555,rng5556,A
seed7008,556,rng5557,B
seed7008,557,rng5558,A
seed7008,558,rng5559,B
seed7008,559,rng5560,A
seed7008,560,rng5561,B
seed7008,561,rng5562,A
seed7008,562,rng5563,B
seed7008,563,rng5564,A
seed7008,564,rng5565,B
seed7008,565,rng5566,A
seed7008,566,rng5567,B
seed7008,567,rng5568,A
seed7008,568,rng5569,B
seed7008,569,rng5570,A
seed7008,570,rng5571,B
seed7008,571,rng5572,A
seed7008,572,rng5573,B
seed7008,573,rng5574,A
seed7008,574,rng5575,B
seed7008,575,rng5576,A
seed7008,576,rng5577,B
seed7008,577,rng5578,A
seed7008,578,rng5579,B
seed7008,579,rng5580,A
seed7008,580,rng5581,B
seed7008,581,rng5582,A
seed7008,582,rng5583,B
seed7008,583,rng5584,A
seed7008,584,rng5585,B
seed7008,585,rng5586,A
seed7008,586,rng5587,B
seed7008,587,rng5588,A
seed7008,588,rng5589,B
seed7008,589,rng5590,A
seed7008,590,rng5591,B
seed7008,591,rng5592,A
seed7008,592,rng5593,B
seed7008,593,rng5594,A
seed7008,594,rng5595,B
seed7008,595,rng5596,A
seed7008,596,rng5597,B
seed7008,597,rng5598,A
seed7008,598,rng5599,B
seed7008,599,rng5600,A
seed7008,600,rng5601,B
seed7008,601,rng5602,A
seed7008,602,rng5603,B
seed7008,603,rng5604,A
seed7008,604,rng5605,B
seed7008,605,rng5606,A
seed7008,606,rng5607,B
seed7008,607,rng5608,A
seed7008,608,rng5609,B
seed7008,609,rng5610,A
seed7008,610,rng5611,B
seed7008,611,rng5612,A
seed7008,612,rng5613,B
seed7008,613,rng5614,A
seed7008,614,rng5615,B
seed7008,615,rng5616,A
seed7008,616,rng5617,B
seed7008,617,rng5618,A
seed7008,618,rng5619,B
seed7008,619,rng5620,A
seed7008,620,rng5621,B
seed7008,621,rng5622,A
seed7008,622,rng5623,B
seed7008,623,rng5624,A
seed7008,624,rng5625,B
seed7008,625,rng5626,A
seed7008,626,rng5627,B
seed7008,627,rng5628,A
seed7008,628,rng5629,B
seed7008,629,rng5630,A
seed7008,630,rng5631,B
seed7008,631,rng5632,A
seed7008,632,rng5633,B
seed7008,633,rng5634,A
seed7008,634,rng5635,B
seed7008,635,rng5636,A
seed7008,636,rng5637,B
seed7008,637,rng5638,A
seed7008,638,rng5639,B
seed7008,639,rng5640,A
seed7008,640,rng5641,B
seed7008,641,rng5642,A
seed7008,642,rng5643,B
seed7008,643,rng5644,A
seed7008,644,rng5645,B
seed7008,645,rng5646,A
seed7008,646,rng5647,B
seed7008,647,rng5648,A
seed7008,648,rng5649,B
seed7008,649,rng5650,A
seed7008,650,rng5651,B
seed7008,651,rng5652,A
seed7008,652,rng5653,B
seed7008,653,rng5654,A
seed7008,654,rng5655,B
seed7008,655,rng5656,A
seed7008,656,rng5657,B
seed7008,657,rng5658,A
seed7008,658,rng5659,B
seed7008,659,rng5660,A
seed7008,660,rng5661,B
seed7008,661,rng5662,A
seed7008,662,rng5663,B
seed7008,663,rng5664,A
seed7008,664,rng5665,B
seed7008,665,rng5666,A
seed7008,666,rng5667,B
seed7008,667,rng5668,A
seed7008,668,rng5669,B
seed7008,669,rng5670,A
seed7008,670,rng5671,B
seed7008,671,rng5672,A
seed7008,672,rng5673,B
seed7008,673,rng5674,A
seed7008,674,rng5675,B
seed7008,675,rng5676,A
seed7008,676,rng5677,B
seed7008,677,rng5678,A
seed7008,678,rng5679,B
seed7008,679,rng5680,A
seed7008,680,rng5681,B
seed7008,681,rng5682,A
seed7008,682,rng5683,B
seed7008,683,rng5684,A
seed7008,684,rng5685,B
seed7008,685,rng5686,A
seed7008,686,rng5687,B
seed7008,687,rng5688,A
seed7008,688,rng5689,B
seed7008,689,rng5690,A
seed7008,690,rng5691,B
seed7008,691,rng5692,A
seed7008,692,rng5693,B
seed7008,693,rng5694,A
seed7008,694,rng5695,B
seed7008,695,rng5696,A
seed7008,696,rng5697,B
seed7008,697,rng5698,A
seed7008,698,rng5699,B
seed7008,699,rng5700,A
seed7008,700,rng5701,B
seed7008,701,rng5702,A
seed7008,702,rng5703,B
seed7008,703,rng5704,A
seed7008,704,rng5705,B
seed7008,705,rng5706,A
seed7008,706,rng5707,B
seed7008,707,rng5708,A
seed7008,708,rng5709,B
seed7008,709,rng5710,A
seed7008,710,rng5711,B
seed7008,711,rng5712,A
seed7008,712,rng5713,B
seed7008,713,rng5714,A
seed7008,714,rng5715,B
seed7008,715,rng5716,A
seed7008,716,rng5717,B
seed7008,717,rng5718,A
seed7008,718,rng5719,B
seed7008,719,rng5720,A
seed7008,720,rng5721,B
seed7008,721,rng5722,A
seed7008,722,rng5723,B
seed7008,723,rng5724,A
seed7008,724,rng5725,B
seed7008,725,rng5726,A
seed7008,726,rng5727,B
seed7008,727,rng5728,A
seed7008,728,rng5729,B
seed7008,729,rng5730,A
seed7008,730,rng5731,B
seed7008,731,rng5732,A
seed7008,732,rng5733,B
seed7008,733,rng5734,A
seed7008,734,rng5735,B
seed7008,735,rng5736,A
seed7008,736,rng5737,B
seed7008,737,rng5738,A
seed7008,738,rng5739,B
seed7008,739,rng5740,A
seed7008,740,rng5741,B
seed7008,741,rng5742,A
seed7008,742,rng5743,B
seed7008,743,rng5744,A
seed7008,744,rng5745,B
seed7008,745,rng5746,A
seed7008,746,rng5747,B
seed7008,747,rng5748,A
seed7008,748,rng5749,B
seed7008,749,rng5750,A
seed7008,750,rng5751,B
seed7008,751,rng5752,A
seed7008,752,rng5753,B
seed7008,753,rng5754,A
seed7008,754,rng5755,B
seed7008,755,rng5756,A
seed7008,756,rng5757,B
seed7008,757,rng5758,A
seed7008,758,rng5759,B
seed7008,759,rng5760,A
seed7008,760,rng5761,B
seed7008,761,rng5762,A
seed7008,762,rng5763,B
seed7008,763,rng5764,A
seed7008,764,rng5765,B
seed7008,765,rng5766,A
seed7008,766,rng5767,B
seed7008,767,rng5768,A
seed7008,768,rng5769,B
seed7008,769,rng5770,A
seed7008,770,rng5771,B
seed7008,771,rng5772,A
seed7008,772,rng5773,B
seed7008,773,rng5774,A
seed7008,774,rng5775,B
seed7008,775,rng5776,A
seed7008,776,rng5777,B
seed7008,777,rng5778,A
seed7008,778,rng5779,B
seed7008,779,rng5780,A
seed7008,780,rng5781,B
seed7008,781,rng5782,A
seed7008,782,rng5783,B
seed7008,783,rng5784,A
seed7008,784,rng5785,B
seed7008,785,rng5786,A
seed7008,786,rng5787,B
seed7008,787,rng5788,A
seed7008,788,rng5789,B
seed7008,789,rng5790,A
seed7008,790,rng5791,B
seed7008,791,rng5792,A
seed7008,792,rng5793,B
seed7008,793,rng5794,A
seed7008,794,rng5795,B
seed7008,795,rng5796,A
seed7008,796,rng5797,B
seed7008,797,rng5798,A
seed7008,798,rng5799,B
seed7008,799,rng5800,A
seed7008,800,rng5801,B
seed7008,801,rng5802,A
seed7008,802,rng5803,B
seed7008,803,rng5804,A
seed7008,804,rng5805,B
seed7008,805,rng5806,A
seed7008,806,rng5807,B
seed7008,807,rng5808,A
seed7008,808,rng5809,B
seed7008,809,rng5810,A
seed7008,810,rng5811,B
seed7008,811,rng5812,A
seed7008,812,rng5813,B
seed7008,813,rng5814,A
seed7008,814,rng5815,B
seed7008,815,rng5816,A
seed7008,816,rng5817,B
seed7008,817,rng5818,A
seed7008,818,rng5819,B
seed7008,819,rng5820,A
seed7008,820,rng5821,B
seed7008,821,rng5822,A
seed7008,822,rng5823,B
seed7008,823,rng5824,A
seed7008,824,rng5825,B
seed7008,825,rng5826,A
seed7008,826,rng5827,B
seed7008,827,rng5828,A
seed7008,828,rng5829,B
seed7008,829,rng5830,A
seed7008,830,rng5831,B
seed7008,831,rng5832,A
seed7008,832,rng5833,B
seed7008,833,rng5834,A
seed7008,834,rng5835,B
seed7008,835,rng5836,A
seed7008,836,rng5837,B
seed7008,837,rng5838,A
seed7008,838,rng5839,B
seed7008,839,rng5840,A
seed7008,840,rng5841,B
seed7008,841,rng5842,A
seed7008,842,rng5843,B
seed7008,843,rng5844,A
seed7008,844,rng5845,B
seed7008,845,rng5846,A
seed7008,846,rng5847,B
seed7008,847,rng5848,A
seed7008,848,rng5849,B
seed7008,849,rng5850,A
seed7008,850,rng5851,B
seed7008,851,rng5852,A
seed7008,852,rng5853,B
seed7008,853,rng5854,A
seed7008,854,rng5855,B
seed7008,855,rng5856,A
seed7008,856,rng5857,B
seed7008,857,rng5858,A
seed7008,858,rng5859,B
seed7008,859,rng5860,A
seed7008,860,rng5861,B
seed7008,861,rng5862,A
seed7008,862,rng5863,B
seed7008,863,rng5864,A
seed7008,864,rng5865,B
seed7008,865,rng5866,A
seed7008,866,rng5867,B
seed7008,867,rng5868,A
seed7008,868,rng5869,B
seed7008,869,rng5870,A
seed7008,870,rng5871,B
seed7008,871,rng5872,A
seed7008,872,rng5873,B
seed7008,873,rng5874,A
seed7008,874,rng5875,B
seed7008,875,rng5876,A
seed7008,876,rng5877,B
seed7008,877,rng5878,A
seed7008,878,rng5879,B
seed7008,879,rng5880,A
seed7008,880,rng5881,B
seed7008,881,rng5882,A
seed7008,882,rng5883,B
seed7008,883,rng5884,A
seed7008,884,rng5885,B
seed7008,885,rng5886,A
seed7008,886,rng5887,B
seed7008,887,rng5888,A
seed7008,888,rng5889,B
seed7008,889,rng5890,A
seed7008,890,rng5891,B
seed7008,891,rng5892,A
seed7008,892,rng5893,B
seed7008,893,rng5894,A
seed7008,894,rng5895,B
seed7008,895,rng5896,A
seed7008,896,rng5897,B
seed7008,897,rng5898,A
seed7008,898,rng5899,B
seed7008,899,rng5900,A
seed7008,900,rng5901,B
seed7008,901,rng5902,A
seed7008,902,rng5903,B
seed7008,903,rng5904,A
seed7008,904,rng5905,B
seed7008,905,rng5906,A
seed7008,906,rng5907,B
seed7008,907,rng5908,A
seed7008,908,rng5909,B
seed7008,909,rng5910,A
seed7008,910,rng5911,B
seed7008,911,rng5912,A
seed7008,912,rng5913,B
seed7008,913,rng5914,A
seed7008,914,rng5915,B
seed7008,915,rng5916,A
seed7008,916,rng5917,B
seed7008,917,rng5918,A
seed7008,918,rng5919,B
seed7008,919,rng5920,A
seed7008,920,rng5921,B
seed7008,921,rng5922,A
seed7008,922,rng5923,B
seed7008,923,rng5924,A
seed7008,924,rng5925,B
seed7008,925,rng5926,A
seed7008,926,rng5927,B
seed7008,927,rng5928,A
seed7008,928,rng5929,B
seed7008,929,rng5930,A
seed7008,930,rng5931,B
seed7008,931,rng5932,A
seed7008,932,rng5933,B
seed7008,933,rng5934,A
seed7008,934,rng5935,B
seed7008,935,rng5936,A
seed7008,936,rng5937,B
seed7008,937,rng5938,A
seed7008,938,rng5939,B
seed7008,939,rng5940,A
seed7008,940,rng5941,B
seed7008,941,rng5942,A
seed7008,942,rng5943,B
seed7008,943,rng5944,A
seed7008,944,rng5945,B
seed7008,945,rng5946,A
seed7008,946,rng5947,B
seed7008,947,rng5948,A
seed7008,948,rng5949,B
seed7008,949,rng5950,A
seed7008,950,rng5951,B
seed7008,951,rng5952,A
seed7008,952,rng5953,B
seed7008,953,rng5954,A
seed7008,954,rng5955,B
seed7008,955,rng5956,A
seed7008,956,rng5957,B
seed7008,957,rng5958,A
seed7008,958,rng5959,B
seed7008,959,rng5960,A
seed7008,960,rng5961,B
seed7008,961,rng5962,A
seed7008,962,rng5963,B
seed7008,963,rng5964,A
seed7008,964,rng5965,B
seed7008,965,rng5966,A
seed7008,966,rng5967,B
seed7008,967,rng5968,A
seed7008,968,rng5969,B
seed7008,969,rng5970,A
seed7008,970,rng5971,B
seed7008,971,rng5972,A
seed7008,972,rng5973,B
seed7008,973,rng5974,A
seed7008,974,rng5975,B
seed7008,975,rng5976,A
seed7008,976,rng5977,B
seed7008,977,rng5978,A
seed7008,978,rng5979,B
seed7008,979,rng5980,A
seed7008,980,rng5981,B
seed7008,981,rng5982,A
seed7008,982,rng5983,B
seed7008,983,rng5984,A
seed7008,984,rng5985,B
seed7008,985,rng5986,A
seed7008,986,rng5987,B
seed7008,987,rng5988,A
seed7008,988,rng5989,B
seed7008,989,rng5990,A
seed7008,990,rng5991,B
seed7008,991,rng5992,A
seed7008,992,rng5993,B
seed7008,993,rng5994,A
seed7008,994,rng5995,B
seed7008,995,rng5996,A
seed7008,996,rng5997,B
seed7008,997,rng5998,A
seed7008,998,rng5999,B
seed7008,999,rng6000,A
seed7010,0,rng5001,reserved
seed7010,1,rng5002,A
seed7010,2,rng5003,B
seed7010,3,rng5004,A
seed7010,4,rng5005,B
seed7010,5,rng5006,A
seed7010,6,rng5007,B
seed7010,7,rng5008,A
seed7010,8,rng5009,B
seed7010,9,rng5010,A
seed7010,10,rng5011,B
seed7010,11,rng5012,A
seed7010,12,rng5013,B
seed7010,13,rng5014,A
seed7010,14,rng5015,B
seed7010,15,rng5016,A
seed7010,16,rng5017,B
seed7010,17,rng5018,A
seed7010,18,rng5019,B
seed7010,19,rng5020,A
seed7010,20,rng5021,B
seed7010,21,rng5022,A
seed7010,22,rng5023,B
seed7010,23,rng5024,A
seed7010,24,rng5025,B
seed7010,25,rng5026,A
seed7010,26,rng5027,B
seed7010,27,rng5028,A
seed7010,28,rng5029,B
seed7010,29,rng5030,A
seed7010,30,rng5031,B
seed7010,31,rng5032,A
seed7010,32,rng5033,B
seed7010,33,rng5034,A
seed7010,34,rng5035,B
seed7010,35,rng5036,A
seed7010,36,rng5037,B
seed7010,37,rng5038,A
seed7010,38,rng5039,B
seed7010,39,rng5040,A
seed7010,40,rng5041,B
seed7010,41,rng5042,A
seed7010,42,rng5043,B
seed7010,43,rng5044,A
seed7010,44,rng5045,B
seed7010,45,rng5046,A
seed7010,46,rng5047,B
seed7010,47,rng5048,A
seed7010,48,rng5049,B
seed7010,49,rng5050,A
seed7010,50,rng5051,B
seed7010,51,rng5052,A
seed7010,52,rng5053,B
seed7010,53,rng5054,A
seed7010,54,rng5055,B
seed7010,55,rng5056,A
seed7010,56,rng5057,B
seed7010,57,rng5058,A
seed7010,58,rng5059,B
seed7010,59,rng5060,A
seed7010,60,rng5061,B
seed7010,61,rng5062,A
seed7010,62,rng5063,B
seed7010,63,rng5064,A
seed7010,64,rng5065,B
seed7010,65,rng5066,A
seed7010,66,rng5067,B
seed7010,67,rng5068,A
seed7010,68,rng5069,B
seed7010,69,rng5070,A
seed7010,70,rng5071,B
seed7010,71,rng5072,A
seed7010,72,rng5073,B
seed7010,73,rng5074,A
seed7010,74,rng5075,B
seed7010,75,rng5076,A
seed7010,76,rng5077,B
seed7010,77,rng5078,A
seed7010,78,rng5079,B
seed7010,79,rng5080,A
seed7010,80,rng5081,B
seed7010,81,rng5082,A
seed7010,82,rng5083,B
seed7010,83,rng5084,A
seed7010,84,rng5085,B
seed7010,85,rng5086,A
seed7010,86,rng5087,B
seed7010,87,rng5088,A
seed7010,88,rng5089,B
seed7010,89,rng5090,A
seed7010,90,rng5091,B
seed7010,91,rng5092,A
seed7010,92,rng5093,B
seed7010,93,rng5094,A
seed7010,94,rng5095,B
seed7010,95,rng5096,A
seed7010,96,rng5097,B
seed7010,97,rng5098,A
seed7010,98,rng5099,B
seed7010,99,rng5100,A
seed7010,100,rng5101,B
seed7010,101,rng5102,A
seed7010,102,rng5103,B
seed7010,103,rng5104,A
seed7010,104,rng5105,B
seed7010,105,rng5106,A
seed7010,106,rng5107,B
seed7010,107,rng5108,A
seed7010,108,rng5109,B
seed7010,109,rng5110,A
seed7010,110,rng5111,B
seed7010,111,rng5112,A
seed7010,112,rng5113,B
seed7010,113,rng5114,A
seed7010,114,rng5115,B
seed7010,115,rng5116,A
seed7010,116,rng5117,B
seed7010,117,rng5118,A
seed7010,118,rng5119,B
seed7010,119,rng5120,A
seed7010,120,rng5121,B
seed7010,121,rng5122,A
seed7010,122,rng5123,B
seed7010,123,rng5124,A
seed7010,124,rng5125,B
seed7010,125,rng5126,A
seed7010,126,rng5127,B
seed7010,127,rng5128,A
seed7010,128,rng5129,B
seed7010,129,rng5130,A
seed7010,130,rng5131,B
seed7010,131,rng5132,A
seed7010,132,rng5133,B
seed7010,133,rng5134,A
seed7010,134,rng5135,B
seed7010,135,rng5136,A
seed7010,136,rng5137,B
seed7010,137,rng5138,A
seed7010,138,rng5139,B
seed7010,139,rng5140,A
seed7010,140,rng5141,B
seed7010,141,rng5142,A
seed7010,142,rng5143,B
seed7010,143,rng5144,A
seed7010,144,rng5145,B
seed7010,145,rng5146,A
seed7010,146,rng5147,B
seed7010,147,rng5148,A
seed7010,148,rng5149,B
seed7010,149,rng5150,A
seed7010,150,rng5151,B
seed7010,151,rng5152,A
seed7010,152,rng5153,B
seed7010,153,rng5154,A
seed7010,154,rng5155,B
seed7010,155,rng5156,A
seed7010,156,rng5157,B
seed7010,157,rng5158,A
seed7010,158,rng5159,B
seed7010,159,rng5160,A
seed7010,160,rng5161,B
seed7010,161,rng5162,A
seed7010,162,rng5163,B
seed7010,163,rng5164,A
seed7010,164,rng5165,B
seed7010,165,rng5166,A
seed7010,166,rng5167,B
seed7010,167,rng5168,A
seed7010,168,rng5169,B
seed7010,169,rng5170,A
seed7010,170,rng5171,B
seed7010,171,rng5172,A
seed7010,172,rng5173,B
seed7010,173,rng5174,A
seed7010,174,rng5175,B
seed7010,175,rng5176,A
seed7010,176,rng5177,B
seed7010,177,rng5178,A
seed7010,178,rng5179,B
seed7010,179,rng5180,A
seed7010,180,rng5181,B
seed7010,181,rng5182,A
seed7010,182,rng5183,B
seed7010,183,rng5184,A
seed7010,184,rng5185,B
seed7010,185,rng5186,A
seed7010,186,rng5187,B
seed7010,187,rng5188,A
seed7010,188,rng5189,B
seed7010,189,rng5190,A
seed7010,190,rng5191,B
seed7010,191,rng5192,A
seed7010,192,rng5193,B
seed7010,193,rng5194,A
seed7010,194,rng5195,B
seed7010,195,rng5196,A
seed7010,196,rng5197,B
seed7010,197,rng5198,A
seed7010,198,rng5199,B
seed7010,199,rng5200,A
seed7010,200,rng5201,B
seed7010,201,rng5202,A
seed7010,202,rng5203,B
seed7010,203,rng5204,A
seed7010,204,rng5205,B
seed7010,205,rng5206,A
seed7010,206,rng5207,B
seed7010,207,rng5208,A
seed7010,208,rng5209,B
seed7010,209,rng5210,A
seed7010,210,rng5211,B
seed7010,211,rng5212,A
seed7010,212,rng5213,B
seed7010,213,rng5214,A
seed7010,214,rng5215,B
seed7010,215,rng5216,A
seed7010,216,rng5217,B
seed7010,217,rng5218,A
seed7010,218,rng5219,B
seed7010,219,rng5220,A
seed7010,220,rng5221,B
seed7010,221,rng5222,A
seed7010,222,rng5223,B
seed7010,223,rng5224,A
seed7010,224,rng5225,B
seed7010,225,rng5226,A
seed7010,226,rng5227,B
seed7010,227,rng5228,A
seed7010,228,rng5229,B
seed7010,229,rng5230,A
seed7010,230,rng5231,B
seed7010,231,rng5232,A
seed7010,232,rng5233,B
seed7010,233,rng5234,A
seed7010,234,rng5235,B
seed7010,235,rng5236,A
seed7010,236,rng5237,B
seed7010,237,rng5238,A
seed7010,238,rng5239,B
seed7010,239,rng5240,A
seed7010,240,rng5241,B
seed7010,241,rng5242,A
seed7010,242,rng5243,B
seed7010,243,rng5244,A
seed7010,244,rng5245,B
seed7010,245,rng5246,A
seed7010,246,rng5247,B
seed7010,247,rng5248,A
seed7010,248,rng5249,B
seed7010,249,rng5250,A
seed7010,250,rng5251,B
seed7010,251,rng5252,A
seed7010,252,rng5253,B
seed7010,253,rng5254,A
seed7010,254,rng5255,B
seed7010,255,rng5256,A
seed7010,256,rng5257,B
seed7010,257,rng5258,A
seed7010,258,rng5259,B
seed7010,259,rng5260,A
seed7010,260,rng5261,B
seed7010,261,rng5262,A
seed7010,262,rng5263,B
seed7010,263,rng5264,A
seed7010,264,rng5265,B
seed7010,265,rng5266,A
seed7010,266,rng5267,B
seed7010,267,rng5268,A
seed7010,268,rng5269,B
seed7010,269,rng5270,A
seed7010,270,rng5271,B
seed7010,271,rng5272,A
seed7010,272,rng5273,B
seed7010,273,rng5274,A
seed7010,274,rng5275,B
seed7010,275,rng5276,A
seed7010,276,rng5277,B
seed7010,277,rng5278,A
seed7010,278,rng5279,B
seed7010,279,rng5280,A
seed7010,280,rng5281,B
seed7010,281,rng5282,A
seed7010,282,rng5283,B
seed7010,283,rng5284,A
seed7010,284,rng5285,B
seed7010,285,rng5286,A
seed7010,286,rng5287,B
seed7010,287,rng5288,A
seed7010,288,rng5289,B
seed7010,289,rng5290,A
seed7010,290,rng5291,B
seed7010,291,rng5292,A
seed7010,292,rng5293,B
seed7010,293,rng5294,A
seed7010,294,rng5295,B
seed7010,295,rng5296,A
seed7010,296,rng5297,B
seed7010,297,rng5298,A
seed7010,298,rng5299,B
seed7010,299,rng5300,A
seed7010,300,rng5301,B
seed7010,301,rng5302,A
seed7010,302,rng5303,B
seed7010,303,rng5304,A
seed7010,304,rng5305,B
seed7010,305,rng5306,A
seed7010,306,rng5307,B
seed7010,307,rng5308,A
seed7010,308,rng5309,B
seed7010,309,rng5310,A
seed7010,310,rng5311,B
seed7010,311,rng5312,A
seed7010,312,rng5313,B
seed7010,313,rng5314,A
seed7010,314,rng5315,B
seed7010,315,rng5316,A
seed7010,316,rng5317,B
seed7010,317,rng5318,A
seed7010,318,rng5319,B
seed7010,319,rng5320,A
seed7010,320,rng5321,B
seed7010,321,rng5322,A
seed7010,322,rng5323,B
seed7010,323,rng5324,A
seed7010,324,rng5325,B
seed7010,325,rng5326,A
seed7010,326,rng5327,B
seed7010,327,rng5328,A
seed7010,328,rng5329,B
seed7010,329,rng5330,A
seed7010,330,rng5331,B
seed7010,331,rng5332,A
seed7010,332,rng5333,B
seed7010,333,rng5334,A
seed7010,334,rng5335,B
seed7010,335,rng5336,A
seed7010,336,rng5337,B
seed7010,337,rng5338,A
seed7010,338,rng5339,B
seed7010,339,rng5340,A
seed7010,340,rng5341,B
seed7010,341,rng5342,A
seed7010,342,rng5343,B
seed7010,343,rng5344,A
seed7010,344,rng5345,B
seed7010,345,rng5346,A
seed7010,346,rng5347,B
seed7010,347,rng5348,A
seed7010,348,rng5349,B
seed7010,349,rng5350,A
seed7010,350,rng5351,B
seed7010,351,rng5352,A
seed7010,352,rng5353,B
seed7010,353,rng5354,A
seed7010,354,rng5355,B
seed7010,355,rng5356,A
seed7010,356,rng5357,B
seed7010,357,rng5358,A
seed7010,358,rng5359,B
seed7010,359,rng5360,A
seed7010,360,rng5361,B
seed7010,361,rng5362,A
seed7010,362,rng5363,B
seed7010,363,rng5364,A
seed7010,364,rng5365,B
seed7010,365,rng5366,A
seed7010,366,rng5367,B
seed7010,367,rng5368,A
seed7010,368,rng5369,B
seed7010,369,rng5370,A
seed7010,370,rng5371,B
seed7010,371,rng5372,A
seed7010,372,rng5373,B
seed7010,373,rng5374,A
seed7010,374,rng5375,B
seed7010,375,rng5376,A
seed7010,376,rng5377,B
seed7010,377,rng5378,A
seed7010,378,rng5379,B
seed7010,379,rng5380,A
seed7010,380,rng5381,B
seed7010,381,rng5382,A
seed7010,382,rng5383,B
seed7010,383,rng5384,A
seed7010,384,rng5385,B
seed7010,385,rng5386,A
seed7010,386,rng5387,B
seed7010,387,rng5388,A
seed7010,388,rng5389,B
seed7010,389,rng5390,A
seed7010,390,rng5391,B
seed7010,391,rng5392,A
seed7010,392,rng5393,B
seed7010,393,rng5394,A
seed7010,394,rng5395,B
seed7010,395,rng5396,A
seed7010,396,rng5397,B
seed7010,397,rng5398,A
seed7010,398,rng5399,B
seed7010,399,rng5400,A
seed7010,400,rng5401,B
seed7010,401,rng5402,A
seed7010,402,rng5403,B
seed7010,403,rng5404,A
seed7010,404,rng5405,B
seed7010,405,rng5406,A
seed7010,406,rng5407,B
seed7010,407,rng5408,A
seed7010,408,rng5409,B
seed7010,409,rng5410,A
seed7010,410,rng5411,B
seed7010,411,rng5412,A
seed7010,412,rng5413,B
seed7010,413,rng5414,A
seed7010,414,rng5415,B
seed7010,415,rng5416,A
seed7010,416,rng5417,B
seed7010,417,rng5418,A
seed7010,418,rng5419,B
seed7010,419,rng5420,A
seed7010,420,rng5421,B
seed7010,421,rng5422,A
seed7010,422,rng5423,B
seed7010,423,rng5424,A
seed7010,424,rng5425,B
seed7010,425,rng5426,A
seed7010,426,rng5427,B
seed7010,427,rng5428,A
seed7010,428,rng5429,B
seed7010,429,rng5430,A
seed7010,430,rng5431,B
seed7010,431,rng5432,A
seed7010,432,rng5433,B
seed7010,433,rng5434,A
seed7010,434,rng5435,B
seed7010,435,rng5436,A
seed7010,436,rng5437,B
seed7010,437,rng5438,A
seed7010,438,rng5439,B
seed7010,439,rng5440,A
seed7010,440,rng5441,B
seed7010,441,rng5442,A
seed7010,442,rng5443,B
seed7010,443,rng5444,A
seed7010,444,rng5445,B
seed7010,445,rng5446,A
seed7010,446,rng5447,B
seed7010,447,rng5448,A
seed7010,448,rng5449,B
seed7010,449,rng5450,A
seed7010,450,rng5451,B
seed7010,451,rng5452,A
seed7010,452,rng5453,B
seed7010,453,rng5454,A
seed7010,454,rng5455,B
seed7010,455,rng5456,A
seed7010,456,rng5457,B
seed7010,457,rng5458,A
seed7010,458,rng5459,B
seed7010,459,rng5460,A
seed7010,460,rng5461,B
seed7010,461,rng5462,A
seed7010,462,rng5463,B
seed7010,463,rng5464,A
seed7010,464,rng5465,B
seed7010,465,rng5466,A
seed7010,466,rng5467,B
seed7010,467,rng5468,A
seed7010,468,rng5469,B
seed7010,469,rng5470,A
seed7010,470,rng5471,B
seed7010,471,rng5472,A
seed7010,472,rng5473,B
seed7010,473,rng5474,A
seed7010,474,rng5475,B
seed7010,475,rng5476,A
seed7010,476,rng5477,B
seed7010,477,rng5478,A
seed7010,478,rng5479,B
seed7010,479,rng5480,A
seed7010,480,rng5481,B
seed7010,481,rng5482,A
seed7010,482,rng5483,B
seed7010,483,rng5484,A
seed7010,484,rng5485,B
seed7010,485,rng5486,A
seed7010,486,rng5487,B
seed7010,487,rng5488,A
seed7010,488,rng5489,B
seed7010,489,rng5490,A
seed7010,490,rng5491,B
seed7010,491,rng5492,A
seed7010,492,rng5493,B
seed7010,493,rng5494,A
seed7010,494,rng5495,B
seed7010,495,rng5496,A
seed7010,496,rng5497,B
seed7010,497,rng5498,A
seed7010,498,rng5499,B
seed7010,499,rng5500,A
seed7010,500,rng5501,B
seed7010,501,rng5502,A
seed7010,502,rng5503,B
seed7010,503,rng5504,A
seed7010,504,rng5505,B
seed7010,505,rng5506,A
seed7010,506,rng5507,B
seed7010,507,rng5508,A
seed7010,508,rng5509,B
seed7010,509,rng5510,A
seed7010,510,rng5511,B
seed7010,511,rng5512,A
seed7010,512,rng5513,B
seed7010,513,rng5514,A
seed7010,514,rng5515,B
seed7010,515,rng5516,A
seed7010,516,rng5517,B
seed7010,517,rng5518,A
seed7010,518,rng5519,B
seed7010,519,rng5520,A
seed7010,520,rng5521,B
seed7010,521,rng5522,A
seed7010,522,rng5523,B
seed7010,523,rng5524,A
seed7010,524,rng5525,B
seed7010,525,rng5526,A
seed7010,526,rng5527,B
seed7010,527,rng5528,A
seed7010,528,rng5529,B
seed7010,529,rng5530,A
seed7010,530,rng5531,B
seed7010,531,rng5532,A
seed7010,532,rng5533,B
seed7010,533,rng5534,A
seed7010,534,rng5535,B
seed7010,535,rng5536,A
seed7010,536,rng5537,B
seed7010,537,rng5538,A
seed7010,538,rng5539,B
seed7010,539,rng5540,A
seed7010,540,rng5541,B
seed7010,541,rng5542,A
seed7010,542,rng5543,B
seed7010,543,rng5544,A
seed7010,544,rng5545,B
seed7010,545,rng5546,A
seed7010,546,rng5547,B
seed7010,547,rng5548,A
seed7010,548,rng5549,B
seed7010,549,rng5550,A
seed7010,550,rng5551,B
seed7010,551,rng5552,A
seed7010,552,rng5553,B
seed7010,553,rng5554,A
seed7010,554,rng5555,B
seed7010,555,rng5556,A
seed7010,556,rng5557,B
seed7010,557,rng5558,A
seed7010,558,rng5559,B
seed7010,559,rng5560,A
seed7010,560,rng5561,B
seed7010,561,rng5562,A
seed7010,562,rng5563,B
seed7010,563,rng5564,A
seed7010,564,rng5565,B
seed7010,565,rng5566,A
seed7010,566,rng5567,B
seed7010,567,rng5568,A
seed7010,568,rng5569,B
seed7010,569,rng5570,A
seed7010,570,rng5571,B
seed7010,571,rng5572,A
seed7010,572,rng5573,B
seed7010,573,rng5574,A
seed7010,574,rng5575,B
seed7010,575,rng5576,A
seed7010,576,rng5577,B
seed7010,577,rng5578,A
seed7010,578,rng5579,B
seed7010,579,rng5580,A
seed7010,580,rng5581,B
seed7010,581,rng5582,A
seed7010,582,rng5583,B
seed7010,583,rng5584,A
seed7010,584,rng5585,B
seed7010,585,rng5586,A
seed7010,586,rng5587,B
seed7010,587,rng5588,A
seed7010,588,rng5589,B
seed7010,589,rng5590,A
seed7010,590,rng5591,B
seed7010,591,rng5592,A
seed7010,592,rng5593,B
seed7010,593,rng5594,A
seed7010,594,rng5595,B
seed7010,595,rng5596,A
seed7010,596,rng5597,B
seed7010,597,rng5598,A
seed7010,598,rng5599,B
seed7010,599,rng5600,A
seed7010,600,rng5601,B
seed7010,601,rng5602,A
seed7010,602,rng5603,B
seed7010,603,rng5604,A
seed7010,604,rng5605,B
seed7010,605,rng5606,A
seed7010,606,rng5607,B
seed7010,607,rng5608,A
seed7010,608,rng5609,B
seed7010,609,rng5610,A
seed7010,610,rng5611,B
seed7010,611,rng5612,A
seed7010,612,rng5613,B
seed7010,613,rng5614,A
seed7010,614,rng5615,B
seed7010,615,rng5616,A
seed7010,616,rng5617,B
seed7010,617,rng5618,A
seed7010,618,rng5619,B
seed7010,619,rng5620,A
seed7010,620,rng5621,B
seed7010,621,rng5622,A
seed7010,622,rng5623,B
seed7010,623,rng5624,A
seed7010,624,rng5625,B
seed7010,625,rng5626,A
seed7010,626,rng5627,B
seed7010,627,rng5628,A
seed7010,628,rng5629,B
seed7010,629,rng5630,A
seed7010,630,rng5631,B
seed7010,631,rng5632,A
seed7010,632,rng5633,B
seed7010,633,rng5634,A
seed7010,634,rng5635,B
seed7010,635,rng5636,A
seed7010,636,rng5637,B
seed7010,637,rng5638,A
seed7010,638,rng5639,B
seed7010,639,rng5640,A
seed7010,640,rng5641,B
seed7010,641,rng5642,A
seed7010,642,rng5643,B
seed7010,643,rng5644,A
seed7010,644,rng5645,B
seed7010,645,rng5646,A
seed7010,646,rng5647,B
seed7010,647,rng5648,A
seed7010,648,rng5649,B
seed7010,649,rng5650,A
seed7010,650,rng5651,B
seed7010,651,rng5652,A
seed7010,652,rng5653,B
seed7010,653,rng5654,A
seed7010,654,rng5655,B
seed7010,655,rng5656,A
seed7010,656,rng5657,B
seed7010,657,rng5658,A
seed7010,658,rng5659,B
seed7010,659,rng5660,A
seed7010,660,rng5661,B
seed7010,661,rng5662,A
seed7010,662,rng5663,B
seed7010,663,rng5664,A
seed7010,664,rng5665,B
seed7010,665,rng5666,A
seed7010,666,rng5667,B
seed7010,667,rng5668,A
seed7010,668,rng5669,B
seed7010,669,rng5670,A
seed7010,670,rng5671,B
seed7010,671,rng5672,A
seed7010,672,rng5673,B
seed7010,673,rng5674,A
seed7010,674,rng5675,B
seed7010,675,rng5676,A
seed7010,676,rng5677,B
seed7010,677,rng5678,A
seed7010,678,rng5679,B
seed7010,679,rng5680,A
seed7010,680,rng5681,B
seed7010,681,rng5682,A
seed7010,682,rng5683,B
seed7010,683,rng5684,A
seed7010,684,rng5685,B
seed7010,685,rng5686,A
seed7010,686,rng5687,B
seed7010,687,rng5688,A
seed7010,688,rng5689,B
seed7010,689,rng5690,A
seed7010,690,rng5691,B
seed7010,691,rng5692,A
seed7010,692,rng5693,B
seed7010,693,rng5694,A
seed7010,694,rng5695,B
seed7010,695,rng5696,A
seed7010,696,rng5697,B
seed7010,697,rng5698,A
seed7010,698,rng5699,B
seed7010,699,rng5700,A
seed7010,700,rng5701,B
seed7010,701,rng5702,A
seed7010,702,rng5703,B
seed7010,703,rng5704,A
seed7010,704,rng5705,B
seed7010,705,rng5706,A
seed7010,706,rng5707,B
seed7010,707,rng5708,A
seed7010,708,rng5709,B
seed7010,709,rng5710,A
seed7010,710,rng5711,B
seed7010,711,rng5712,A
seed7010,712,rng5713,B
seed7010,713,rng5714,A
seed7010,714,rng5715,B
seed7010,715,rng5716,A
seed7010,716,rng5717,B
seed7010,717,rng5718,A
seed7010,718,rng5719,B
seed7010,719,rng5720,A
seed7010,720,rng5721,B
seed7010,721,rng5722,A
seed7010,722,rng5723,B
seed7010,723,rng5724,A
seed7010,724,rng5725,B
seed7010,725,rng5726,A
seed7010,726,rng5727,B
seed7010,727,rng5728,A
seed7010,728,rng5729,B
seed7010,729,rng5730,A
seed7010,730,rng5731,B
seed7010,731,rng5732,A
seed7010,732,rng5733,B
seed7010,733,rng5734,A
seed7010,734,rng5735,B
seed7010,735,rng5736,A
seed7010,736,rng5737,B
seed7010,737,rng5738,A
seed7010,738,rng5739,B
seed7010,739,rng5740,A
seed7010,740,rng5741,B
seed7010,741,rng5742,A
seed7010,742,rng5743,B
seed7010,743,rng5744,A
seed7010,744,rng5745,B
seed7010,745,rng5746,A
seed7010,746,rng5747,B
seed7010,747,rng5748,A
seed7010,748,rng5749,B
seed7010,749,rng5750,A
seed7010,750,rng5751,B
seed7010,751,rng5752,A
seed7010,752,rng5753,B
seed7010,753,rng5754,A
seed7010,754,rng5755,B
seed7010,755,rng5756,A
seed7010,756,rng5757,B
seed7010,757,rng5758,A
seed7010,758,rng5759,B
seed7010,759,rng5760,A
seed7010,760,rng5761,B
seed7010,761,rng5762,A
seed7010,762,rng5763,B
seed7010,763,rng5764,A
seed7010,764,rng5765,B
seed7010,765,rng5766,A
seed7010,766,rng5767,B
seed7010,767,rng5768,A
seed7010,768,rng5769,B
seed7010,769,rng5770,A
seed7010,770,rng5771,B
seed7010,771,rng5772,A
seed7010,772,rng5773,B
seed7010,773,rng5774,A
seed7010,774,rng5775,B
seed7010,775,rng5776,A
seed7010,776,rng5777,B
seed7010,777,rng5778,A
seed7010,778,rng5779,B
seed7010,779,rng5780,A
seed7010,780,rng5781,B
seed7010,781,rng5782,A
seed7010,782,rng5783,B
seed7010,783,rng5784,A
seed7010,784,rng5785,B
seed7010,785,rng5786,A
seed7010,786,rng5787,B
seed7010,787,rng5788,A
seed7010,788,rng5789,B
seed7010,789,rng5790,A
seed7010,790,rng5791,B
seed7010,791,rng5792,A
seed7010,792,rng5793,B
seed7010,793,rng5794,A
seed7010,794,rng5795,B
seed7010,795,rng5796,A
seed7010,796,rng5797,B
seed7010,797,rng5798,A
seed7010,798,rng5799,B
seed7010,799,rng5800,A
seed7010,800,rng5801,B
seed7010,801,rng5802,A
seed7010,802,rng5803,B
seed7010,803,rng5804,A
seed7010,804,rng5805,B
seed7010,805,rng5806,A
seed7010,806,rng5807,B
seed7010,807,rng5808,A
seed7010,808,rng5809,B
seed7010,809,rng5810,A
seed7010,810,rng5811,B
seed7010,811,rng5812,A
seed7010,812,rng5813,B
seed7010,813,rng5814,A
seed7010,814,rng5815,B
seed7010,815,rng5816,A
seed7010,816,rng5817,B
seed7010,817,rng5818,A
seed7010,818,rng5819,B
seed7010,819,rng5820,A
seed7010,820,rng5821,B
seed7010,821,rng5822,A
seed7010,822,rng5823,B
seed7010,823,rng5824,A
seed7010,824,rng5825,B
seed7010,825,rng5826,A
seed7010,826,rng5827,B
seed7010,827,rng5828,A
seed7010,828,rng5829,B
seed7010,829,rng5830,A
seed7010,830,rng5831,B
seed7010,831,rng5832,A
seed7010,832,rng5833,B
seed7010,833,rng5834,A
seed7010,834,rng5835,B
seed7010,835,rng5836,A
seed7010,836,rng5837,B
seed7010,837,rng5838,A
seed7010,838,rng5839,B
seed7010,839,rng5840,A
seed7010,840,rng5841,B
seed7010,841,rng5842,A
seed7010,842,rng5843,B
seed7010,843,rng5844,A
seed7010,844,rng5845,B
seed7010,845,rng5846,A
seed7010,846,rng5847,B
seed7010,847,rng5848,A
seed7010,848,rng5849,B
seed7010,849,rng5850,A
seed7010,850,rng5851,B
seed7010,851,rng5852,A
seed7010,852,rng5853,B
seed7010,853,rng5854,A
seed7010,854,rng5855,B
seed7010,855,rng5856,A
seed7010,856,rng5857,B
seed7010,857,rng5858,A
seed7010,858,rng5859,B
seed7010,859,rng5860,A
seed7010,860,rng5861,B
seed7010,861,rng5862,A
seed7010,862,rng5863,B
seed7010,863,rng5864,A
seed7010,864,rng5865,B
seed7010,865,rng5866,A
seed7010,866,rng5867,B
seed7010,867,rng5868,A
seed7010,868,rng5869,B
seed7010,869,rng5870,A
seed7010,870,rng5871,B
seed7010,871,rng5872,A
seed7010,872,rng5873,B
seed7010,873,rng5874,A
seed7010,874,rng5875,B
seed7010,875,rng5876,A
seed7010,876,rng5877,B
seed7010,877,rng5878,A
seed7010,878,rng5879,B
seed7010,879,rng5880,A
seed7010,880,rng5881,B
seed7010,881,rng5882,A
seed7010,882,rng5883,B
seed7010,883,rng5884,A
seed7010,884,rng5885,B
seed7010,885,rng5886,A
seed7010,886,rng5887,B
seed7010,887,rng5888,A
seed7010,888,rng5889,B
seed7010,889,rng5890,A
seed7010,890,rng5891,B
seed7010,891,rng5892,A
seed7010,892,rng5893,B
seed7010,893,rng5894,A
seed7010,894,rng5895,B
seed7010,895,rng5896,A
seed7010,896,rng5897,B
seed7010,897,rng5898,A
seed7010,898,rng5899,B
seed7010,899,rng5900,A
seed7010,900,rng5901,B
seed7010,901,rng5902,A
seed7010,902,rng5903,B
seed7010,903,rng5904,A
seed7010,904,rng5905,B
seed7010,905,rng5906,A
seed7010,906,rng5907,B
seed7010,907,rng5908,A
seed7010,908,rng5909,B
seed7010,909,rng5910,A
seed7010,910,rng5911,B
seed7010,911,rng5912,A
seed7010,912,rng5913,B
seed7010,913,rng5914,A
seed7010,914,rng5915,B
seed7010,915,rng5916,A
seed7010,916,rng5917,B
seed7010,917,rng5918,A
seed7010,918,rng5919,B
seed7010,919,rng5920,A
seed7010,920,rng5921,B
seed7010,921,rng5922,A
seed7010,922,rng5923,B
seed7010,923,rng5924,A
seed7010,924,rng5925,B
seed7010,925,rng5926,A
seed7010,926,rng5927,B
seed7010,927,rng5928,A
seed7010,928,rng5929,B
seed7010,929,rng5930,A
seed7010,930,rng5931,B
seed7010,931,rng5932,A
seed7010,932,rng5933,B
seed7010,933,rng5934,A
seed7010,934,rng5935,B
seed7010,935,rng5936,A
seed7010,936,rng5937,B
seed7010,937,rng5938,A
seed7010,938,rng5939,B
seed7010,939,rng5940,A
seed7010,940,rng5941,B
seed7010,941,rng5942,A
seed7010,942,rng5943,B
seed7010,943,rng5944,A
seed7010,944,rng5945,B
seed7010,945,rng5946,A
seed7010,946,rng5947,B
seed7010,947,rng5948,A
seed7010,948,rng5949,B
seed7010,949,rng5950,A
seed7010,950,rng5951,B
seed7010,951,rng5952,A
seed7010,952,rng5953,B
seed7010,953,rng5954,A
seed7010,954,rng5955,B
seed7010,955,rng5956,A
seed7010,956,rng5957,B
seed7010,957,rng5958,A
seed7010,958,rng5959,B
seed7010,959,rng5960,A
seed7010,960,rng5961,B
seed7010,961,rng5962,A
seed7010,962,rng5963,B
seed7010,963,rng5964,A
seed7010,964,rng5965,B
seed7010,965,rng5966,A
seed7010,966,rng5967,B
seed7010,967,rng5968,A
seed7010,968,rng5969,B
seed7010,969,rng5970,A
seed7010,970,rng5971,B
seed7010,971,rng5972,A
seed7010,972,rng5973,B
seed7010,973,rng5974,A
seed7010,974,rng5975,B
seed7010,975,rng5976,A
seed7010,976,rng5977,B
seed7010,977,rng5978,A
seed7010,978,rng5979,B
seed7010,979,rng5980,A
seed7010,980,rng5981,B
seed7010,981,rng5982,A
seed7010,982,rng5983,B
seed7010,983,rng5984,A
seed7010,984,rng5985,B
seed7010,985,rng5986,A
seed7010,986,rng5987,B
seed7010,987,rng5988,A
seed7010,988,rng5989,B
seed7010,989,rng5990,A
seed7010,990,rng5991,B
seed7010,991,rng5992,A
seed7010,992,rng5993,B
seed7010,993,rng5994,A
seed7010,994,rng5995,B
seed7010,995,rng5996,A
seed7010,996,rng5997,B
seed7010,997,rng5998,A
seed7010,998,rng5999,B
seed7010,999,rng6000,A
seed7011,0,rng5001,reserved
seed7011,1,rng5002,A
seed7011,2,rng5003,B
seed7011,3,rng5004,A
seed7011,4,rng5005,B
seed7011,5,rng5006,A
seed7011,6,rng5007,B
seed7011,7,rng5008,A
seed7011,8,rng5009,B
seed7011,9,rng5010,A
seed7011,10,rng5011,B
seed7011,11,rng5012,A
seed7011,12,rng5013,B
seed7011,13,rng5014,A
seed7011,14,rng5015,B
seed7011,15,rng5016,A
seed7011,16,rng5017,B
seed7011,17,rng5018,A
seed7011,18,rng5019,B
seed7011,19,rng5020,A
seed7011,20,rng5021,B
seed7011,21,rng5022,A
seed7011,22,rng5023,B
seed7011,23,rng5024,A
seed7011,24,rng5025,B
seed7011,25,rng5026,A
seed7011,26,rng5027,B
seed7011,27,rng5028,A
seed7011,28,rng5029,B
seed7011,29,rng5030,A
seed7011,30,rng5031,B
seed7011,31,rng5032,A
seed7011,32,rng5033,B
seed7011,33,rng5034,A
seed7011,34,rng5035,B
seed7011,35,rng5036,A
seed7011,36,rng5037,B
seed7011,37,rng5038,A
seed7011,38,rng5039,B
seed7011,39,rng5040,A
seed7011,40,rng5041,B
seed7011,41,rng5042,A
seed7011,42,rng5043,B
seed7011,43,rng5044,A
seed7011,44,rng5045,B
seed7011,45,rng5046,A
seed7011,46,rng5047,B
seed7011,47,rng5048,A
seed7011,48,rng5049,B
seed7011,49,rng5050,A
seed7011,50,rng5051,B
seed7011,51,rng5052,A
seed7011,52,rng5053,B
seed7011,53,rng5054,A
seed7011,54,rng5055,B
seed7011,55,rng5056,A
seed7011,56,rng5057,B
seed7011,57,rng5058,A
seed7011,58,rng5059,B
seed7011,59,rng5060,A
seed7011,60,rng5061,B
seed7011,61,rng5062,A
seed7011,62,rng5063,B
seed7011,63,rng5064,A
seed7011,64,rng5065,B
seed7011,65,rng5066,A
seed7011,66,rng5067,B
seed7011,67,rng5068,A
seed7011,68,rng5069,B
seed7011,69,rng5070,A
seed7011,70,rng5071,B
seed7011,71,rng5072,A
seed7011,72,rng5073,B
seed7011,73,rng5074,A
seed7011,74,rng5075,B
seed7011,75,rng5076,A
seed7011,76,rng5077,B
seed7011,77,rng5078,A
seed7011,78,rng5079,B
seed7011,79,rng5080,A
seed7011,80,rng5081,B
seed7011,81,rng5082,A
seed7011,82,rng5083,B
seed7011,83,rng5084,A
seed7011,84,rng5085,B
seed7011,85,rng5086,A
seed7011,86,rng5087,B
seed7011,87,rng5088,A
seed7011,88,rng5089,B
seed7011,89,rng5090,A
seed7011,90,rng5091,B
seed7011,91,rng5092,A
seed7011,92,rng5093,B
seed7011,93,rng5094,A
seed7011,94,rng5095,B
seed7011,95,rng5096,A
seed7011,96,rng5097,B
seed7011,97,rng5098,A
seed7011,98,rng5099,B
seed7011,99,rng5100,A
seed7011,100,rng5101,B
seed7011,101,rng5102,A
seed7011,102,rng5103,B
seed7011,103,rng5104,A
seed7011,104,rng5105,B
seed7011,105,rng5106,A
seed7011,106,rng5107,B
seed7011,107,rng5108,A
seed7011,108,rng5109,B
seed7011,109,rng5110,A
seed7011,110,rng5111,B
seed7011,111,rng5112,A
seed7011,112,rng5113,B
seed7011,113,rng5114,A
seed7011,114,rng5115,B
seed7011,115,rng5116,A
seed7011,116,rng5117,B
seed7011,117,rng5118,A
seed7011,118,rng5119,B
seed7011,119,rng5120,A
seed7011,120,rng5121,B
seed7011,121,rng5122,A
seed7011,122,rng5123,B
seed7011,123,rng5124,A
seed7011,124,rng5125,B
seed7011,125,rng5126,A
seed7011,126,rng5127,B
seed7011,127,rng5128,A
seed7011,128,rng5129,B
seed7011,129,rng5130,A
seed7011,130,rng5131,B
seed7011,131,rng5132,A
seed7011,132,rng5133,B
seed7011,133,rng5134,A
seed7011,134,rng5135,B
seed7011,135,rng5136,A
seed7011,136,rng5137,B
seed7011,137,rng5138,A
seed7011,138,rng5139,B
seed7011,139,rng5140,A
seed7011,140,rng5141,B
seed7011,141,rng5142,A
seed7011,142,rng5143,B
seed7011,143,rng5144,A
seed7011,144,rng5145,B
seed7011,145,rng5146,A
seed7011,146,rng5147,B
seed7011,147,rng5148,A
seed7011,148,rng5149,B
seed7011,149,rng5150,A
seed7011,150,rng5151,B
seed7011,151,rng5152,A
seed7011,152,rng5153,B
seed7011,153,rng5154,A
seed7011,154,rng5155,B
seed7011,155,rng5156,A
seed7011,156,rng5157,B
seed7011,157,rng5158,A
seed7011,158,rng5159,B
seed7011,159,rng5160,A
seed7011,160,rng5161,B
seed7011,161,rng5162,A
seed7011,162,rng5163,B
seed7011,163,rng5164,A
seed7011,164,rng5165,B
seed7011,165,rng5166,A
seed7011,166,rng5167,B
seed7011,167,rng5168,A
seed7011,168,rng5169,B
seed7011,169,rng5170,A
seed7011,170,rng5171,B
seed7011,171,rng5172,A
seed7011,172,rng5173,B
seed7011,173,rng5174,A
seed7011,174,rng5175,B
seed7011,175,rng5176,A
seed7011,176,rng5177,B
seed7011,177,rng5178,A
seed7011,178,rng5179,B
seed7011,179,rng5180,A
seed7011,180,rng5181,B
seed7011,181,rng5182,A
seed7011,182,rng5183,B
seed7011,183,rng5184,A
seed7011,184,rng5185,B
seed7011,185,rng5186,A
seed7011,186,rng5187,B
seed7011,187,rng5188,A
seed7011,188,rng5189,B
seed7011,189,rng5190,A
seed7011,190,rng5191,B
seed7011,191,rng5192,A
seed7011,192,rng5193,B
seed7011,193,rng5194,A
seed7011,194,rng5195,B
seed7011,195,rng5196,A
seed7011,196,rng5197,B
seed7011,197,rng5198,A
seed7011,198,rng5199,B
seed7011,199,rng5200,A
seed7011,200,rng5201,B
seed7011,201,rng5202,A
seed7011,202,rng5203,B
seed7011,203,rng5204,A
seed7011,204,rng5205,B
seed7011,205,rng5206,A
seed7011,206,rng5207,B
seed7011,207,rng5208,A
seed7011,208,rng5209,B
seed7011,209,rng5210,A
seed7011,210,rng5211,B
seed7011,211,rng5212,A
seed7011,212,rng5213,B
seed7011,213,rng5214,A
seed7011,214,rng5215,B
seed7011,215,rng5216,A
seed7011,216,rng5217,B
seed7011,217,rng5218,A
seed7011,218,rng5219,B
seed7011,219,rng5220,A
seed7011,220,rng5221,B
seed7011,221,rng5222,A
seed7011,222,rng5223,B
seed7011,223,rng5224,A
seed7011,224,rng5225,B
seed7011,225,rng5226,A
seed7011,226,rng5227,B
seed7011,227,rng5228,A
seed7011,228,rng5229,B
seed7011,229,rng5230,A
seed7011,230,rng5231,B
seed7011,231,rng5232,A
seed7011,232,rng5233,B
seed7011,233,rng5234,A
seed7011,234,rng5235,B
seed7011,235,rng5236,A
seed7011,236,rng5237,B
seed7011,237,rng5238,A
seed7011,238,rng5239,B
seed7011,239,rng5240,A
seed7011,240,rng5241,B
seed7011,241,rng5242,A
seed7011,242,rng5243,B
seed7011,243,rng5244,A
seed7011,244,rng5245,B
seed7011,245,rng5246,A
seed7011,246,rng5247,B
seed7011,247,rng5248,A
seed7011,248,rng5249,B
seed7011,249,rng5250,A
seed7011,250,rng5251,B
seed7011,251,rng5252,A
seed7011,252,rng5253,B
seed7011,253,rng5254,A
seed7011,254,rng5255,B
seed7011,255,rng5256,A
seed7011,256,rng5257,B
seed7011,257,rng5258,A
seed7011,258,rng5259,B
seed7011,259,rng5260,A
seed7011,260,rng5261,B
seed7011,261,rng5262,A
seed7011,262,rng5263,B
seed7011,263,rng5264,A
seed7011,264,rng5265,B
seed7011,265,rng5266,A
seed7011,266,rng5267,B
seed7011,267,rng5268,A
seed7011,268,rng5269,B
seed7011,269,rng5270,A
seed7011,270,rng5271,B
seed7011,271,rng5272,A
seed7011,272,rng5273,B
seed7011,273,rng5274,A
seed7011,274,rng5275,B
seed7011,275,rng5276,A
seed7011,276,rng5277,B
seed7011,277,rng5278,A
seed7011,278,rng5279,B
seed7011,279,rng5280,A
seed7011,280,rng5281,B
seed7011,281,rng5282,A
seed7011,282,rng5283,B
seed7011,283,rng5284,A
seed7011,284,rng5285,B
seed7011,285,rng5286,A
seed7011,286,rng5287,B
seed7011,287,rng5288,A
seed7011,288,rng5289,B
seed7011,289,rng5290,A
seed7011,290,rng5291,B
seed7011,291,rng5292,A
seed7011,292,rng5293,B
seed7011,293,rng5294,A
seed7011,294,rng5295,B
seed7011,295,rng5296,A
seed7011,296,rng5297,B
seed7011,297,rng5298,A
seed7011,298,rng5299,B
seed7011,299,rng5300,A
seed7011,300,rng5301,B
seed7011,301,rng5302,A
seed7011,302,rng5303,B
seed7011,303,rng5304,A
seed7011,304,rng5305,B
seed7011,305,rng5306,A
seed7011,306,rng5307,B
seed7011,307,rng5308,A
seed7011,308,rng5309,B
seed7011,309,rng5310,A
seed7011,310,rng5311,B
seed7011,311,rng5312,A
seed7011,312,rng5313,B
seed7011,313,rng5314,A
seed7011,314,rng5315,B
seed7011,315,rng5316,A
seed7011,316,rng5317,B
seed7011,317,rng5318,A
seed7011,318,rng5319,B
seed7011,319,rng5320,A
seed7011,320,rng5321,B
seed7011,321,rng5322,A
seed7011,322,rng5323,B
seed7011,323,rng5324,A
seed7011,324,rng5325,B
seed7011,325,rng5326,A
seed7011,326,rng5327,B
seed7011,327,rng5328,A
seed7011,328,rng5329,B
seed7011,329,rng5330,A
seed7011,330,rng5331,B
seed7011,331,rng5332,A
seed7011,332,rng5333,B
seed7011,333,rng5334,A
seed7011,334,rng5335,B
seed7011,335,rng5336,A
seed7011,336,rng5337,B
seed7011,337,rng5338,A
seed7011,338,rng5339,B
seed7011,339,rng5340,A
seed7011,340,rng5341,B
seed7011,341,rng5342,A
seed7011,342,rng5343,B
seed7011,343,rng5344,A
seed7011,344,rng5345,B
seed7011,345,rng5346,A
seed7011,346,rng5347,B
seed7011,347,rng5348,A
seed7011,348,rng5349,B
seed7011,349,rng5350,A
seed7011,350,rng5351,B
seed7011,351,rng5352,A
seed7011,352,rng5353,B
seed7011,353,rng5354,A
seed7011,354,rng5355,B
seed7011,355,rng5356,A
seed7011,356,rng5357,B
seed7011,357,rng5358,A
seed7011,358,rng5359,B
seed7011,359,rng5360,A
seed7011,360,rng5361,B
seed7011,361,rng5362,A
seed7011,362,rng5363,B
seed7011,363,rng5364,A
seed7011,364,rng5365,B
seed7011,365,rng5366,A
seed7011,366,rng5367,B
seed7011,367,rng5368,A
seed7011,368,rng5369,B
seed7011,369,rng5370,A
seed7011,370,rng5371,B
seed7011,371,rng5372,A
seed7011,372,rng5373,B
seed7011,373,rng5374,A
seed7011,374,rng5375,B
seed7011,375,rng5376,A
seed7011,376,rng5377,B
seed7011,377,rng5378,A
seed7011,378,rng5379,B
seed7011,379,rng5380,A
seed7011,380,rng5381,B
seed7011,381,rng5382,A
seed7011,382,rng5383,B
seed7011,383,rng5384,A
seed7011,384,rng5385,B
seed7011,385,rng5386,A
seed7011,386,rng5387,B
seed7011,387,rng5388,A
seed7011,388,rng5389,B
seed7011,389,rng5390,A
seed7011,390,rng5391,B
seed7011,391,rng5392,A
seed7011,392,rng5393,B
seed7011,393,rng5394,A
seed7011,394,rng5395,B
seed7011,395,rng5396,A
seed7011,396,rng5397,B
seed7011,397,rng5398,A
seed7011,398,rng5399,B
seed7011,399,rng5400,A
seed7011,400,rng5401,B
seed7011,401,rng5402,A
seed7011,402,rng5403,B
seed7011,403,rng5404,A
seed7011,404,rng5405,B
seed7011,405,rng5406,A
seed7011,406,rng5407,B
seed7011,407,rng5408,A
seed7011,408,rng5409,B
seed7011,409,rng5410,A
seed7011,410,rng5411,B
seed7011,411,rng5412,A
seed7011,412,rng5413,B
seed7011,413,rng5414,A
seed7011,414,rng5415,B
seed7011,415,rng5416,A
seed7011,416,rng5417,B
seed7011,417,rng5418,A
seed7011,418,rng5419,B
seed7011,419,rng5420,A
seed7011,420,rng5421,B
seed7011,421,rng5422,A
seed7011,422,rng5423,B
seed7011,423,rng5424,A
seed7011,424,rng5425,B
seed7011,425,rng5426,A
seed7011,426,rng5427,B
seed7011,427,rng5428,A
seed7011,428,rng5429,B
seed7011,429,rng5430,A
seed7011,430,rng5431,B
seed7011,431,rng5432,A
seed7011,432,rng5433,B
seed7011,433,rng5434,A
seed7011,434,rng5435,B
seed7011,435,rng5436,A
seed7011,436,rng5437,B
seed7011,437,rng5438,A
seed7011,438,rng5439,B
seed7011,439,rng5440,A
seed7011,440,rng5441,B
seed7011,441,rng5442,A
seed7011,442,rng5443,B
seed7011,443,rng5444,A
seed7011,444,rng5445,B
seed7011,445,rng5446,A
seed7011,446,rng5447,B
seed7011,447,rng5448,A
seed7011,448,rng5449,B
seed7011,449,rng5450,A
seed7011,450,rng5451,B
seed7011,451,rng5452,A
seed7011,452,rng5453,B
seed7011,453,rng5454,A
seed7011,454,rng5455,B
seed7011,455,rng5456,A
seed7011,456,rng5457,B
seed7011,457,rng5458,A
seed7011,458,rng5459,B
seed7011,459,rng5460,A
seed7011,460,rng5461,B
seed7011,461,rng5462,A
seed7011,462,rng5463,B
seed7011,463,rng5464,A
seed7011,464,rng5465,B
seed7011,465,rng5466,A
seed7011,466,rng5467,B
seed7011,467,rng5468,A
seed7011,468,rng5469,B
seed7011,469,rng5470,A
seed7011,470,rng5471,B
seed7011,471,rng5472,A
seed7011,472,rng5473,B
seed7011,473,rng5474,A
seed7011,474,rng5475,B
seed7011,475,rng5476,A
seed7011,476,rng5477,B
seed7011,477,rng5478,A
seed7011,478,rng5479,B
seed7011,479,rng5480,A
seed7011,480,rng5481,B
seed7011,481,rng5482,A
seed7011,482,rng5483,B
seed7011,483,rng5484,A
seed7011,484,rng5485,B
seed7011,485,rng5486,A
seed7011,486,rng5487,B
seed7011,487,rng5488,A
seed7011,488,rng5489,B
seed7011,489,rng5490,A
seed7011,490,rng5491,B
seed7011,491,rng5492,A
seed7011,492,rng5493,B
seed7011,493,rng5494,A
seed7011,494,rng5495,B
seed7011,495,rng5496,A
seed7011,496,rng5497,B
seed7011,497,rng5498,A
seed7011,498,rng5499,B
seed7011,499,rng5500,A
seed7011,500,rng5501,B
seed7011,501,rng5502,A
seed7011,502,rng5503,B
seed7011,503,rng5504,A
seed7011,504,rng5505,B
seed7011,505,rng5506,A
seed7011,506,rng5507,B
seed7011,507,rng5508,A
seed7011,508,rng5509,B
seed7011,509,rng5510,A
seed7011,510,rng5511,B
seed7011,511,rng5512,A
seed7011,512,rng5513,B
seed7011,513,rng5514,A
seed7011,514,rng5515,B
seed7011,515,rng5516,A
seed7011,516,rng5517,B
seed7011,517,rng5518,A
seed7011,518,rng5519,B
seed7011,519,rng5520,A
seed7011,520,rng5521,B
seed7011,521,rng5522,A
seed7011,522,rng5523,B
seed7011,523,rng5524,A
seed7011,524,rng5525,B
seed7011,525,rng5526,A
seed7011,526,rng5527,B
seed7011,527,rng5528,A
seed7011,528,rng5529,B
seed7011,529,rng5530,A
seed7011,530,rng5531,B
seed7011,531,rng5532,A
seed7011,532,rng5533,B
seed7011,533,rng5534,A
seed7011,534,rng5535,B
seed7011,535,rng5536,A
seed7011,536,rng5537,B
seed7011,537,rng5538,A
seed7011,538,rng5539,B
seed7011,539,rng5540,A
seed7011,540,rng5541,B
seed7011,541,rng5542,A
seed7011,542,rng5543,B
seed7011,543,rng5544,A
seed7011,544,rng5545,B
seed7011,545,rng5546,A
seed7011,546,rng5547,B
seed7011,547,rng5548,A
seed7011,548,rng5549,B
seed7011,549,rng5550,A
seed7011,550,rng5551,B
seed7011,551,rng5552,A
seed7011,552,rng5553,B
seed7011,553,rng5554,A
seed7011,554,rng5555,B
seed7011,555,rng5556,A
seed7011,556,rng5557,B
seed7011,557,rng5558,A
seed7011,558,rng5559,B
seed7011,559,rng5560,A
seed7011,560,rng5561,B
seed7011,561,rng5562,A
seed7011,562,rng5563,B
seed7011,563,rng5564,A
seed7011,564,rng5565,B
seed7011,565,rng5566,A
seed7011,566,rng5567,B
seed7011,567,rng5568,A
seed7011,568,rng5569,B
seed7011,569,rng5570,A
seed7011,570,rng5571,B
seed7011,571,rng5572,A
seed7011,572,rng5573,B
seed7011,573,rng5574,A
seed7011,574,rng5575,B
seed7011,575,rng5576,A
seed7011,576,rng5577,B
seed7011,577,rng5578,A
seed7011,578,rng5579,B
seed7011,579,rng5580,A
seed7011,580,rng5581,B
seed7011,581,rng5582,A
seed7011,582,rng5583,B
seed7011,583,rng5584,A
seed7011,584,rng5585,B
seed7011,585,rng5586,A
seed7011,586,rng5587,B
seed7011,587,rng5588,A
seed7011,588,rng5589,B
seed7011,589,rng5590,A
seed7011,590,rng5591,B
seed7011,591,rng5592,A
seed7011,592,rng5593,B
seed7011,593,rng5594,A
seed7011,594,rng5595,B
seed7011,595,rng5596,A
seed7011,596,rng5597,B
seed7011,597,rng5598,A
seed7011,598,rng5599,B
seed7011,599,rng5600,A
seed7011,600,rng5601,B
seed7011,601,rng5602,A
seed7011,602,rng5603,B
seed7011,603,rng5604,A
seed7011,604,rng5605,B
seed7011,605,rng5606,A
seed7011,606,rng5607,B
seed7011,607,rng5608,A
seed7011,608,rng5609,B
seed7011,609,rng5610,A
seed7011,610,rng5611,B
seed7011,611,rng5612,A
seed7011,612,rng5613,B
seed7011,613,rng5614,A
seed7011,614,rng5615,B
seed7011,615,rng5616,A
seed7011,616,rng5617,B
seed7011,617,rng5618,A
seed7011,618,rng5619,B
seed7011,619,rng5620,A
seed7011,620,rng5621,B
seed7011,621,rng5622,A
seed7011,622,rng5623,B
seed7011,623,rng5624,A
seed7011,624,rng5625,B
seed7011,625,rng5626,A
seed7011,626,rng5627,B
seed7011,627,rng5628,A
seed7011,628,rng5629,B
seed7011,629,rng5630,A
seed7011,630,rng5631,B
seed7011,631,rng5632,A
seed7011,632,rng5633,B
seed7011,633,rng5634,A
seed7011,634,rng5635,B
seed7011,635,rng5636,A
seed7011,636,rng5637,B
seed7011,637,rng5638,A
seed7011,638,rng5639,B
seed7011,639,rng5640,A
seed7011,640,rng5641,B
seed7011,641,rng5642,A
seed7011,642,rng5643,B
seed7011,643,rng5644,A
seed7011,644,rng5645,B
seed7011,645,rng5646,A
seed7011,646,rng5647,B
seed7011,647,rng5648,A
seed7011,648,rng5649,B
seed7011,649,rng5650,A
seed7011,650,rng5651,B
seed7011,651,rng5652,A
seed7011,652,rng5653,B
seed7011,653,rng5654,A
seed7011,654,rng5655,B
seed7011,655,rng5656,A
seed7011,656,rng5657,B
seed7011,657,rng5658,A
seed7011,658,rng5659,B
seed7011,659,rng5660,A
seed7011,660,rng5661,B
seed7011,661,rng5662,A
seed7011,662,rng5663,B
seed7011,663,rng5664,A
seed7011,664,rng5665,B
seed7011,665,rng5666,A
seed7011,666,rng5667,B
seed7011,667,rng5668,A
seed7011,668,rng5669,B
seed7011,669,rng5670,A
seed7011,670,rng5671,B
seed7011,671,rng5672,A
seed7011,672,rng5673,B
seed7011,673,rng5674,A
seed7011,674,rng5675,B
seed7011,675,rng5676,A
seed7011,676,rng5677,B
seed7011,677,rng5678,A
seed7011,678,rng5679,B
seed7011,679,rng5680,A
seed7011,680,rng5681,B
seed7011,681,rng5682,A
seed7011,682,rng5683,B
seed7011,683,rng5684,A
seed7011,684,rng5685,B
seed7011,685,rng5686,A
seed7011,686,rng5687,B
seed7011,687,rng5688,A
seed7011,688,rng5689,B
seed7011,689,rng5690,A
seed7011,690,rng5691,B
seed7011,691,rng5692,A
seed7011,692,rng5693,B
seed7011,693,rng5694,A
seed7011,694,rng5695,B
seed7011,695,rng5696,A
seed7011,696,rng5697,B
seed7011,697,rng5698,A
seed7011,698,rng5699,B
seed7011,699,rng5700,A
seed7011,700,rng5701,B
seed7011,701,rng5702,A
seed7011,702,rng5703,B
seed7011,703,rng5704,A
seed7011,704,rng5705,B
seed7011,705,rng5706,A
seed7011,706,rng5707,B
seed7011,707,rng5708,A
seed7011,708,rng5709,B
seed7011,709,rng5710,A
seed7011,710,rng5711,B
seed7011,711,rng5712,A
seed7011,712,rng5713,B
seed7011,713,rng5714,A
seed7011,714,rng5715,B
seed7011,715,rng5716,A
seed7011,716,rng5717,B
seed7011,717,rng5718,A
seed7011,718,rng5719,B
seed7011,719,rng5720,A
seed7011,720,rng5721,B
seed7011,721,rng5722,A
seed7011,722,rng5723,B
seed7011,723,rng5724,A
seed7011,724,rng5725,B
seed7011,725,rng5726,A
seed7011,726,rng5727,B
seed7011,727,rng5728,A
seed7011,728,rng5729,B
seed7011,729,rng5730,A
seed7011,730,rng5731,B
seed7011,731,rng5732,A
seed7011,732,rng5733,B
seed7011,733,rng5734,A
seed7011,734,rng5735,B
seed7011,735,rng5736,A
seed7011,736,rng5737,B
seed7011,737,rng5738,A
seed7011,738,rng5739,B
seed7011,739,rng5740,A
seed7011,740,rng5741,B
seed7011,741,rng5742,A
seed7011,742,rng5743,B
seed7011,743,rng5744,A
seed7011,744,rng5745,B
seed7011,745,rng5746,A
seed7011,746,rng5747,B
seed7011,747,rng5748,A
seed7011,748,rng5749,B
seed7011,749,rng5750,A
seed7011,750,rng5751,B
seed7011,751,rng5752,A
seed7011,752,rng5753,B
seed7011,753,rng5754,A
seed7011,754,rng5755,B
seed7011,755,rng5756,A
seed7011,756,rng5757,B
seed7011,757,rng5758,A
seed7011,758,rng5759,B
seed7011,759,rng5760,A
seed7011,760,rng5761,B
seed7011,761,rng5762,A
seed7011,762,rng5763,B
seed7011,763,rng5764,A
seed7011,764,rng5765,B
seed7011,765,rng5766,A
seed7011,766,rng5767,B
seed7011,767,rng5768,A
seed7011,768,rng5769,B
seed7011,769,rng5770,A
seed7011,770,rng5771,B
seed7011,771,rng5772,A
seed7011,772,rng5773,B
seed7011,773,rng5774,A
seed7011,774,rng5775,B
seed7011,775,rng5776,A
seed7011,776,rng5777,B
seed7011,777,rng5778,A
seed7011,778,rng5779,B
seed7011,779,rng5780,A
seed7011,780,rng5781,B
seed7011,781,rng5782,A
seed7011,782,rng5783,B
seed7011,783,rng5784,A
seed7011,784,rng5785,B
seed7011,785,rng5786,A
seed7011,786,rng5787,B
seed7011,787,rng5788,A
seed7011,788,rng5789,B
seed7011,789,rng5790,A
seed7011,790,rng5791,B
seed7011,791,rng5792,A
seed7011,792,rng5793,B
seed7011,793,rng5794,A
seed7011,794,rng5795,B
seed7011,795,rng5796,A
seed7011,796,rng5797,B
seed7011,797,rng5798,A
seed7011,798,rng5799,B
seed7011,799,rng5800,A
seed7011,800,rng5801,B
seed7011,801,rng5802,A
seed7011,802,rng5803,B
seed7011,803,rng5804,A
seed7011,804,rng5805,B
seed7011,805,rng5806,A
seed7011,806,rng5807,B
seed7011,807,rng5808,A
seed7011,808,rng5809,B
seed7011,809,rng5810,A
seed7011,810,rng5811,B
seed7011,811,rng5812,A
seed7011,812,rng5813,B
seed7011,813,rng5814,A
seed7011,814,rng5815,B
seed7011,815,rng5816,A
seed7011,816,rng5817,B
seed7011,817,rng5818,A
seed7011,818,rng5819,B
seed7011,819,rng5820,A
seed7011,820,rng5821,B
seed7011,821,rng5822,A
seed7011,822,rng5823,B
seed7011,823,rng5824,A
seed7011,824,rng5825,B
seed7011,825,rng5826,A
seed7011,826,rng5827,B
seed7011,827,rng5828,A
seed7011,828,rng5829,B
seed7011,829,rng5830,A
seed7011,830,rng5831,B
seed7011,831,rng5832,A
seed7011,832,rng5833,B
seed7011,833,rng5834,A
seed7011,834,rng5835,B
seed7011,835,rng5836,A
seed7011,836,rng5837,B
seed7011,837,rng5838,A
seed7011,838,rng5839,B
seed7011,839,rng5840,A
seed7011,840,rng5841,B
seed7011,841,rng5842,A
seed7011,842,rng5843,B
seed7011,843,rng5844,A
seed7011,844,rng5845,B
seed7011,845,rng5846,A
seed7011,846,rng5847,B
seed7011,847,rng5848,A
seed7011,848,rng5849,B
seed7011,849,rng5850,A
seed7011,850,rng5851,B
seed7011,851,rng5852,A
seed7011,852,rng5853,B
seed7011,853,rng5854,A
seed7011,854,rng5855,B
seed7011,855,rng5856,A
seed7011,856,rng5857,B
seed7011,857,rng5858,A
seed7011,858,rng5859,B
seed7011,859,rng5860,A
seed7011,860,rng5861,B
seed7011,861,rng5862,A
seed7011,862,rng5863,B
seed7011,863,rng5864,A
seed7011,864,rng5865,B
seed7011,865,rng5866,A
seed7011,866,rng5867,B
seed7011,867,rng5868,A
seed7011,868,rng5869,B
seed7011,869,rng5870,A
seed7011,870,rng5871,B
seed7011,871,rng5872,A
seed7011,872,rng5873,B
seed7011,873,rng5874,A
seed7011,874,rng5875,B
seed7011,875,rng5876,A
seed7011,876,rng5877,B
seed7011,877,rng5878,A
seed7011,878,rng5879,B
seed7011,879,rng5880,A
seed7011,880,rng5881,B
seed7011,881,rng5882,A
seed7011,882,rng5883,B
seed7011,883,rng5884,A
seed7011,884,rng5885,B
seed7011,885,rng5886,A
seed7011,886,rng5887,B
seed7011,887,rng5888,A
seed7011,888,rng5889,B
seed7011,889,rng5890,A
seed7011,890,rng5891,B
seed7011,891,rng5892,A
seed7011,892,rng5893,B
seed7011,893,rng5894,A
seed7011,894,rng5895,B
seed7011,895,rng5896,A
seed7011,896,rng5897,B
seed7011,897,rng5898,A
seed7011,898,rng5899,B
seed7011,899,rng5900,A
seed7011,900,rng5901,B
seed7011,901,rng5902,A
seed7011,902,rng5903,B
seed7011,903,rng5904,A
seed7011,904,rng5905,B
seed7011,905,rng5906,A
seed7011,906,rng5907,B
seed7011,907,rng5908,A
seed7011,908,rng5909,B
seed7011,909,rng5910,A
seed7011,910,rng5911,B
seed7011,911,rng5912,A
seed7011,912,rng5913,B
seed7011,913,rng5914,A
seed7011,914,rng5915,B
seed7011,915,rng5916,A
seed7011,916,rng5917,B
seed7011,917,rng5918,A
seed7011,918,rng5919,B
seed7011,919,rng5920,A
seed7011,920,rng5921,B
seed7011,921,rng5922,A
seed7011,922,rng5923,B
seed7011,923,rng5924,A
seed7011,924,rng5925,B
seed7011,925,rng5926,A
seed7011,926,rng5927,B
seed7011,927,rng5928,A
seed7011,928,rng5929,B
seed7011,929,rng5930,A
seed7011,930,rng5931,B
seed7011,931,rng5932,A
seed7011,932,rng5933,B
seed7011,933,rng5934,A
seed7011,934,rng5935,B
seed7011,935,rng5936,A
seed7011,936,rng5937,B
seed7011,937,rng5938,A
seed7011,938,rng5939,B
seed7011,939,rng5940,A
seed7011,940,rng5941,B
seed7011,941,rng5942,A
seed7011,942,rng5943,B
seed7011,943,rng5944,A
seed7011,944,rng5945,B
seed7011,945,rng5946,A
seed7011,946,rng5947,B
seed7011,947,rng5948,A
seed7011,948,rng5949,B
seed7011,949,rng5950,A
seed7011,950,rng5951,B
seed7011,951,rng5952,A
seed7011,952,rng5953,B
seed7011,953,rng5954,A
seed7011,954,rng5955,B
seed7011,955,rng5956,A
seed7011,956,rng5957,B
seed7011,957,rng5958,A
seed7011,958,rng5959,B
seed7011,959,rng5960,A
seed7011,960,rng5961,B
seed7011,961,rng5962,A
seed7011,962,rng5963,B
seed7011,963,rng5964,A
seed7011,964,rng5965,B
seed7011,965,rng5966,A
seed7011,966,rng5967,B
seed7011,967,rng5968,A
seed7011,968,rng5969,B
seed7011,969,rng5970,A
seed7011,970,rng5971,B
seed7011,971,rng5972,A
seed7011,972,rng5973,B
seed7011,973,rng5974,A
seed7011,974,rng5975,B
seed7011,975,rng5976,A
seed7011,976,rng5977,B
seed7011,977,rng5978,A
seed7011,978,rng5979,B
seed7011,979,rng5980,A
seed7011,980,rng5981,B
seed7011,981,rng5982,A
seed7011,982,rng5983,B
seed7011,983,rng5984,A
seed7011,984,rng5985,B
seed7011,985,rng5986,A
seed7011,986,rng5987,B
seed7011,987,rng5988,A
seed7011,988,rng5989,B
seed7011,989,rng5990,A
seed7011,990,rng5991,B
seed7011,991,rng5992,A
seed7011,992,rng5993,B
seed7011,993,rng5994,A
seed7011,994,rng5995,B
seed7011,995,rng5996,A
seed7011,996,rng5997,B
seed7011,997,rng5998,A
seed7011,998,rng5999,B
seed7011,999,rng6000,A
seed7014,0,rng5001,reserved
seed7014,1,rng5002,A
seed7014,2,rng5003,B
seed7014,3,rng5004,A
seed7014,4,rng5005,B
seed7014,5,rng5006,A
seed7014,6,rng5007,B
seed7014,7,rng5008,A
seed7014,8,rng5009,B
seed7014,9,rng5010,A
seed7014,10,rng5011,B
seed7014,11,rng5012,A
seed7014,12,rng5013,B
seed7014,13,rng5014,A
seed7014,14,rng5015,B
seed7014,15,rng5016,A
seed7014,16,rng5017,B
seed7014,17,rng5018,A
seed7014,18,rng5019,B
seed7014,19,rng5020,A
seed7014,20,rng5021,B
seed7014,21,rng5022,A
seed7014,22,rng5023,B
seed7014,23,rng5024,A
seed7014,24,rng5025,B
seed7014,25,rng5026,A
seed7014,26,rng5027,B
seed7014,27,rng5028,A
seed7014,28,rng5029,B
seed7014,29,rng5030,A
seed7014,30,rng5031,B
seed7014,31,rng5032,A
seed7014,32,rng5033,B
seed7014,33,rng5034,A
seed7014,34,rng5035,B
seed7014,35,rng5036,A
seed7014,36,rng5037,B
seed7014,37,rng5038,A
seed7014,38,rng5039,B
seed7014,39,rng5040,A
seed7014,40,rng5041,B
seed7014,41,rng5042,A
seed7014,42,rng5043,B
seed7014,43,rng5044,A
seed7014,44,rng5045,B
seed7014,45,rng5046,A
seed7014,46,rng5047,B
seed7014,47,rng5048,A
seed7014,48,rng5049,B
seed7014,49,rng5050,A
seed7014,50,rng5051,B
seed7014,51,rng5052,A
seed7014,52,rng5053,B
seed7014,53,rng5054,A
seed7014,54,rng5055,B
seed7014,55,rng5056,A
seed7014,56,rng5057,B
seed7014,57,rng5058,A
seed7014,58,rng5059,B
seed7014,59,rng5060,A
seed7014,60,rng5061,B
seed7014,61,rng5062,A
seed7014,62,rng5063,B
seed7014,63,rng5064,A
seed7014,64,rng5065,B
seed7014,65,rng5066,A
seed7014,66,rng5067,B
seed7014,67,rng5068,A
seed7014,68,rng5069,B
seed7014,69,rng5070,A
seed7014,70,rng5071,B
seed7014,71,rng5072,A
seed7014,72,rng5073,B
seed7014,73,rng5074,A
seed7014,74,rng5075,B
seed7014,75,rng5076,A
seed7014,76,rng5077,B
seed7014,77,rng5078,A
seed7014,78,rng5079,B
seed7014,79,rng5080,A
seed7014,80,rng5081,B
seed7014,81,rng5082,A
seed7014,82,rng5083,B
seed7014,83,rng5084,A
seed7014,84,rng5085,B
seed7014,85,rng5086,A
seed7014,86,rng5087,B
seed7014,87,rng5088,A
seed7014,88,rng5089,B
seed7014,89,rng5090,A
seed7014,90,rng5091,B
seed7014,91,rng5092,A
seed7014,92,rng5093,B
seed7014,93,rng5094,A
seed7014,94,rng5095,B
seed7014,95,rng5096,A
seed7014,96,rng5097,B
seed7014,97,rng5098,A
seed7014,98,rng5099,B
seed7014,99,rng5100,A
seed7014,100,rng5101,B
seed7014,101,rng5102,A
seed7014,102,rng5103,B
seed7014,103,rng5104,A
seed7014,104,rng5105,B
seed7014,105,rng5106,A
seed7014,106,rng5107,B
seed7014,107,rng5108,A
seed7014,108,rng5109,B
seed7014,109,rng5110,A
seed7014,110,rng5111,B
seed7014,111,rng5112,A
seed7014,112,rng5113,B
seed7014,113,rng5114,A
seed7014,114,rng5115,B
seed7014,115,rng5116,A
seed7014,116,rng5117,B
seed7014,117,rng5118,A
seed7014,118,rng5119,B
seed7014,119,rng5120,A
seed7014,120,rng5121,B
seed7014,121,rng5122,A
seed7014,122,rng5123,B
seed7014,123,rng5124,A
seed7014,124,rng5125,B
seed7014,125,rng5126,A
seed7014,126,rng5127,B
seed7014,127,rng5128,A
seed7014,128,rng5129,B
seed7014,129,rng5130,A
seed7014,130,rng5131,B
seed7014,131,rng5132,A
seed7014,132,rng5133,B
seed7014,133,rng5134,A
seed7014,134,rng5135,B
seed7014,135,rng5136,A
seed7014,136,rng5137,B
seed7014,137,rng5138,A
seed7014,138,rng5139,B
seed7014,139,rng5140,A
seed7014,140,rng5141,B
seed7014,141,rng5142,A
seed7014,142,rng5143,B
seed7014,143,rng5144,A
seed7014,144,rng5145,B
seed7014,145,rng5146,A
seed7014,146,rng5147,B
seed7014,147,rng5148,A
seed7014,148,rng5149,B
seed7014,149,rng5150,A
seed7014,150,rng5151,B
seed7014,151,rng5152,A
seed7014,152,rng5153,B
seed7014,153,rng5154,A
seed7014,154,rng5155,B
seed7014,155,rng5156,A
seed7014,156,rng5157,B
seed7014,157,rng5158,A
seed7014,158,rng5159,B
seed7014,159,rng5160,A
seed7014,160,rng5161,B
seed7014,161,rng5162,A
seed7014,162,rng5163,B
seed7014,163,rng5164,A
seed7014,164,rng5165,B
seed7014,165,rng5166,A
seed7014,166,rng5167,B
seed7014,167,rng5168,A
seed7014,168,rng5169,B
seed7014,169,rng5170,A
seed7014,170,rng5171,B
seed7014,171,rng5172,A
seed7014,172,rng5173,B
seed7014,173,rng5174,A
seed7014,174,rng5175,B
seed7014,175,rng5176,A
seed7014,176,rng5177,B
seed7014,177,rng5178,A
seed7014,178,rng5179,B
seed7014,179,rng5180,A
seed7014,180,rng5181,B
seed7014,181,rng5182,A
seed7014,182,rng5183,B
seed7014,183,rng5184,A
seed7014,184,rng5185,B
seed7014,185,rng5186,A
seed7014,186,rng5187,B
seed7014,187,rng5188,A
seed7014,188,rng5189,B
seed7014,189,rng5190,A
seed7014,190,rng5191,B
seed7014,191,rng5192,A
seed7014,192,rng5193,B
seed7014,193,rng5194,A
seed7014,194,rng5195,B
seed7014,195,rng5196,A
seed7014,196,rng5197,B
seed7014,197,rng5198,A
seed7014,198,rng5199,B
seed7014,199,rng5200,A
seed7014,200,rng5201,B
seed7014,201,rng5202,A
seed7014,202,rng5203,B
seed7014,203,rng5204,A
seed7014,204,rng5205,B
seed7014,205,rng5206,A
seed7014,206,rng5207,B
seed7014,207,rng5208,A
seed7014,208,rng5209,B
seed7014,209,rng5210,A
seed7014,210,rng5211,B
seed7014,211,rng5212,A
seed7014,212,rng5213,B
seed7014,213,rng5214,A
seed7014,214,rng5215,B
seed7014,215,rng5216,A
seed7014,216,rng5217,B
seed7014,217,rng5218,A
seed7014,218,rng5219,B
seed7014,219,rng5220,A
seed7014,220,rng5221,B
seed7014,221,rng5222,A
seed7014,222,rng5223,B
seed7014,223,rng5224,A
seed7014,224,rng5225,B
seed7014,225,rng5226,A
seed7014,226,rng5227,B
seed7014,227,rng5228,A
seed7014,228,rng5229,B
seed7014,229,rng5230,A
seed7014,230,rng5231,B
seed7014,231,rng5232,A
seed7014,232,rng5233,B
seed7014,233,rng5234,A
seed7014,234,rng5235,B
seed7014,235,rng5236,A
seed7014,236,rng5237,B
seed7014,237,rng5238,A
seed7014,238,rng5239,B
seed7014,239,rng5240,A
seed7014,240,rng5241,B
seed7014,241,rng5242,A
seed7014,242,rng5243,B
seed7014,243,rng5244,A
seed7014,244,rng5245,B
seed7014,245,rng5246,A
seed7014,246,rng5247,B
seed7014,247,rng5248,A
seed7014,248,rng5249,B
seed7014,249,rng5250,A
seed7014,250,rng5251,B
seed7014,251,rng5252,A
seed7014,252,rng5253,B
seed7014,253,rng5254,A
seed7014,254,rng5255,B
seed7014,255,rng5256,A
seed7014,256,rng5257,B
seed7014,257,rng5258,A
seed7014,258,rng5259,B
seed7014,259,rng5260,A
seed7014,260,rng5261,B
seed7014,261,rng5262,A
seed7014,262,rng5263,B
seed7014,263,rng5264,A
seed7014,264,rng5265,B
seed7014,265,rng5266,A
seed7014,266,rng5267,B
seed7014,267,rng5268,A
seed7014,268,rng5269,B
seed7014,269,rng5270,A
seed7014,270,rng5271,B
seed7014,271,rng5272,A
seed7014,272,rng5273,B
seed7014,273,rng5274,A
seed7014,274,rng5275,B
seed7014,275,rng5276,A
seed7014,276,rng5277,B
seed7014,277,rng5278,A
seed7014,278,rng5279,B
seed7014,279,rng5280,A
seed7014,280,rng5281,B
seed7014,281,rng5282,A
seed7014,282,rng5283,B
seed7014,283,rng5284,A
seed7014,284,rng5285,B
seed7014,285,rng5286,A
seed7014,286,rng5287,B
seed7014,287,rng5288,A
seed7014,288,rng5289,B
seed7014,289,rng5291,A
seed7014,290,rng5292,B
seed7014,291,rng5293,A
seed7014,292,rng5294,B
seed7014,293,rng5295,A
seed7014,294,rng5296,B
seed7014,295,rng5297,A
seed7014,296,rng5298,B
seed7014,297,rng5299,A
seed7014,298,rng5300,B
seed7014,299,rng5301,A
seed7014,300,rng5302,B
seed7014,301,rng5303,A
seed7014,302,rng5304,B
seed7014,303,rng5305,A
seed7014,304,rng5306,B
seed7014,305,rng5307,A
seed7014,306,rng5308,B
seed7014,307,rng5309,A
seed7014,308,rng5310,B
seed7014,309,rng5311,A
seed7014,310,rng5312,B
seed7014,311,rng5313,A
seed7014,312,rng5314,B
seed7014,313,rng5315,A
seed7014,314,rng5316,B
seed7014,315,rng5317,A
seed7014,316,rng5318,B
seed7014,317,rng5319,A
seed7014,318,rng5320,B
seed7014,319,rng5321,A
seed7014,320,rng5322,B
seed7014,321,rng5323,A
seed7014,322,rng5324,B
seed7014,323,rng5325,A
seed7014,324,rng5326,B
seed7014,325,rng5327,A
seed7014,326,rng5328,B
seed7014,327,rng5329,A
seed7014,328,rng5330,B
seed7014,329,rng5331,A
seed7014,330,rng5332,B
seed7014,331,rng5333,A
seed7014,332,rng5334,B
seed7014,333,rng5335,A
seed7014,334,rng5336,B
seed7014,335,rng5337,A
seed7014,336,rng5338,B
seed7014,337,rng5339,A
seed7014,338,rng5340,B
seed7014,339,rng5341,A
seed7014,340,rng5342,B
seed7014,341,rng5343,A
seed7014,342,rng5344,B
seed7014,343,rng5345,A
seed7014,344,rng5346,B
seed7014,345,rng5347,A
seed7014,346,rng5348,B
seed7014,347,rng5349,A
seed7014,348,rng5350,B
seed7014,349,rng5351,A
seed7014,350,rng5352,B
seed7014,351,rng5353,A
seed7014,352,rng5354,B
seed7014,353,rng5355,A
seed7014,354,rng5356,B
seed7014,355,rng5357,A
seed7014,356,rng5358,B
seed7014,357,rng5359,A
seed7014,358,rng5360,B
seed7014,359,rng5361,A
seed7014,360,rng5362,B
seed7014,361,rng5363,A
seed7014,362,rng5364,B
seed7014,363,rng5365,A
seed7014,364,rng5366,B
seed7014,365,rng5367,A
seed7014,366,rng5368,B
seed7014,367,rng5369,A
seed7014,368,rng5370,B
seed7014,369,rng5371,A
seed7014,370,rng5372,B
seed7014,371,rng5373,A
seed7014,372,rng5374,B
seed7014,373,rng5375,A
seed7014,374,rng5376,B
seed7014,375,rng5377,A
seed7014,376,rng5378,B
seed7014,377,rng5379,A
seed7014,378,rng5380,B
seed7014,379,rng5381,A
seed7014,380,rng5382,B
seed7014,381,rng5383,A
seed7014,382,rng5384,B
seed7014,383,rng5385,A
seed7014,384,rng5386,B
seed7014,385,rng5387,A
seed7014,386,rng5388,B
seed7014,387,rng5389,A
seed7014,388,rng5390,B
seed7014,389,rng5391,A
seed7014,390,rng5392,B
seed7014,391,rng5393,A
seed7014,392,rng5394,B
seed7014,393,rng5395,A
seed7014,394,rng5396,B
seed7014,395,rng5397,A
seed7014,396,rng5398,B
seed7014,397,rng5399,A
seed7014,398,rng5400,B
seed7014,399,rng5401,A
seed7014,400,rng5402,B
seed7014,401,rng5403,A
seed7014,402,rng5404,B
seed7014,403,rng5405,A
seed7014,404,rng5406,B
seed7014,405,rng5407,A
seed7014,406,rng5408,B
seed7014,407,rng5409,A
seed7014,408,rng5410,B
seed7014,409,rng5411,A
seed7014,410,rng5412,B
seed7014,411,rng5413,A
seed7014,412,rng5414,B
seed7014,413,rng5415,A
seed7014,414,rng5416,B
seed7014,415,rng5417,A
seed7014,416,rng5418,B
seed7014,417,rng5419,A
seed7014,418,rng5420,B
seed7014,419,rng5421,A
seed7014,420,rng5422,B
seed7014,421,rng5423,A
seed7014,422,rng5424,B
seed7014,423,rng5425,A
seed7014,424,rng5426,B
seed7014,425,rng5427,A
seed7014,426,rng5428,B
seed7014,427,rng5429,A
seed7014,428,rng5430,B
seed7014,429,rng5431,A
seed7014,430,rng5432,B
seed7014,431,rng5433,A
seed7014,432,rng5434,B
seed7014,433,rng5435,A
seed7014,434,rng5436,B
seed7014,435,rng5437,A
seed7014,436,rng5438,B
seed7014,437,rng5439,A
seed7014,438,rng5440,B
seed7014,439,rng5441,A
seed7014,440,rng5442,B
seed7014,441,rng5443,A
seed7014,442,rng5444,B
seed7014,443,rng5445,A
seed7014,444,rng5446,B
seed7014,445,rng5447,A
seed7014,446,rng5448,B
seed7014,447,rng5449,A
seed7014,448,rng5450,B
seed7014,449,rng5451,A
seed7014,450,rng5452,B
seed7014,451,rng5453,A
seed7014,452,rng5454,B
seed7014,453,rng5455,A
seed7014,454,rng5456,B
seed7014,455,rng5457,A
seed7014,456,rng5458,B
seed7014,457,rng5459,A
seed7014,458,rng5460,B
seed7014,459,rng5461,A
seed7014,460,rng5462,B
seed7014,461,rng5463,A
seed7014,462,rng5464,B
seed7014,463,rng5465,A
seed7014,464,rng5466,B
seed7014,465,rng5467,A
seed7014,466,rng5468,B
seed7014,467,rng5469,A
seed7014,468,rng5470,B
seed7014,469,rng5471,A
seed7014,470,rng5472,B
seed7014,471,rng5473,A
seed7014,472,rng5474,B
seed7014,473,rng5475,A
seed7014,474,rng5476,B
seed7014,475,rng5477,A
seed7014,476,rng5478,B
seed7014,477,rng5479,A
seed7014,478,rng5480,B
seed7014,479,rng5481,A
seed7014,480,rng5482,B
seed7014,481,rng5483,A
seed7014,482,rng5484,B
seed7014,483,rng5485,A
seed7014,484,rng5486,B
seed7014,485,rng5487,A
seed7014,486,rng5488,B
seed7014,487,rng5489,A
seed7014,488,rng5490,B
seed7014,489,rng5491,A
seed7014,490,rng5492,B
seed7014,491,rng5493,A
seed7014,492,rng5494,B
seed7014,493,rng5495,A
seed7014,494,rng5496,B
seed7014,495,rng5497,A
seed7014,496,rng5498,B
seed7014,497,rng5499,A
seed7014,498,rng5500,B
seed7014,499,rng5501,A
seed7014,500,rng5502,B
seed7014,501,rng5503,A
seed7014,502,rng5504,B
seed7014,503,rng5505,A
seed7014,504,rng5506,B
seed7014,505,rng5507,A
seed7014,506,rng5508,B
seed7014,507,rng5509,A
seed7014,508,rng5510,B
seed7014,509,rng5511,A
seed7014,510,rng5512,B
seed7014,511,rng5513,A
seed7014,512,rng5514,B
seed7014,513,rng5515,A
seed7014,514,rng5516,B
seed7014,515,rng5517,A
seed7014,516,rng5518,B
seed7014,517,rng5519,A
seed7014,518,rng5520,B
seed7014,519,rng5521,A
seed7014,520,rng5522,B
seed7014,521,rng5523,A
seed7014,522,rng5524,B
seed7014,523,rng5525,A
seed7014,524,rng5526,B
seed7014,525,rng5527,A
seed7014,526,rng5528,B
seed7014,527,rng5529,A
seed7014,528,rng5530,B
seed7014,529,rng5531,A
seed7014,530,rng5532,B
seed7014,531,rng5533,A
seed7014,532,rng5534,B
seed7014,533,rng5535,A
seed7014,534,rng5536,B
seed7014,535,rng5537,A
seed7014,536,rng5538,B
seed7014,537,rng5539,A
seed7014,538,rng5540,B
seed7014,539,rng5541,A
seed7014,540,rng5542,B
seed7014,541,rng5543,A
seed7014,542,rng5544,B
seed7014,543,rng5545,A
seed7014,544,rng5546,B
seed7014,545,rng5547,A
seed7014,546,rng5548,B
seed7014,547,rng5549,A
seed7014,548,rng5550,B
seed7014,549,rng5551,A
seed7014,550,rng5552,B
seed7014,551,rng5553,A
seed7014,552,rng5554,B
seed7014,553,rng5555,A
seed7014,554,rng5556,B
seed7014,555,rng5557,A
seed7014,556,rng5558,B
seed7014,557,rng5559,A
seed7014,558,rng5560,B
seed7014,559,rng5561,A
seed7014,560,rng5562,B
seed7014,561,rng5563,A
seed7014,562,rng5564,B
seed7014,563,rng5565,A
seed7014,564,rng5566,B
seed7014,565,rng5567,A
seed7014,566,rng5568,B
seed7014,567,rng5569,A
seed7014,568,rng5570,B
seed7014,569,rng5571,A
seed7014,570,rng5572,B
seed7014,571,rng5573,A
seed7014,572,rng5574,B
seed7014,573,rng5575,A
seed7014,574,rng5576,B
seed7014,575,rng5577,A
seed7014,576,rng5578,B
seed7014,577,rng5579,A
seed7014,578,rng5580,B
seed7014,579,rng5581,A
seed7014,580,rng5582,B
seed7014,581,rng5583,A
seed7014,582,rng5584,B
seed7014,583,rng5585,A
seed7014,584,rng5586,B
seed7014,585,rng5587,A
seed7014,586,rng5588,B
seed7014,587,rng5589,A
seed7014,588,rng5590,B
seed7014,589,rng5591,A
seed7014,590,rng5592,B
seed7014,591,rng5593,A
seed7014,592,rng5594,B
seed7014,593,rng5595,A
seed7014,594,rng5596,B
seed7014,595,rng5597,A
seed7014,596,rng5598,B
seed7014,597,rng5599,A
seed7014,598,rng5600,B
seed7014,599,rng5601,A
seed7014,600,rng5602,B
seed7014,601,rng5603,A
seed7014,602,rng5604,B
seed7014,603,rng5605,A
seed7014,604,rng5606,B
seed7014,605,rng5607,A
seed7014,606,rng5608,B
seed7014,607,rng5609,A
seed7014,608,rng5610,B
seed7014,609,rng5611,A
seed7014,610,rng5612,B
seed7014,611,rng5613,A
seed7014,612,rng5614,B
seed7014,613,rng5615,A
seed7014,614,rng5616,B
seed7014,615,rng5617,A
seed7014,616,rng5618,B
seed7014,617,rng5619,A
seed7014,618,rng5620,B
seed7014,619,rng5621,A
seed7014,620,rng5622,B
seed7014,621,rng5623,A
seed7014,622,rng5624,B
seed7014,623,rng5625,A
seed7014,624,rng5626,B
seed7014,625,rng5627,A
seed7014,626,rng5628,B
seed7014,627,rng5629,A
seed7014,628,rng5630,B
seed7014,629,rng5631,A
seed7014,630,rng5632,B
seed7014,631,rng5633,A
seed7014,632,rng5634,B
seed7014,633,rng5635,A
seed7014,634,rng5636,B
seed7014,635,rng5637,A
seed7014,636,rng5638,B
seed7014,637,rng5639,A
seed7014,638,rng5640,B
seed7014,639,rng5641,A
seed7014,640,rng5642,B
seed7014,641,rng5643,A
seed7014,642,rng5644,B
seed7014,643,rng5645,A
seed7014,644,rng5646,B
seed7014,645,rng5647,A
seed7014,646,rng5648,B
seed7014,647,rng5649,A
seed7014,648,rng5650,B
seed7014,649,rng5651,A
seed7014,650,rng5652,B
seed7014,651,rng5653,A
seed7014,652,rng5654,B
seed7014,653,rng5655,A
seed7014,654,rng5656,B
seed7014,655,rng5657,A
seed7014,656,rng5658,B
seed7014,657,rng5659,A
seed7014,658,rng5660,B
seed7014,659,rng5661,A
seed7014,660,rng5662,B
seed7014,661,rng5663,A
seed7014,662,rng5664,B
seed7014,663,rng5665,A
seed7014,664,rng5666,B
seed7014,665,rng5667,A
seed7014,666,rng5668,B
seed7014,667,rng5669,A
seed7014,668,rng5670,B
seed7014,669,rng5671,A
seed7014,670,rng5672,B
seed7014,671,rng5673,A
seed7014,672,rng5674,B
seed7014,673,rng5675,A
seed7014,674,rng5676,B
seed7014,675,rng5677,A
seed7014,676,rng5678,B
seed7014,677,rng5679,A
seed7014,678,rng5680,B
seed7014,679,rng5681,A
seed7014,680,rng5682,B
seed7014,681,rng5683,A
seed7014,682,rng5684,B
seed7014,683,rng5685,A
seed7014,684,rng5686,B
seed7014,685,rng5687,A
seed7014,686,rng5688,B
seed7014,687,rng5689,A
seed7014,688,rng5690,B
seed7014,689,rng5691,A
seed7014,690,rng5692,B
seed7014,691,rng5693,A
seed7014,692,rng5694,B
seed7014,693,rng5695,A
seed7014,694,rng5696,B
seed7014,695,rng5697,A
seed7014,696,rng5698,B
seed7014,697,rng5699,A
seed7014,698,rng5700,B
seed7014,699,rng5701,A
seed7014,700,rng5702,B
seed7014,701,rng5703,A
seed7014,702,rng5704,B
seed7014,703,rng5705,A
seed7014,704,rng5706,B
seed7014,705,rng5707,A
seed7014,706,rng5708,B
seed7014,707,rng5709,A
seed7014,708,rng5710,B
seed7014,709,rng5711,A
seed7014,710,rng5712,B
seed7014,711,rng5713,A
seed7014,712,rng5714,B
seed7014,713,rng5715,A
seed7014,714,rng5716,B
seed7014,715,rng5717,A
seed7014,716,rng5718,B
seed7014,717,rng5719,A
seed7014,718,rng5720,B
seed7014,719,rng5721,A
seed7014,720,rng5722,B
seed7014,721,rng5723,A
seed7014,722,rng5724,B
seed7014,723,rng5725,A
seed7014,724,rng5726,B
seed7014,725,rng5727,A
seed7014,726,rng5728,B
seed7014,727,rng5729,A
seed7014,728,rng5730,B
seed7014,729,rng5731,A
seed7014,730,rng5732,B
seed7014,731,rng5733,A
seed7014,732,rng5734,B
seed7014,733,rng5735,A
seed7014,734,rng5736,B
seed7014,735,rng5737,A
seed7014,736,rng5738,B
seed7014,737,rng5739,A
seed7014,738,rng5740,B
seed7014,739,rng5741,A
seed7014,740,rng5742,B
seed7014,741,rng5743,A
seed7014,742,rng5744,B
seed7014,743,rng5745,A
seed7014,744,rng5746,B
seed7014,745,rng5747,A
seed7014,746,rng5748,B
seed7014,747,rng5749,A
seed7014,748,rng5750,B
seed7014,749,rng5751,A
seed7014,750,rng5752,B
seed7014,751,rng5753,A
seed7014,752,rng5754,B
seed7014,753,rng5755,A
seed7014,754,rng5756,B
seed7014,755,rng5757,A
seed7014,756,rng5758,B
seed7014,757,rng5759,A
seed7014,758,rng5760,B
seed7014,759,rng5761,A
seed7014,760,rng5762,B
seed7014,761,rng5763,A
seed7014,762,rng5764,B
seed7014,763,rng5765,A
seed7014,764,rng5766,B
seed7014,765,rng5767,A
seed7014,766,rng5768,B
seed7014,767,rng5769,A
seed7014,768,rng5770,B
seed7014,769,rng5771,A
seed7014,770,rng5772,B
seed7014,771,rng5773,A
seed7014,772,rng5774,B
seed7014,773,rng5775,A
seed7014,774,rng5776,B
seed7014,775,rng5777,A
seed7014,776,rng5778,B
seed7014,777,rng5779,A
seed7014,778,rng5780,B
seed7014,779,rng5781,A
seed7014,780,rng5782,B
seed7014,781,rng5783,A
seed7014,782,rng5784,B
seed7014,783,rng5785,A
seed7014,784,rng5786,B
seed7014,785,rng5787,A
seed7014,786,rng5788,B
seed7014,787,rng5789,A
seed7014,788,rng5790,B
seed7014,789,rng5791,A
seed7014,790,rng5792,B
seed7014,791,rng5793,A
seed7014,792,rng5794,B
seed7014,793,rng5795,A
seed7014,794,rng5796,B
seed7014,795,rng5797,A
seed7014,796,rng5798,B
seed7014,797,rng5799,A
seed7014,798,rng5800,B
seed7014,799,rng5801,A
seed7014,800,rng5802,B
seed7014,801,rng5803,A
seed7014,802,rng5804,B
seed7014,803,rng5805,A
seed7014,804,rng5806,B
seed7014,805,rng5807,A
seed7014,806,rng5808,B
seed7014,807,rng5809,A
seed7014,808,rng5810,B
seed7014,809,rng5811,A
seed7014,810,rng5812,B
seed7014,811,rng5813,A
seed7014,812,rng5814,B
seed7014,813,rng5815,A
seed7014,814,rng5816,B
seed7014,815,rng5817,A
seed7014,816,rng5818,B
seed7014,817,rng5819,A
seed7014,818,rng5820,B
seed7014,819,rng5821,A
seed7014,820,rng5822,B
seed7014,821,rng5823,A
seed7014,822,rng5824,B
seed7014,823,rng5825,A
seed7014,824,rng5826,B
seed7014,825,rng5827,A
seed7014,826,rng5828,B
seed7014,827,rng5829,A
seed7014,828,rng5830,B
seed7014,829,rng5831,A
seed7014,830,rng5832,B
seed7014,831,rng5833,A
seed7014,832,rng5834,B
seed7014,833,rng5835,A
seed7014,834,rng5836,B
seed7014,835,rng5837,A
seed7014,836,rng5838,B
seed7014,837,rng5839,A
seed7014,838,rng5840,B
seed7014,839,rng5841,A
seed7014,840,rng5842,B
seed7014,841,rng5843,A
seed7014,842,rng5844,B
seed7014,843,rng5845,A
seed7014,844,rng5846,B
seed7014,845,rng5847,A
seed7014,846,rng5848,B
seed7014,847,rng5849,A
seed7014,848,rng5850,B
seed7014,849,rng5851,A
seed7014,850,rng5852,B
seed7014,851,rng5853,A
seed7014,852,rng5854,B
seed7014,853,rng5855,A
seed7014,854,rng5856,B
seed7014,855,rng5857,A
seed7014,856,rng5858,B
seed7014,857,rng5859,A
seed7014,858,rng5860,B
seed7014,859,rng5861,A
seed7014,860,rng5862,B
seed7014,861,rng5863,A
seed7014,862,rng5864,B
seed7014,863,rng5865,A
seed7014,864,rng5866,B
seed7014,865,rng5867,A
seed7014,866,rng5868,B
seed7014,867,rng5869,A
seed7014,868,rng5870,B
seed7014,869,rng5871,A
seed7014,870,rng5872,B
seed7014,871,rng5873,A
seed7014,872,rng5874,B
seed7014,873,rng5875,A
seed7014,874,rng5876,B
seed7014,875,rng5877,A
seed7014,876,rng5878,B
seed7014,877,rng5879,A
seed7014,878,rng5880,B
seed7014,879,rng5881,A
seed7014,880,rng5882,B
seed7014,881,rng5883,A
seed7014,882,rng5884,B
seed7014,883,rng5885,A
seed7014,884,rng5886,B
seed7014,885,rng5887,A
seed7014,886,rng5888,B
seed7014,887,rng5889,A
seed7014,888,rng5890,B
seed7014,889,rng5891,A
seed7014,890,rng5892,B
seed7014,891,rng5893,A
seed7014,892,rng5894,B
seed7014,893,rng5895,A
seed7014,894,rng5896,B
seed7014,895,rng5897,A
seed7014,896,rng5898,B
seed7014,897,rng5899,A
seed7014,898,rng5900,B
seed7014,899,rng5901,A
seed7014,900,rng5902,B
seed7014,901,rng5903,A
seed7014,902,rng5904,B
seed7014,903,rng5905,A
seed7014,904,rng5906,B
seed7014,905,rng5907,A
seed7014,906,rng5908,B
seed7014,907,rng5909,A
seed7014,908,rng5910,B
seed7014,909,rng5911,A
seed7014,910,rng5912,B
seed7014,911,rng5913,A
seed7014,912,rng5914,B
seed7014,913,rng5915,A
seed7014,914,rng5916,B
seed7014,915,rng5917,A
seed7014,916,rng5918,B
seed7014,917,rng5919,A
seed7014,918,rng5920,B
seed7014,919,rng5921,A
seed7014,920,rng5922,B
seed7014,921,rng5923,A
seed7014,922,rng5924,B
seed7014,923,rng5925,A
seed7014,924,rng5926,B
seed7014,925,rng5927,A
seed7014,926,rng5928,B
seed7014,927,rng5929,A
seed7014,928,rng5930,B
seed7014,929,rng5931,A
seed7014,930,rng5932,B
seed7014,931,rng5933,A
seed7014,932,rng5934,B
seed7014,933,rng5935,A
seed7014,934,rng5936,B
seed7014,935,rng5937,A
seed7014,936,rng5938,B
seed7014,937,rng5939,A
seed7014,938,rng5940,B
seed7014,939,rng5941,A
seed7014,940,rng5942,B
seed7014,941,rng5943,A
seed7014,942,rng5944,B
seed7014,943,rng5945,A
seed7014,944,rng5946,B
seed7014,945,rng5947,A
seed7014,946,rng5948,B
seed7014,947,rng5949,A
seed7014,948,rng5950,B
seed7014,949,rng5951,A
seed7014,950,rng5952,B
seed7014,951,rng5953,A
seed7014,952,rng5954,B
seed7014,953,rng5955,A
seed7014,954,rng5956,B
seed7014,955,rng5957,A
seed7014,956,rng5958,B
seed7014,957,rng5959,A
seed7014,958,rng5960,B
seed7014,959,rng5961,A
seed7014,960,rng5962,B
seed7014,961,rng5963,A
seed7014,962,rng5964,B
seed7014,963,rng5965,A
seed7014,964,rng5966,B
seed7014,965,rng5967,A
seed7014,966,rng5968,B
seed7014,967,rng5969,A
seed7014,968,rng5970,B
seed7014,969,rng5971,A
seed7014,970,rng5972,B
seed7014,971,rng5973,A
seed7014,972,rng5974,B
seed7014,973,rng5975,A
seed7014,974,rng5976,B
seed7014,975,rng5977,A
seed7014,976,rng5978,B
seed7014,977,rng5979,A
seed7014,978,rng5980,B
seed7014,979,rng5981,A
seed7014,980,rng5982,B
seed7014,981,rng5983,A
seed7014,982,rng5984,B
seed7014,983,rng5985,A
seed7014,984,rng5986,B
seed7014,985,rng5987,A
seed7014,986,rng5988,B
seed7014,987,rng5989,A
seed7014,988,rng5990,B
seed7014,989,rng5991,A
seed7014,990,rng5992,B
seed7014,991,rng5993,A
seed7014,992,rng5994,B
seed7014,993,rng5995,A
seed7014,994,rng5996,B
seed7014,995,rng5997,A
seed7014,996,rng5998,B
seed7014,997,rng5999,A
seed7014,998,rng6000,B
seed7014,999,rng6001,A
seed7022,0,rng5001,reserved
seed7022,1,rng5002,A
seed7022,2,rng5003,B
seed7022,3,rng5004,A
seed7022,4,rng5005,B
seed7022,5,rng5006,A
seed7022,6,rng5007,B
seed7022,7,rng5008,A
seed7022,8,rng5009,B
seed7022,9,rng5010,A
seed7022,10,rng5011,B
seed7022,11,rng5012,A
seed7022,12,rng5013,B
seed7022,13,rng5014,A
seed7022,14,rng5015,B
seed7022,15,rng5016,A
seed7022,16,rng5017,B
seed7022,17,rng5018,A
seed7022,18,rng5019,B
seed7022,19,rng5020,A
seed7022,20,rng5021,B
seed7022,21,rng5022,A
seed7022,22,rng5023,B
seed7022,23,rng5024,A
seed7022,24,rng5025,B
seed7022,25,rng5026,A
seed7022,26,rng5027,B
seed7022,27,rng5028,A
seed7022,28,rng5029,B
seed7022,29,rng5030,A
seed7022,30,rng5031,B
seed7022,31,rng5032,A
seed7022,32,rng5033,B
seed7022,33,rng5034,A
seed7022,34,rng5035,B
seed7022,35,rng5036,A
seed7022,36,rng5037,B
seed7022,37,rng5038,A
seed7022,38,rng5039,B
seed7022,39,rng5040,A
seed7022,40,rng5041,B
seed7022,41,rng5042,A
seed7022,42,rng5043,B
seed7022,43,rng5044,A
seed7022,44,rng5045,B
seed7022,45,rng5046,A
seed7022,46,rng5047,B
seed7022,47,rng5048,A
seed7022,48,rng5049,B
seed7022,49,rng5050,A
seed7022,50,rng5051,B
seed7022,51,rng5052,A
seed7022,52,rng5053,B
seed7022,53,rng5054,A
seed7022,54,rng5055,B
seed7022,55,rng5056,A
seed7022,56,rng5057,B
seed7022,57,rng5058,A
seed7022,58,rng5059,B
seed7022,59,rng5060,A
seed7022,60,rng5061,B
seed7022,61,rng5062,A
seed7022,62,rng5063,B
seed7022,63,rng5064,A
seed7022,64,rng5065,B
seed7022,65,rng5066,A
seed7022,66,rng5067,B
seed7022,67,rng5068,A
seed7022,68,rng5069,B
seed7022,69,rng5070,A
seed7022,70,rng5071,B
seed7022,71,rng5072,A
seed7022,72,rng5073,B
seed7022,73,rng5074,A
seed7022,74,rng5075,B
seed7022,75,rng5076,A
seed7022,76,rng5077,B
seed7022,77,rng5078,A
seed7022,78,rng5079,B
seed7022,79,rng5080,A
seed7022,80,rng5081,B
seed7022,81,rng5082,A
seed7022,82,rng5083,B
seed7022,83,rng5084,A
seed7022,84,rng5085,B
seed7022,85,rng5086,A
seed7022,86,rng5087,B
seed7022,87,rng5088,A
seed7022,88,rng5089,B
seed7022,89,rng5090,A
seed7022,90,rng5091,B
seed7022,91,rng5092,A
seed7022,92,rng5093,B
seed7022,93,rng5094,A
seed7022,94,rng5095,B
seed7022,95,rng5096,A
seed7022,96,rng5097,B
seed7022,97,rng5098,A
seed7022,98,rng5099,B
seed7022,99,rng5100,A
seed7022,100,rng5101,B
seed7022,101,rng5102,A
seed7022,102,rng5103,B
seed7022,103,rng5104,A
seed7022,104,rng5105,B
seed7022,105,rng5106,A
seed7022,106,rng5107,B
seed7022,107,rng5108,A
seed7022,108,rng5109,B
seed7022,109,rng5110,A
seed7022,110,rng5111,B
seed7022,111,rng5112,A
seed7022,112,rng5113,B
seed7022,113,rng5114,A
seed7022,114,rng5115,B
seed7022,115,rng5116,A
seed7022,116,rng5117,B
seed7022,117,rng5118,A
seed7022,118,rng5119,B
seed7022,119,rng5120,A
seed7022,120,rng5121,B
seed7022,121,rng5122,A
seed7022,122,rng5123,B
seed7022,123,rng5124,A
seed7022,124,rng5125,B
seed7022,125,rng5126,A
seed7022,126,rng5127,B
seed7022,127,rng5128,A
seed7022,128,rng5129,B
seed7022,129,rng5130,A
seed7022,130,rng5131,B
seed7022,131,rng5132,A
seed7022,132,rng5133,B
seed7022,133,rng5134,A
seed7022,134,rng5135,B
seed7022,135,rng5136,A
seed7022,136,rng5137,B
seed7022,137,rng5138,A
seed7022,138,rng5139,B
seed7022,139,rng5140,A
seed7022,140,rng5141,B
seed7022,141,rng5142,A
seed7022,142,rng5143,B
seed7022,143,rng5144,A
seed7022,144,rng5145,B
seed7022,145,rng5146,A
seed7022,146,rng5147,B
seed7022,147,rng5148,A
seed7022,148,rng5149,B
seed7022,149,rng5150,A
seed7022,150,rng5151,B
seed7022,151,rng5152,A
seed7022,152,rng5153,B
seed7022,153,rng5154,A
seed7022,154,rng5155,B
seed7022,155,rng5156,A
seed7022,156,rng5157,B
seed7022,157,rng5158,A
seed7022,158,rng5159,B
seed7022,159,rng5160,A
seed7022,160,rng5161,B
seed7022,161,rng5162,A
seed7022,162,rng5163,B
seed7022,163,rng5164,A
seed7022,164,rng5165,B
seed7022,165,rng5166,A
seed7022,166,rng5167,B
seed7022,167,rng5168,A
seed7022,168,rng5169,B
seed7022,169,rng5170,A
seed7022,170,rng5171,B
seed7022,171,rng5172,A
seed7022,172,rng5173,B
seed7022,173,rng5174,A
seed7022,174,rng5175,B
seed7022,175,rng5176,A
seed7022,176,rng5177,B
seed7022,177,rng5178,A
seed7022,178,rng5179,B
seed7022,179,rng5180,A
seed7022,180,rng5181,B
seed7022,181,rng5182,A
seed7022,182,rng5183,B
seed7022,183,rng5184,A
seed7022,184,rng5185,B
seed7022,185,rng5186,A
seed7022,186,rng5187,B
seed7022,187,rng5188,A
seed7022,188,rng5189,B
seed7022,189,rng5190,A
seed7022,190,rng5191,B
seed7022,191,rng5192,A
seed7022,192,rng5193,B
seed7022,193,rng5194,A
seed7022,194,rng5195,B
seed7022,195,rng5196,A
seed7022,196,rng5197,B
seed7022,197,rng5198,A
seed7022,198,rng5199,B
seed7022,199,rng5200,A
seed7022,200,rng5201,B
seed7022,201,rng5202,A
seed7022,202,rng5203,B
seed7022,203,rng5204,A
seed7022,204,rng5205,B
seed7022,205,rng5206,A
seed7022,206,rng5207,B
seed7022,207,rng5208,A
seed7022,208,rng5209,B
seed7022,209,rng5210,A
seed7022,210,rng5211,B
seed7022,211,rng5212,A
seed7022,212,rng5213,B
seed7022,213,rng5214,A
seed7022,214,rng5215,B
seed7022,215,rng5216,A
seed7022,216,rng5217,B
seed7022,217,rng5218,A
seed7022,218,rng5219,B
seed7022,219,rng5220,A
seed7022,220,rng5221,B
seed7022,221,rng5222,A
seed7022,222,rng5223,B
seed7022,223,rng5224,A
seed7022,224,rng5225,B
seed7022,225,rng5226,A
seed7022,226,rng5227,B
seed7022,227,rng5228,A
seed7022,228,rng5229,B
seed7022,229,rng5230,A
seed7022,230,rng5231,B
seed7022,231,rng5232,A
seed7022,232,rng5233,B
seed7022,233,rng5234,A
seed7022,234,rng5235,B
seed7022,235,rng5236,A
seed7022,236,rng5237,B
seed7022,237,rng5238,A
seed7022,238,rng5239,B
seed7022,239,rng5240,A
seed7022,240,rng5241,B
seed7022,241,rng5242,A
seed7022,242,rng5243,B
seed7022,243,rng5244,A
seed7022,244,rng5245,B
seed7022,245,rng5246,A
seed7022,246,rng5247,B
seed7022,247,rng5248,A
seed7022,248,rng5249,B
seed7022,249,rng5250,A
seed7022,250,rng5251,B
seed7022,251,rng5252,A
seed7022,252,rng5253,B
seed7022,253,rng5254,A
seed7022,254,rng5255,B
seed7022,255,rng5256,A
seed7022,256,rng5257,B
seed7022,257,rng5258,A
seed7022,258,rng5259,B
seed7022,259,rng5260,A
seed7022,260,rng5261,B
seed7022,261,rng5262,A
seed7022,262,rng5263,B
seed7022,263,rng5264,A
seed7022,264,rng5265,B
seed7022,265,rng5266,A
seed7022,266,rng5267,B
seed7022,267,rng5268,A
seed7022,268,rng5269,B
seed7022,269,rng5270,A
seed7022,270,rng5271,B
seed7022,271,rng5272,A
seed7022,272,rng5273,B
seed7022,273,rng5274,A
seed7022,274,rng5275,B
seed7022,275,rng5276,A
seed7022,276,rng5277,B
seed7022,277,rng5278,A
seed7022,278,rng5279,B
seed7022,279,rng5280,A
seed7022,280,rng5281,B
seed7022,281,rng5282,A
seed7022,282,rng5283,B
seed7022,283,rng5284,A
seed7022,284,rng5285,B
seed7022,285,rng5286,A
seed7022,286,rng5287,B
seed7022,287,rng5288,A
seed7022,288,rng5289,B
seed7022,289,rng5290,A
seed7022,290,rng5291,B
seed7022,291,rng5292,A
seed7022,292,rng5293,B
seed7022,293,rng5294,A
seed7022,294,rng5295,B
seed7022,295,rng5296,A
seed7022,296,rng5297,B
seed7022,297,rng5298,A
seed7022,298,rng5299,B
seed7022,299,rng5300,A
seed7022,300,rng5301,B
seed7022,301,rng5302,A
seed7022,302,rng5303,B
seed7022,303,rng5304,A
seed7022,304,rng5305,B
seed7022,305,rng5306,A
seed7022,306,rng5307,B
seed7022,307,rng5308,A
seed7022,308,rng5309,B
seed7022,309,rng5310,A
seed7022,310,rng5311,B
seed7022,311,rng5312,A
seed7022,312,rng5313,B
seed7022,313,rng5314,A
seed7022,314,rng5315,B
seed7022,315,rng5316,A
seed7022,316,rng5317,B
seed7022,317,rng5318,A
seed7022,318,rng5319,B
seed7022,319,rng5320,A
seed7022,320,rng5321,B
seed7022,321,rng5322,A
seed7022,322,rng5323,B
seed7022,323,rng5324,A
seed7022,324,rng5325,B
seed7022,325,rng5326,A
seed7022,326,rng5327,B
seed7022,327,rng5328,A
seed7022,328,rng5329,B
seed7022,329,rng5330,A
seed7022,330,rng5331,B
seed7022,331,rng5332,A
seed7022,332,rng5333,B
seed7022,333,rng5334,A
seed7022,334,rng5335,B
seed7022,335,rng5336,A
seed7022,336,rng5337,B
seed7022,337,rng5338,A
seed7022,338,rng5339,B
seed7022,339,rng5340,A
seed7022,340,rng5341,B
seed7022,341,rng5342,A
seed7022,342,rng5343,B
seed7022,343,rng5344,A
seed7022,344,rng5345,B
seed7022,345,rng5346,A
seed7022,346,rng5347,B
seed7022,347,rng5348,A
seed7022,348,rng5349,B
seed7022,349,rng5350,A
seed7022,350,rng5351,B
seed7022,351,rng5352,A
seed7022,352,rng5353,B
seed7022,353,rng5354,A
seed7022,354,rng5355,B
seed7022,355,rng5356,A
seed7022,356,rng5357,B
seed7022,357,rng5358,A
seed7022,358,rng5359,B
seed7022,359,rng5360,A
seed7022,360,rng5361,B
seed7022,361,rng5362,A
seed7022,362,rng5363,B
seed7022,363,rng5364,A
seed7022,364,rng5365,B
seed7022,365,rng5366,A
seed7022,366,rng5367,B
seed7022,367,rng5368,A
seed7022,368,rng5369,B
seed7022,369,rng5370,A
seed7022,370,rng5371,B
seed7022,371,rng5372,A
seed7022,372,rng5373,B
seed7022,373,rng5374,A
seed7022,374,rng5375,B
seed7022,375,rng5376,A
seed7022,376,rng5377,B
seed7022,377,rng5378,A
seed7022,378,rng5379,B
seed7022,379,rng5380,A
seed7022,380,rng5381,B
seed7022,381,rng5382,A
seed7022,382,rng5383,B
seed7022,383,rng5384,A
seed7022,384,rng5385,B
seed7022,385,rng5386,A
seed7022,386,rng5387,B
seed7022,387,rng5388,A
seed7022,388,rng5389,B
seed7022,389,rng5390,A
seed7022,390,rng5391,B
seed7022,391,rng5392,A
seed7022,392,rng5393,B
seed7022,393,rng5394,A
seed7022,394,rng5395,B
seed7022,395,rng5396,A
seed7022,396,rng5397,B
seed7022,397,rng5398,A
seed7022,398,rng5399,B
seed7022,399,rng5400,A
seed7022,400,rng5401,B
seed7022,401,rng5402,A
seed7022,402,rng5403,B
seed7022,403,rng5404,A
seed7022,404,rng5405,B
seed7022,405,rng5406,A
seed7022,406,rng5407,B
seed7022,407,rng5408,A
seed7022,408,rng5409,B
seed7022,409,rng5410,A
seed7022,410,rng5411,B
seed7022,411,rng5412,A
seed7022,412,rng5413,B
seed7022,413,rng5414,A
seed7022,414,rng5415,B
seed7022,415,rng5416,A
seed7022,416,rng5417,B
seed7022,417,rng5418,A
seed7022,418,rng5419,B
seed7022,419,rng5420,A
seed7022,420,rng5421,B
seed7022,421,rng5422,A
seed7022,422,rng5423,B
seed7022,423,rng5424,A
seed7022,424,rng5425,B
seed7022,425,rng5426,A
seed7022,426,rng5427,B
seed7022,427,rng5428,A
seed7022,428,rng5429,B
seed7022,429,rng5430,A
seed7022,430,rng5431,B
seed7022,431,rng5432,A
seed7022,432,rng5433,B
seed7022,433,rng5434,A
seed7022,434,rng5435,B
seed7022,435,rng5436,A
seed7022,436,rng5437,B
seed7022,437,rng5438,A
seed7022,438,rng5439,B
seed7022,439,rng5440,A
seed7022,440,rng5441,B
seed7022,441,rng5442,A
seed7022,442,rng5443,B
seed7022,443,rng5444,A
seed7022,444,rng5445,B
seed7022,445,rng5446,A
seed7022,446,rng5447,B
seed7022,447,rng5448,A
seed7022,448,rng5449,B
seed7022,449,rng5450,A
seed7022,450,rng5451,B
seed7022,451,rng5452,A
seed7022,452,rng5453,B
seed7022,453,rng5454,A
seed7022,454,rng5455,B
seed7022,455,rng5456,A
seed7022,456,rng5457,B
seed7022,457,rng5458,A
seed7022,458,rng5459,B
seed7022,459,rng5460,A
seed7022,460,rng5461,B
seed7022,461,rng5462,A
seed7022,462,rng5463,B
seed7022,463,rng5464,A
seed7022,464,rng5465,B
seed7022,465,rng5466,A
seed7022,466,rng5467,B
seed7022,467,rng5468,A
seed7022,468,rng5469,B
seed7022,469,rng5470,A
seed7022,470,rng5471,B
seed7022,471,rng5472,A
seed7022,472,rng5473,B
seed7022,473,rng5474,A
seed7022,474,rng5475,B
seed7022,475,rng5476,A
seed7022,476,rng5477,B
seed7022,477,rng5478,A
seed7022,478,rng5479,B
seed7022,479,rng5480,A
seed7022,480,rng5481,B
seed7022,481,rng5482,A
seed7022,482,rng5483,B
seed7022,483,rng5484,A
seed7022,484,rng5485,B
seed7022,485,rng5486,A
seed7022,486,rng5487,B
seed7022,487,rng5488,A
seed7022,488,rng5489,B
seed7022,489,rng5490,A
seed7022,490,rng5491,B
seed7022,491,rng5492,A
seed7022,492,rng5493,B
seed7022,493,rng5494,A
seed7022,494,rng5495,B
seed7022,495,rng5496,A
seed7022,496,rng5497,B
seed7022,497,rng5498,A
seed7022,498,rng5499,B
seed7022,499,rng5500,A
seed7022,500,rng5501,B
seed7022,501,rng5502,A
seed7022,502,rng5503,B
seed7022,503,rng5504,A
seed7022,504,rng5505,B
seed7022,505,rng5506,A
seed7022,506,rng5507,B
seed7022,507,rng5508,A
seed7022,508,rng5509,B
seed7022,509,rng5510,A
seed7022,510,rng5511,B
seed7022,511,rng5512,A
seed7022,512,rng5513,B
seed7022,513,rng5514,A
seed7022,514,rng5515,B
seed7022,515,rng5516,A
seed7022,516,rng5517,B
seed7022,517,rng5518,A
seed7022,518,rng5519,B
seed7022,519,rng5520,A
seed7022,520,rng5521,B
seed7022,521,rng5522,A
seed7022,522,rng5523,B
seed7022,523,rng5524,A
seed7022,524,rng5525,B
seed7022,525,rng5526,A
seed7022,526,rng5527,B
seed7022,527,rng5528,A
seed7022,528,rng5529,B
seed7022,529,rng5530,A
seed7022,530,rng5531,B
seed7022,531,rng5532,A
seed7022,532,rng5533,B
seed7022,533,rng5534,A
seed7022,534,rng5535,B
seed7022,535,rng5536,A
seed7022,536,rng5537,B
seed7022,537,rng5538,A
seed7022,538,rng5539,B
seed7022,539,rng5540,A
seed7022,540,rng5541,B
seed7022,541,rng5542,A
seed7022,542,rng5543,B
seed7022,543,rng5544,A
seed7022,544,rng5545,B
seed7022,545,rng5546,A
seed7022,546,rng5547,B
seed7022,547,rng5548,A
seed7022,548,rng5549,B
seed7022,549,rng5550,A
seed7022,550,rng5551,B
seed7022,551,rng5552,A
seed7022,552,rng5553,B
seed7022,553,rng5554,A
seed7022,554,rng5555,B
seed7022,555,rng5556,A
seed7022,556,rng5557,B
seed7022,557,rng5558,A
seed7022,558,rng5559,B
seed7022,559,rng5560,A
seed7022,560,rng5561,B
seed7022,561,rng5562,A
seed7022,562,rng5563,B
seed7022,563,rng5564,A
seed7022,564,rng5565,B
seed7022,565,rng5566,A
seed7022,566,rng5567,B
seed7022,567,rng5568,A
seed7022,568,rng5569,B
seed7022,569,rng5570,A
seed7022,570,rng5571,B
seed7022,571,rng5572,A
seed7022,572,rng5573,B
seed7022,573,rng5574,A
seed7022,574,rng5575,B
seed7022,575,rng5576,A
seed7022,576,rng5577,B
seed7022,577,rng5578,A
seed7022,578,rng5579,B
seed7022,579,rng5580,A
seed7022,580,rng5581,B
seed7022,581,rng5582,A
seed7022,582,rng5583,B
seed7022,583,rng5584,A
seed7022,584,rng5585,B
seed7022,585,rng5586,A
seed7022,586,rng5587,B
seed7022,587,rng5588,A
seed7022,588,rng5589,B
seed7022,589,rng5590,A
seed7022,590,rng5591,B
seed7022,591,rng5592,A
seed7022,592,rng5593,B
seed7022,593,rng5594,A
seed7022,594,rng5595,B
seed7022,595,rng5596,A
seed7022,596,rng5597,B
seed7022,597,rng5598,A
seed7022,598,rng5599,B
seed7022,599,rng5600,A
seed7022,600,rng5601,B
seed7022,601,rng5602,A
seed7022,602,rng5603,B
seed7022,603,rng5604,A
seed7022,604,rng5605,B
seed7022,605,rng5606,A
seed7022,606,rng5607,B
seed7022,607,rng5608,A
seed7022,608,rng5609,B
seed7022,609,rng5610,A
seed7022,610,rng5611,B
seed7022,611,rng5612,A
seed7022,612,rng5613,B
seed7022,613,rng5614,A
seed7022,614,rng5615,B
seed7022,615,rng5616,A
seed7022,616,rng5617,B
seed7022,617,rng5618,A
seed7022,618,rng5619,B
seed7022,619,rng5620,A
seed7022,620,rng5621,B
seed7022,621,rng5622,A
seed7022,622,rng5623,B
seed7022,623,rng5624,A
seed7022,624,rng5625,B
seed7022,625,rng5626,A
seed7022,626,rng5627,B
seed7022,627,rng5628,A
seed7022,628,rng5629,B
seed7022,629,rng5630,A
seed7022,630,rng5631,B
seed7022,631,rng5632,A
seed7022,632,rng5633,B
seed7022,633,rng5634,A
seed7022,634,rng5635,B
seed7022,635,rng5636,A
seed7022,636,rng5637,B
seed7022,637,rng5638,A
seed7022,638,rng5639,B
seed7022,639,rng5640,A
seed7022,640,rng5641,B
seed7022,641,rng5642,A
seed7022,642,rng5643,B
seed7022,643,rng5644,A
seed7022,644,rng5645,B
seed7022,645,rng5646,A
seed7022,646,rng5647,B
seed7022,647,rng5648,A
seed7022,648,rng5649,B
seed7022,649,rng5650,A
seed7022,650,rng5651,B
seed7022,651,rng5652,A
seed7022,652,rng5653,B
seed7022,653,rng5654,A
seed7022,654,rng5655,B
seed7022,655,rng5656,A
seed7022,656,rng5657,B
seed7022,657,rng5658,A
seed7022,658,rng5659,B
seed7022,659,rng5660,A
seed7022,660,rng5661,B
seed7022,661,rng5662,A
seed7022,662,rng5663,B
seed7022,663,rng5664,A
seed7022,664,rng5665,B
seed7022,665,rng5666,A
seed7022,666,rng5667,B
seed7022,667,rng5668,A
seed7022,668,rng5669,B
seed7022,669,rng5670,A
seed7022,670,rng5671,B
seed7022,671,rng5672,A
seed7022,672,rng5673,B
seed7022,673,rng5674,A
seed7022,674,rng5675,B
seed7022,675,rng5676,A
seed7022,676,rng5677,B
seed7022,677,rng5678,A
seed7022,678,rng5679,B
seed7022,679,rng5680,A
seed7022,680,rng5681,B
seed7022,681,rng5682,A
seed7022,682,rng5683,B
seed7022,683,rng5684,A
seed7022,684,rng5685,B
seed7022,685,rng5686,A
seed7022,686,rng5687,B
seed7022,687,rng5688,A
seed7022,688,rng5689,B
seed7022,689,rng5690,A
seed7022,690,rng5691,B
seed7022,691,rng5692,A
seed7022,692,rng5693,B
seed7022,693,rng5694,A
seed7022,694,rng5695,B
seed7022,695,rng5696,A
seed7022,696,rng5697,B
seed7022,697,rng5698,A
seed7022,698,rng5699,B
seed7022,699,rng5700,A
seed7022,700,rng5701,B
seed7022,701,rng5702,A
seed7022,702,rng5703,B
seed7022,703,rng5704,A
seed7022,704,rng5705,B
seed7022,705,rng5706,A
seed7022,706,rng5707,B
seed7022,707,rng5708,A
seed7022,708,rng5709,B
seed7022,709,rng5710,A
seed7022,710,rng5711,B
seed7022,711,rng5712,A
seed7022,712,rng5713,B
seed7022,713,rng5714,A
seed7022,714,rng5715,B
seed7022,715,rng5716,A
seed7022,716,rng5717,B
seed7022,717,rng5718,A
seed7022,718,rng5719,B
seed7022,719,rng5720,A
seed7022,720,rng5721,B
seed7022,721,rng5722,A
seed7022,722,rng5723,B
seed7022,723,rng5724,A
seed7022,724,rng5725,B
seed7022,725,rng5726,A
seed7022,726,rng5727,B
seed7022,727,rng5728,A
seed7022,728,rng5729,B
seed7022,729,rng5730,A
seed7022,730,rng5731,B
seed7022,731,rng5732,A
seed7022,732,rng5733,B
seed7022,733,rng5734,A
seed7022,734,rng5735,B
seed7022,735,rng5736,A
seed7022,736,rng5737,B
seed7022,737,rng5738,A
seed7022,738,rng5739,B
seed7022,739,rng5740,A
seed7022,740,rng5741,B
seed7022,741,rng5742,A
seed7022,742,rng5743,B
seed7022,743,rng5744,A
seed7022,744,rng5745,B
seed7022,745,rng5746,A
seed7022,746,rng5747,B
seed7022,747,rng5748,A
seed7022,748,rng5749,B
seed7022,749,rng5750,A
seed7022,750,rng5751,B
seed7022,751,rng5752,A
seed7022,752,rng5753,B
seed7022,753,rng5754,A
seed7022,754,rng5755,B
seed7022,755,rng5756,A
seed7022,756,rng5757,B
seed7022,757,rng5758,A
seed7022,758,rng5759,B
seed7022,759,rng5760,A
seed7022,760,rng5761,B
seed7022,761,rng5762,A
seed7022,762,rng5763,B
seed7022,763,rng5764,A
seed7022,764,rng5765,B
seed7022,765,rng5766,A
seed7022,766,rng5767,B
seed7022,767,rng5768,A
seed7022,768,rng5769,B
seed7022,769,rng5770,A
seed7022,770,rng5771,B
seed7022,771,rng5772,A
seed7022,772,rng5773,B
seed7022,773,rng5774,A
seed7022,774,rng5775,B
seed7022,775,rng5776,A
seed7022,776,rng5777,B
seed7022,777,rng5778,A
seed7022,778,rng5779,B
seed7022,779,rng5780,A
seed7022,780,rng5781,B
seed7022,781,rng5782,A
seed7022,782,rng5783,B
seed7022,783,rng5784,A
seed7022,784,rng5785,B
seed7022,785,rng5786,A
seed7022,786,rng5787,B
seed7022,787,rng5788,A
seed7022,788,rng5789,B
seed7022,789,rng5790,A
seed7022,790,rng5791,B
seed7022,791,rng5792,A
seed7022,792,rng5793,B
seed7022,793,rng5794,A
seed7022,794,rng5795,B
seed7022,795,rng5796,A
seed7022,796,rng5797,B
seed7022,797,rng5798,A
seed7022,798,rng5799,B
seed7022,799,rng5800,A
seed7022,800,rng5801,B
seed7022,801,rng5802,A
seed7022,802,rng5803,B
seed7022,803,rng5804,A
seed7022,804,rng5805,B
seed7022,805,rng5806,A
seed7022,806,rng5807,B
seed7022,807,rng5808,A
seed7022,808,rng5809,B
seed7022,809,rng5810,A
seed7022,810,rng5811,B
seed7022,811,rng5812,A
seed7022,812,rng5813,B
seed7022,813,rng5814,A
seed7022,814,rng5815,B
seed7022,815,rng5816,A
seed7022,816,rng5817,B
seed7022,817,rng5818,A
seed7022,818,rng5819,B
seed7022,819,rng5820,A
seed7022,820,rng5821,B
seed7022,821,rng5822,A
seed7022,822,rng5824,B
seed7022,823,rng5825,A
seed7022,824,rng5826,B
seed7022,825,rng5827,A
seed7022,826,rng5828,B
seed7022,827,rng5829,A
seed7022,828,rng5830,B
seed7022,829,rng5831,A
seed7022,830,rng5832,B
seed7022,831,rng5833,A
seed7022,832,rng5834,B
seed7022,833,rng5835,A
seed7022,834,rng5836,B
seed7022,835,rng5837,A
seed7022,836,rng5838,B
seed7022,837,rng5839,A
seed7022,838,rng5840,B
seed7022,839,rng5841,A
seed7022,840,rng5842,B
seed7022,841,rng5843,A
seed7022,842,rng5844,B
seed7022,843,rng5845,A
seed7022,844,rng5846,B
seed7022,845,rng5847,A
seed7022,846,rng5848,B
seed7022,847,rng5849,A
seed7022,848,rng5850,B
seed7022,849,rng5851,A
seed7022,850,rng5852,B
seed7022,851,rng5853,A
seed7022,852,rng5854,B
seed7022,853,rng5855,A
seed7022,854,rng5856,B
seed7022,855,rng5857,A
seed7022,856,rng5858,B
seed7022,857,rng5859,A
seed7022,858,rng5860,B
seed7022,859,rng5861,A
seed7022,860,rng5862,B
seed7022,861,rng5863,A
seed7022,862,rng5864,B
seed7022,863,rng5865,A
seed7022,864,rng5866,B
seed7022,865,rng5867,A
seed7022,866,rng5868,B
seed7022,867,rng5869,A
seed7022,868,rng5870,B
seed7022,869,rng5871,A
seed7022,870,rng5872,B
seed7022,871,rng5873,A
seed7022,872,rng5874,B
seed7022,873,rng5875,A
seed7022,874,rng5876,B
seed7022,875,rng5877,A
seed7022,876,rng5878,B
seed7022,877,rng5879,A
seed7022,878,rng5880,B
seed7022,879,rng5881,A
seed7022,880,rng5882,B
seed7022,881,rng5883,A
seed7022,882,rng5884,B
seed7022,883,rng5885,A
seed7022,884,rng5886,B
seed7022,885,rng5887,A
seed7022,886,rng5888,B
seed7022,887,rng5889,A
seed7022,888,rng5890,B
seed7022,889,rng5891,A
seed7022,890,rng5892,B
seed7022,891,rng5893,A
seed7022,892,rng5894,B
seed7022,893,rng5895,A
seed7022,894,rng5896,B
seed7022,895,rng5897,A
seed7022,896,rng5898,B
seed7022,897,rng5899,A
seed7022,898,rng5900,B
seed7022,899,rng5901,A
seed7022,900,rng5902,B
seed7022,901,rng5903,A
seed7022,902,rng5904,B
seed7022,903,rng5905,A
seed7022,904,rng5906,B
seed7022,905,rng5907,A
seed7022,906,rng5908,B
seed7022,907,rng5909,A
seed7022,908,rng5910,B
seed7022,909,rng5911,A
seed7022,910,rng5912,B
seed7022,911,rng5913,A
seed7022,912,rng5914,B
seed7022,913,rng5915,A
seed7022,914,rng5916,B
seed7022,915,rng5917,A
seed7022,916,rng5918,B
seed7022,917,rng5919,A
seed7022,918,rng5920,B
seed7022,919,rng5921,A
seed7022,920,rng5922,B
seed7022,921,rng5923,A
seed7022,922,rng5924,B
seed7022,923,rng5925,A
seed7022,924,rng5926,B
seed7022,925,rng5927,A
seed7022,926,rng5928,B
seed7022,927,rng5929,A
seed7022,928,rng5930,B
seed7022,929,rng5931,A
seed7022,930,rng5932,B
seed7022,931,rng5933,A
seed7022,932,rng5934,B
seed7022,933,rng5935,A
seed7022,934,rng5936,B
seed7022,935,rng5937,A
seed7022,936,rng5938,B
seed7022,937,rng5939,A
seed7022,938,rng5940,B
seed7022,939,rng5941,A
seed7022,940,rng5942,B
seed7022,941,rng5943,A
seed7022,942,rng5944,B
seed7022,943,rng5945,A
seed7022,944,rng5946,B
seed7022,945,rng5947,A
seed7022,946,rng5948,B
seed7022,947,rng5949,A
seed7022,948,rng5950,B
seed7022,949,rng5951,A
seed7022,950,rng5952,B
seed7022,951,rng5953,A
seed7022,952,rng5954,B
seed7022,953,rng5955,A
seed7022,954,rng5956,B
seed7022,955,rng5957,A
seed7022,956,rng5958,B
seed7022,957,rng5959,A
seed7022,958,rng5960,B
seed7022,959,rng5961,A
seed7022,960,rng5962,B
seed7022,961,rng5963,A
seed7022,962,rng5964,B
seed7022,963,rng5965,A
seed7022,964,rng5966,B
seed7022,965,rng5967,A
seed7022,966,rng5968,B
seed7022,967,rng5969,A
seed7022,968,rng5970,B
seed7022,969,rng5971,A
seed7022,970,rng5972,B
seed7022,971,rng5973,A
seed7022,972,rng5974,B
seed7022,973,rng5975,A
seed7022,974,rng5976,B
seed7022,975,rng5977,A
seed7022,976,rng5978,B
seed7022,977,rng5979,A
seed7022,978,rng5980,B
seed7022,979,rng5981,A
seed7022,980,rng5982,B
seed7022,981,rng5983,A
seed7022,982,rng5984,B
seed7022,983,rng5985,A
seed7022,984,rng5986,B
seed7022,985,rng5987,A
seed7022,986,rng5988,B
seed7022,987,rng5989,A
seed7022,988,rng5990,B
seed7022,989,rng5991,A
seed7022,990,rng5992,B
seed7022,991,rng5993,A
seed7022,992,rng5994,B
seed7022,993,rng5995,A
seed7022,994,rng5996,B
seed7022,995,rng5997,A
seed7022,996,rng5998,B
seed7022,997,rng5999,A
seed7022,998,rng6000,B
seed7022,999,rng6001,A
